date,brent_crude_price,cny_lkr,covid_impact_factor,crisis_impact_factor,eur_lkr,event_encoded,gbp_lkr,gdp_per_capita,humidity,image_search,inflation_rate,inr_lkr,outlier_flag,precipitation,rub_lkr,temperature,usd_lkr,web_search,arrivals
2010-01-01,76.60238095,16.75,0.0,0.0,163.889,3812.495271533787,184.253,2808.367792,73.625,59.0,6.217648893,2.472,0,0.0,3.799,26.0,114.4,69.28571429,1141
2010-01-02,76.60238095,16.75,0.0,0.0,163.889,3827.647388880934,184.253,2808.367792,74.91666667,59.67741935,6.217648893,2.472,0,0.1,3.799,26.3,114.4,71.14285714,1180
2010-01-03,76.60238095,16.75,0.0,0.0,163.889,3827.647388880934,184.253,2808.367792,79.625,60.35483871,6.217648893,2.472,0,0.6,3.799,26.0,114.4,73.0,1184
2010-01-04,76.60238095,16.75,0.0,0.0,163.889,3792.9176458359616,182.892,2808.367792,75.625,61.03225806,6.217648893,2.474,0,0.0,3.799,25.6,114.45,72.28571429,1328
2010-01-05,76.60238095,16.76,0.0,0.0,164.951,3792.9176458359616,183.183,2808.367792,70.95833333,61.70967742,6.217648893,2.502,0,0.0,3.775,24.6,114.325,71.57142857,1688
2010-01-06,76.60238095,16.74,0.0,0.0,164.268,3792.9176458359616,182.159,2808.367792,67.25,62.38709677,6.217648893,2.501,0,0.0,3.797,24.8,114.325,70.85714286,1869
2010-01-07,76.60238095,16.75,0.0,0.0,164.788,3812.495271533787,183.366,2808.367792,71.16666667,63.06451613,6.217648893,2.516,0,0.0,3.799,25.6,114.31,70.14285714,1785
2010-01-08,76.60238095,16.75,0.0,0.0,163.647,3812.495271533787,184.138,2808.367792,79.33333333,63.74193548,6.217648893,2.527,0,0.8,3.799,25.6,114.4,69.42857143,1606
2010-01-09,76.60238095,16.75,0.0,0.0,163.647,3820.328639080082,184.138,2808.367792,87.875,64.41935484,6.217648893,2.527,0,3.2,3.799,26.0,114.4,68.71428571,1464
2010-01-10,76.60238095,16.75,0.0,0.0,163.647,3792.9176458359616,184.138,2808.367792,83.33333333,65.09677419,6.217648893,2.527,0,0.1,3.799,26.2,114.4,68.0,1596
2010-01-11,76.60238095,16.74,0.0,0.0,164.902,3827.647388880934,184.886,2808.367792,82.375,65.77419355,6.217648893,2.503,0,0.7,3.828,26.2,114.35,66.42857143,1600
2010-01-12,76.60238095,16.76,0.0,0.0,165.962,3827.647388880934,186.238,2808.367792,84.375,66.4516129,6.217648893,2.514,0,6.8,3.901,26.3,114.3,64.85714286,1492
2010-01-13,76.60238095,16.75,0.0,0.0,165.666,3820.328639080082,186.781,2808.367792,85.45833333,67.12903226,6.217648893,2.508,0,4.8,3.867,26.0,114.365,63.28571429,1512
2010-01-14,76.60238095,16.75,0.0,0.0,165.96,3827.647388880934,185.794,2808.367792,85.5,67.80645161,6.217648893,2.495,0,5.7,3.869,26.3,114.365,61.71428571,1840
2010-01-15,76.60238095,16.75,0.0,0.0,165.875,3820.328639080082,186.594,2808.367792,73.41666667,68.48387097,6.217648893,2.503,0,0.0,3.884,26.4,114.25,60.14285714,1668
2010-01-16,76.60238095,16.75,0.0,0.0,165.875,3820.328639080082,186.594,2808.367792,75.91666667,69.16129032,6.217648893,2.503,0,3.3,3.884,26.5,114.25,58.57142857,1600
2010-01-17,76.60238095,16.75,0.0,0.0,165.875,3792.9176458359616,186.594,2808.367792,78.5,69.83870968,6.217648893,2.503,0,2.7,3.884,26.5,114.25,57.0,1512
2010-01-18,76.60238095,16.72,0.0,0.0,164.343,3820.328639080082,187.028,2808.367792,77.0,70.51612903,6.217648893,2.497,0,4.5,3.867,26.2,114.25,56.42857143,1515
2010-01-19,76.60238095,16.74,0.0,0.0,164.36,3827.647388880934,186.272,2808.367792,76.375,71.19354839,6.217648893,2.494,0,4.9,3.86,26.8,114.25,55.85714286,1488
2010-01-20,76.60238095,16.74,0.0,0.0,163.383,3872.3038860037173,185.294,2808.367792,67.20833333,71.87096774,6.217648893,2.475,0,0.0,3.86,27.0,114.375,55.28571429,1686
2010-01-21,76.60238095,16.75,0.0,0.0,161.263,3827.647388880934,184.201,2808.367792,64.66666667,72.5483871,6.217648893,2.474,0,0.0,3.843,26.7,114.4,54.71428571,1710
2010-01-22,76.60238095,16.75,0.0,0.0,161.207,3827.647388880934,185.797,2808.367792,65.0,73.22580645,6.217648893,2.483,0,0.0,3.848,26.2,114.35,54.14285714,1692
2010-01-23,76.60238095,16.75,0.0,0.0,161.207,3812.495271533787,185.797,2808.367792,61.66666667,73.90322581,6.217648893,2.483,0,0.0,3.848,25.9,114.35,53.57142857,1816
2010-01-24,76.60238095,16.75,0.0,0.0,161.207,3820.328639080082,185.797,2808.367792,65.625,74.58064516,6.217648893,2.483,0,0.0,3.848,26.4,114.35,53.0,1685
2010-01-25,76.60238095,16.76,0.0,0.0,161.611,3872.3038860037173,184.884,2808.367792,67.58333333,75.25806452,6.217648893,2.498,0,0.0,3.825,27.3,114.4,55.14285714,1608
2010-01-26,76.60238095,16.78,0.0,0.0,161.882,3872.3038860037173,185.101,2808.367792,66.29166667,75.93548387,6.217648893,2.479,0,0.0,3.804,27.7,114.525,57.28571429,1684
2010-01-27,76.60238095,16.78,0.0,0.0,161.206,3820.328639080082,184.85,2808.367792,68.41666667,76.61290323,6.217648893,2.474,0,0.2,3.776,27.9,114.525,59.42857143,1692
2010-01-28,76.60238095,16.77,0.0,0.0,160.565,3827.647388880934,183.48,2808.367792,66.375,77.29032258,6.217648893,2.486,0,0.1,3.776,28.4,114.65,61.57142857,1760
2010-01-29,76.60238095,16.79,0.0,0.0,160.108,3827.647388880934,182.959,2808.367792,62.16666667,77.96774194,6.217648893,2.485,0,0.0,3.776,28.3,114.65,63.71428571,2462
2010-01-30,76.60238095,16.79,0.0,0.0,160.108,3820.328639080082,182.959,2808.367792,72.95833333,78.64516129,6.217648893,2.485,0,48.9,3.776,26.2,114.65,65.85714286,1952
2010-01-31,76.60238095,16.79,0.0,0.0,160.108,3820.328639080082,182.959,2808.367792,77.16666667,79.32258065,6.217648893,2.485,0,3.8,3.776,26.5,114.65,68.0,1942
2010-02-01,73.903,16.79,0.0,0.0,158.974,3872.3038860037173,183.25,2808.367792,80.33333333,80.0,6.217648893,2.486,0,15.7,3.776,26.4,114.65,69.42857143,1440
2010-02-02,73.903,16.79,0.0,0.0,159.702,3872.3038860037173,182.192,2808.367792,78.5,80.64285714,6.217648893,2.495,0,10.8,3.784,26.7,114.685,70.85714286,1538
2010-02-03,73.903,16.8,0.0,0.0,160.129,3820.328639080082,180.513,2808.367792,72.125,81.28571429,6.217648893,2.479,0,1.0,3.814,27.0,114.6,72.28571429,1725
2010-02-04,73.903,16.79,0.0,0.0,159.249,3792.9176458359616,179.339,2808.367792,71.08333333,81.92857143,6.217648893,2.459,0,0.0,3.821,26.9,114.6,73.71428571,2278
2010-02-05,73.903,16.79,0.0,0.0,157.363,3827.647388880934,178.897,2808.367792,65.875,82.57142857,6.217648893,2.449,0,0.0,3.798,27.2,114.7,75.14285714,2036
2010-02-06,73.903,16.79,0.0,0.0,157.363,3827.647388880934,178.897,2808.367792,64.375,83.21428571,6.217648893,2.449,0,0.0,3.798,27.4,114.7,76.57142857,2237
2010-02-07,73.903,16.79,0.0,0.0,157.363,3820.328639080082,178.897,2808.367792,60.5,83.85714286,6.217648893,2.449,0,0.0,3.798,27.4,114.7,78.0,2541
2010-02-08,73.903,16.81,0.0,0.0,156.738,3827.647388880934,180.238,2808.367792,60.625,84.5,6.217648893,2.473,0,0.0,3.773,27.3,114.7,76.57142857,2680
2010-02-09,73.903,16.81,0.0,0.0,156.617,3812.495271533787,178.815,2808.367792,68.875,85.14285714,6.217648893,2.475,0,1.1,3.759,26.4,114.75,75.14285714,2567
2010-02-10,73.903,16.81,0.0,0.0,158.223,3827.647388880934,180.111,2808.367792,70.91666667,85.78571429,6.217648893,2.477,0,2.0,3.782,28.2,114.75,73.71428571,2378
2010-02-11,73.903,16.81,0.0,0.0,157.5,3827.647388880934,179.953,2808.367792,74.375,86.42857143,6.217648893,2.471,0,0.7,3.787,27.8,114.75,72.28571429,2262
2010-02-12,73.903,16.8,0.0,0.0,157.001,3827.647388880934,179.286,2808.367792,79.04166667,87.07142857,6.217648893,2.469,0,0.7,3.809,26.8,114.7,70.85714286,2115
2010-02-13,73.903,16.8,0.0,0.0,157.001,3872.3038860037173,179.286,2808.367792,79.75,87.71428571,6.217648893,2.469,0,3.6,3.809,27.5,114.7,69.42857143,2043
2010-02-14,73.903,16.8,0.0,0.0,157.001,3820.328639080082,179.286,2808.367792,75.79166667,88.35714286,6.217648893,2.469,0,0.0,3.809,27.4,114.7,68.0,2144
2010-02-15,73.903,16.79,0.0,0.0,156.192,3872.3038860037173,180.654,2808.367792,72.29166667,89.0,6.217648893,2.49,0,0.0,3.793,28.1,114.45,70.0,2165
2010-02-16,73.903,16.74,0.0,0.0,155.646,3827.647388880934,179.159,2808.367792,70.875,89.64285714,6.217648893,2.475,0,2.4,3.785,28.2,114.425,72.0,2154
2010-02-17,73.903,16.75,0.0,0.0,157.563,3820.328639080082,178.784,2808.367792,79.79166667,90.28571429,6.217648893,2.473,0,6.9,3.816,27.6,114.3,74.0,1906
2010-02-18,73.903,16.73,0.0,0.0,155.522,3812.495271533787,177.011,2808.367792,87.79166667,90.92857143,6.217648893,2.478,0,19.9,3.796,26.7,114.4,76.0,1695
2010-02-19,73.903,16.73,0.0,0.0,155.767,3827.647388880934,177.053,2808.367792,81.08333333,91.57142857,6.217648893,2.48,0,0.1,3.807,27.4,114.4,78.0,1761
2010-02-20,73.903,16.73,0.0,0.0,155.767,3827.647388880934,177.053,2808.367792,80.45833333,92.21428571,6.217648893,2.48,0,0.9,3.807,27.5,114.4,80.0,1774
2010-02-21,73.903,16.73,0.0,0.0,155.767,3872.3038860037173,177.053,2808.367792,77.875,92.85714286,6.217648893,2.48,0,0.0,3.807,28.0,114.4,82.0,1810
2010-02-22,73.903,16.76,0.0,0.0,155.762,3872.3038860037173,176.177,2808.367792,79.04166667,93.5,6.217648893,2.47,0,0.0,3.819,27.6,114.375,80.85714286,1746
2010-02-23,73.903,16.74,0.0,0.0,155.533,3827.647388880934,176.024,2808.367792,76.41666667,94.14285714,6.217648893,2.468,0,0.0,3.809,28.1,114.3,79.71428571,1767
2010-02-24,73.903,16.75,0.0,0.0,154.391,3792.9176458359616,174.895,2808.367792,81.83333333,94.78571429,6.217648893,2.47,0,3.9,3.813,26.8,114.275,78.57142857,1711
2010-02-25,73.903,16.74,0.0,0.0,154.62,3792.9176458359616,174.809,2808.367792,74.41666667,95.42857143,6.217648893,2.486,0,0.0,3.809,27.4,114.55,77.42857143,1870
2010-02-26,73.903,16.78,0.0,0.0,155.267,3872.3038860037173,171.803,2808.367792,74.83333333,96.07142857,6.217648893,2.491,0,0.0,3.817,27.8,114.625,76.28571429,1878
2010-02-27,73.903,16.78,0.0,0.0,155.267,3827.647388880934,171.803,2808.367792,74.75,96.71428571,6.217648893,2.491,0,0.0,3.817,27.7,114.625,75.14285714,2490
2010-02-28,73.903,16.78,0.0,0.0,155.267,3812.495271533787,171.803,2808.367792,74.75,97.35714286,6.217648893,2.491,0,0.1,3.817,27.8,114.625,74.0,2589
2010-03-01,79.51913043,16.8,0.0,0.0,156.165,3812.495271533787,171.459,2808.367792,72.45833333,98.0,6.217648893,2.507,0,0.0,3.829,28.0,114.6,73.14285714,3227
2010-03-02,79.51913043,16.78,0.0,0.0,155.392,3827.647388880934,172.662,2808.367792,68.25,96.61290323,6.217648893,2.501,0,0.0,3.824,28.0,114.6,72.28571429,3344
2010-03-03,79.51913043,16.78,0.0,0.0,155.907,3872.3038860037173,171.683,2808.367792,68.16666667,95.22580645,6.217648893,2.494,0,0.0,3.821,28.0,114.3,71.42857143,3348
2010-03-04,79.51913043,16.74,0.0,0.0,156.585,3872.3038860037173,172.844,2808.367792,73.41666667,93.83870968,6.217648893,2.512,0,1.7,3.838,27.6,114.2,70.57142857,3049
2010-03-05,79.51913043,16.72,0.0,0.0,155.089,3820.328639080082,172.025,2808.367792,70.875,92.4516129,6.217648893,2.508,0,0.0,3.827,27.6,114.19,69.71428571,3038
2010-03-06,79.51913043,16.72,0.0,0.0,155.089,3792.9176458359616,172.025,2808.367792,69.08333333,91.06451613,6.217648893,2.508,0,0.0,3.827,27.1,114.19,68.85714286,3197
2010-03-07,79.51913043,16.72,0.0,0.0,155.089,3820.328639080082,172.025,2808.367792,73.04166667,89.67741935,6.217648893,2.508,0,0.0,3.827,28.5,114.19,68.0,2802
2010-03-08,79.51913043,16.74,0.0,0.0,155.55,3792.9176458359616,171.222,2808.367792,74.25,88.29032258,6.217648893,2.503,0,0.9,3.827,29.1,114.2,68.14285714,2546
2010-03-09,79.51913043,16.73,0.0,0.0,155.666,3812.495271533787,170.899,2808.367792,70.45833333,86.90322581,6.217648893,2.512,0,0.1,3.839,29.2,114.125,68.28571429,2579
2010-03-10,79.51913043,16.71,0.0,0.0,155.227,3872.3038860037173,171.707,2808.367792,70.125,85.51612903,6.217648893,2.505,0,0.0,3.837,29.1,114.1,68.42857143,2525
2010-03-11,79.51913043,16.72,0.0,0.0,155.827,3820.328639080082,173.073,2808.367792,68.91666667,84.12903226,6.217648893,2.507,0,0.2,3.855,29.3,114.0,68.57142857,2316
2010-03-12,79.51913043,16.7,0.0,0.0,155.923,3872.3038860037173,171.674,2808.367792,73.875,82.74193548,6.217648893,2.503,0,6.6,3.871,28.6,113.98,68.71428571,2010
2010-03-13,79.51913043,16.7,0.0,0.0,155.923,3820.328639080082,171.674,2808.367792,77.29166667,81.35483871,6.217648893,2.503,0,4.4,3.871,28.3,113.98,68.85714286,2254
2010-03-14,79.51913043,16.7,0.0,0.0,155.923,3827.647388880934,171.674,2808.367792,78.75,79.96774194,6.217648893,2.503,0,1.1,3.871,28.2,113.98,69.0,1619
2010-03-15,79.51913043,16.69,0.0,0.0,156.865,3872.3038860037173,174.102,2808.367792,77.0,78.58064516,6.217648893,2.508,0,0.2,3.894,28.3,114.05,71.57142857,1494
2010-03-16,79.51913043,16.71,0.0,0.0,155.975,3827.647388880934,174.819,2808.367792,78.95833333,77.19354839,6.217648893,2.514,0,0.3,3.873,28.2,114.15,74.14285714,1340
2010-03-17,79.51913043,16.72,0.0,0.0,157.242,3872.3038860037173,173.892,2808.367792,72.375,75.80645161,6.217648893,2.508,0,0.0,3.891,28.6,114.115,76.71428571,1345
2010-03-18,79.51913043,16.71,0.0,0.0,156.771,3812.495271533787,171.332,2808.367792,72.125,74.41935484,6.217648893,2.509,0,2.2,3.916,28.1,114.05,79.28571429,1201
2010-03-19,79.51913043,16.69,0.0,0.0,155.177,3792.9176458359616,172.295,2808.367792,74.54166667,73.03225806,6.217648893,2.509,0,0.5,3.903,28.2,114.05,81.85714286,1024
2010-03-20,79.51913043,16.69,0.0,0.0,155.177,3812.495271533787,172.295,2808.367792,69.45833333,71.64516129,6.217648893,2.509,0,0.0,3.903,29.2,114.05,84.42857143,985
2010-03-21,79.51913043,16.69,0.0,0.0,155.177,3820.328639080082,172.295,2808.367792,71.25,70.25806452,6.217648893,2.509,0,0.3,3.903,29.2,114.05,87.0,892
2010-03-22,79.51913043,16.7,0.0,0.0,154.355,3820.328639080082,171.6,2808.367792,71.25,68.87096774,6.217648893,2.51,0,0.6,3.887,28.8,114.125,84.42857143,825
2010-03-23,79.51913043,16.73,0.0,0.0,154.685,3812.495271533787,169.604,2808.367792,76.91666667,67.48387097,6.217648893,2.51,0,3.1,3.866,28.3,114.05,81.85714286,732
2010-03-24,79.51913043,16.7,0.0,0.0,154.024,3812.495271533787,169.05,2808.367792,78.25,66.09677419,6.217648893,2.512,0,1.9,3.859,27.9,114.05,79.28571429,685
2010-03-25,79.51913043,16.72,0.0,0.0,151.863,3872.3038860037173,170.082,2808.367792,73.5,64.70967742,6.217648893,2.529,0,0.4,3.848,29.0,114.13,76.71428571,650
2010-03-26,79.51913043,16.72,0.0,0.0,151.514,3820.328639080082,171.064,2808.367792,76.79166667,63.32258065,6.217648893,2.542,0,10.9,3.863,28.5,114.13,74.14285714,580
2010-03-27,79.51913043,16.72,0.0,0.0,151.514,3827.647388880934,171.064,2808.367792,84.91666667,61.93548387,6.217648893,2.542,0,4.7,3.863,27.5,114.13,71.57142857,527
2010-03-28,79.51913043,16.72,0.0,0.0,151.514,3812.495271533787,171.064,2808.367792,82.125,60.5483871,6.217648893,2.542,0,4.5,3.863,27.9,114.13,69.0,524
2010-03-29,79.51913043,16.72,0.0,0.0,153.082,3812.495271533787,171.902,2808.367792,79.58333333,59.16129032,6.217648893,2.533,0,0.9,3.851,28.3,114.13,71.85714286,667
2010-03-30,79.51913043,16.71,0.0,0.0,153.841,3820.328639080082,173.174,2808.367792,82.125,57.77419355,6.217648893,2.544,0,4.8,3.867,27.7,114.05,74.71428571,519
2010-03-31,79.51913043,16.7,0.0,0.0,152.981,3827.647388880934,174.082,2808.367792,84.625,56.38709677,6.217648893,2.54,0,10.7,3.862,27.3,114.05,77.57142857,508
2010-04-01,85.15636364,16.71,0.0,0.0,154.116,3820.328639080082,173.154,2808.367792,86.0,55.0,6.217648893,2.543,0,7.4,3.88,27.4,113.85,80.42857143,764
2010-04-02,85.15636364,16.67,0.0,0.0,154.642,3827.647388880934,174.017,2808.367792,81.5,55.96666667,6.217648893,2.564,0,2.4,3.879,28.4,113.85,83.28571429,1037
2010-04-03,85.15636364,16.67,0.0,0.0,154.642,3872.3038860037173,174.017,2808.367792,81.91666667,56.93333333,6.217648893,2.564,0,1.5,3.879,28.2,113.85,86.14285714,895
2010-04-04,85.15636364,16.67,0.0,0.0,154.642,3820.328639080082,174.017,2808.367792,85.33333333,57.9,6.217648893,2.564,0,13.2,3.879,27.1,113.85,89.0,959
2010-04-05,85.15636364,16.68,0.0,0.0,153.743,3792.9176458359616,173.834,2808.367792,88.04166667,58.86666667,6.217648893,2.562,0,11.0,3.891,27.1,113.8,90.57142857,957
2010-04-06,85.15636364,16.68,0.0,0.0,153.459,3872.3038860037173,173.415,2808.367792,86.25,59.83333333,6.217648893,2.562,0,29.5,3.902,27.1,113.825,92.14285714,1075
2010-04-07,85.15636364,16.67,0.0,0.0,152.537,3872.3038860037173,174.039,2808.367792,85.5,60.8,6.217648893,2.567,0,14.1,3.882,27.3,113.8,93.71428571,1176
2010-04-08,85.15636364,16.68,0.0,0.0,151.832,3812.495271533787,175.127,2808.367792,83.66666667,61.76666667,6.217648893,2.578,0,0.6,3.886,27.8,113.9,95.28571429,1208
2010-04-09,85.15636364,16.7,0.0,0.0,152.188,3792.9176458359616,174.877,2808.367792,87.29166667,62.73333333,6.217648893,2.558,0,15.3,3.871,27.4,113.9,96.85714286,1207
2010-04-10,85.15636364,16.7,0.0,0.0,152.188,3872.3038860037173,174.877,2808.367792,85.66666667,63.7,6.217648893,2.558,0,10.5,3.871,27.2,113.9,98.42857143,1339
2010-04-11,85.15636364,16.7,0.0,0.0,152.188,3820.328639080082,174.877,2808.367792,86.08333333,64.66666667,6.217648893,2.558,0,7.8,3.871,27.7,113.9,100.0,1323
2010-04-12,85.15636364,16.7,0.0,0.0,153.753,3820.328639080082,174.996,2808.367792,85.20833333,65.63333333,6.217648893,2.555,0,2.8,3.909,27.9,113.8,95.85714286,1300
2010-04-13,85.15636364,16.66,0.0,0.0,154.614,3820.328639080082,176.026,2808.367792,87.04166667,66.6,6.217648893,2.574,0,1.8,3.923,27.9,113.8,91.71428571,1608
2010-04-14,85.15636364,16.67,0.0,0.0,154.933,3872.3038860037173,176.429,2808.367792,90.83333333,67.56666667,6.217648893,2.567,0,18.7,3.915,26.5,113.8,87.57142857,1668
2010-04-15,85.15636364,16.67,0.0,0.0,155.354,3812.495271533787,175.11,2808.367792,84.29166667,68.53333333,6.217648893,2.575,0,1.8,3.936,27.8,113.825,83.42857143,1321
2010-04-16,85.15636364,16.67,0.0,0.0,154.58,3827.647388880934,174.777,2808.367792,84.70833333,69.5,6.217648893,2.547,0,3.2,3.927,27.8,114.0,79.28571429,1285
2010-04-17,85.15636364,16.67,0.0,0.0,154.58,3820.328639080082,174.777,2808.367792,88.125,70.46666667,6.217648893,2.547,0,8.1,3.927,27.4,114.0,75.14285714,1247
2010-04-18,85.15636364,16.67,0.0,0.0,154.58,3820.328639080082,174.777,2808.367792,86.70833333,71.43333333,6.217648893,2.547,0,9.4,3.927,27.5,114.0,71.0,1273
2010-04-19,85.15636364,16.7,0.0,0.0,153.889,3872.3038860037173,175.065,2808.367792,87.16666667,72.4,6.217648893,2.559,0,7.1,3.925,27.3,113.95,70.28571429,1262
2010-04-20,85.15636364,16.7,0.0,0.0,153.69,3820.328639080082,175.515,2808.367792,86.45833333,73.36666667,6.217648893,2.557,0,2.7,3.907,27.9,113.9,69.57142857,1245
2010-04-21,85.15636364,16.68,0.0,0.0,153.065,3820.328639080082,175.315,2808.367792,89.375,74.33333333,6.217648893,2.558,0,6.0,3.91,27.3,113.93,68.85714286,1229
2010-04-22,85.15636364,16.69,0.0,0.0,152.524,3872.3038860037173,175.157,2808.367792,87.375,75.3,6.217648893,2.57,0,7.0,3.913,27.3,113.9,68.14285714,1262
2010-04-23,85.15636364,16.67,0.0,0.0,151.407,3872.3038860037173,176.07,2808.367792,88.0,76.26666667,6.217648893,2.566,0,15.8,3.894,27.1,113.89,67.42857143,1247
2010-04-24,85.15636364,16.67,0.0,0.0,151.407,3872.3038860037173,176.07,2808.367792,91.20833333,77.23333333,6.217648893,2.566,0,20.0,3.894,26.4,113.89,66.71428571,1263
2010-04-25,85.15636364,16.67,0.0,0.0,151.407,3792.9176458359616,176.07,2808.367792,86.58333333,78.2,6.217648893,2.566,0,8.2,3.894,27.3,113.89,66.0,1313
2010-04-26,85.15636364,16.66,0.0,0.0,152.453,3827.647388880934,173.559,2808.367792,88.0,79.16666667,6.217648893,2.562,0,10.8,3.918,27.3,113.935,68.71428571,1314
2010-04-27,85.15636364,16.7,0.0,0.0,152.621,3792.9176458359616,173.075,2808.367792,86.83333333,80.13333333,6.217648893,2.55,0,6.2,3.921,27.5,113.85,71.42857143,1378
2010-04-28,85.15636364,16.67,0.0,0.0,149.889,3792.9176458359616,174.606,2808.367792,86.58333333,81.1,6.217648893,2.559,0,5.8,3.876,27.6,113.85,74.14285714,1868
2010-04-29,85.15636364,16.66,0.0,0.0,150.447,3812.495271533787,174.008,2808.367792,84.875,82.06666667,6.217648893,2.574,0,6.9,3.876,27.8,113.95,76.85714286,1596
2010-04-30,85.15636364,16.7,0.0,0.0,150.71,3792.9176458359616,173.33,2808.367792,85.25,83.03333333,6.217648893,2.554,0,5.2,3.895,27.4,113.95,79.57142857,1681
2010-05-01,76.13238095,16.7,0.0,0.0,150.71,3872.3038860037173,173.33,2808.367792,84.70833333,84.0,6.217648893,2.554,0,9.6,3.895,27.6,113.95,82.28571429,1779
2010-05-02,76.13238095,16.7,0.0,0.0,150.71,3820.328639080082,173.33,2808.367792,84.16666667,83.58064516,6.217648893,2.554,0,6.1,3.895,28.0,113.95,85.0,1392
2010-05-03,76.13238095,16.7,0.0,0.0,151.531,3872.3038860037173,171.902,2808.367792,88.0,83.16129032,6.217648893,2.545,0,7.9,3.901,27.5,113.7,82.14285714,1354
2010-05-04,76.13238095,16.66,0.0,0.0,150.016,3812.495271533787,171.578,2808.367792,89.08333333,82.74193548,6.217648893,2.535,0,2.2,3.896,27.7,113.56,79.28571429,1312
2010-05-05,76.13238095,16.63,0.0,0.0,147.441,3872.3038860037173,167.913,2808.367792,88.25,82.32258065,6.217648893,2.499,0,1.9,3.835,27.5,113.65,76.42857143,1435
2010-05-06,76.13238095,16.65,0.0,0.0,145.585,3792.9176458359616,168.379,2808.367792,87.25,81.90322581,6.217648893,2.497,0,7.7,3.781,27.8,113.67,73.57142857,1456
2010-05-07,76.13238095,16.64,0.0,0.0,143.855,3792.9176458359616,168.792,2808.367792,86.83333333,81.48387097,6.217648893,2.535,0,9.4,3.702,27.6,113.75,70.71428571,1555
2010-05-08,76.13238095,16.64,0.0,0.0,143.855,3792.9176458359616,168.792,2808.367792,89.20833333,81.06451613,6.217648893,2.535,0,20.1,3.702,27.1,113.75,67.85714286,1573
2010-05-09,76.13238095,16.64,0.0,0.0,143.855,3827.647388880934,168.792,2808.367792,90.91666667,80.64516129,6.217648893,2.535,0,21.3,3.702,26.3,113.75,65.0,1616
2010-05-10,76.13238095,16.69,0.0,0.0,145.168,3827.647388880934,170.05,2808.367792,85.45833333,80.22580645,6.217648893,2.521,0,3.2,3.727,27.8,113.68,67.28571429,1568
2010-05-11,76.13238095,16.63,0.0,0.0,145.306,3792.9176458359616,168.56,2808.367792,84.875,79.80645161,6.217648893,2.528,0,4.0,3.732,28.1,113.7,69.57142857,1505
2010-05-12,76.13238095,16.66,0.0,0.0,143.893,3812.495271533787,166.001,2808.367792,87.79166667,79.38709677,6.217648893,2.521,0,6.5,3.766,27.8,113.7,71.85714286,1361
2010-05-13,76.13238095,16.64,0.0,0.0,143.506,3820.328639080082,165.314,2808.367792,88.5,78.96774194,6.217648893,2.511,0,6.5,3.786,27.8,113.625,74.14285714,1242
2010-05-14,76.13238095,16.23,0.0,0.0,142.361,3792.9176458359616,164.704,2808.367792,89.04166667,78.5483871,6.217648893,2.499,0,13.7,3.694,27.2,113.7,76.42857143,1214
2010-05-15,76.13238095,16.23,0.0,0.0,142.361,3872.3038860037173,164.704,2808.367792,89.41666667,78.12903226,6.217648893,2.499,0,9.3,3.694,27.4,113.7,78.71428571,1174
2010-05-16,76.13238095,16.23,0.0,0.0,142.361,3820.328639080082,164.704,2808.367792,89.5,77.70967742,6.217648893,2.499,0,5.2,3.694,26.8,113.7,81.0,1142
2010-05-17,76.13238095,16.66,0.0,0.0,140.567,3872.3038860037173,162.702,2808.367792,90.20833333,77.29032258,6.217648893,2.495,0,9.0,3.745,26.6,113.75,81.71428571,1024
2010-05-18,76.13238095,16.67,0.0,0.0,140.988,3792.9176458359616,164.354,2808.367792,90.54166667,76.87096774,6.217648893,2.452,0,9.5,3.723,26.4,113.75,82.42857143,970
2010-05-19,76.13238095,16.67,0.0,0.0,138.604,3812.495271533787,163.275,2808.367792,89.375,76.4516129,6.217648893,2.431,0,9.2,3.731,26.8,113.7,83.14285714,898
2010-05-20,76.13238095,16.65,0.0,0.0,141.335,3872.3038860037173,164.695,2808.367792,91.79166667,76.03225806,6.217648893,2.426,0,57.2,3.728,26.2,113.8,83.85714286,873
2010-05-21,76.13238095,16.68,0.0,0.0,141.88,3827.647388880934,164.111,2808.367792,91.08333333,75.61290323,6.217648893,2.423,0,18.8,3.624,26.3,113.83,84.57142857,882
2010-05-22,76.13238095,16.68,0.0,0.0,141.88,3812.495271533787,164.111,2808.367792,90.375,75.19354839,6.217648893,2.423,0,14.3,3.624,26.5,113.83,85.28571429,846
2010-05-23,76.13238095,16.68,0.0,0.0,141.88,3820.328639080082,164.111,2808.367792,89.375,74.77419355,6.217648893,2.423,0,16.8,3.624,26.5,113.83,86.0,832
2010-05-24,76.13238095,16.69,0.0,0.0,143.118,3792.9176458359616,164.14,2808.367792,87.95833333,74.35483871,6.217648893,2.395,0,13.9,3.661,26.8,113.8,84.42857143,769
2010-05-25,76.13238095,16.25,0.0,0.0,140.572,3820.328639080082,163.769,2808.367792,87.95833333,73.93548387,6.217648893,2.418,0,15.1,3.573,26.9,113.8,82.85714286,769
2010-05-26,76.13238095,16.67,0.0,0.0,140.719,3827.647388880934,166.185,2808.367792,86.91666667,73.51612903,6.217648893,2.438,0,4.7,3.618,27.7,113.95,81.28571429,743
2010-05-27,76.13238095,16.7,0.0,0.0,138.654,3792.9176458359616,164.835,2808.367792,85.08333333,73.09677419,6.217648893,2.46,0,3.0,3.654,27.6,113.95,79.71428571,907
2010-05-28,76.13238095,16.7,0.0,0.0,140.945,3812.495271533787,165.466,2808.367792,88.125,72.67741935,6.217648893,2.455,0,6.6,3.715,27.1,113.95,78.14285714,855
2010-05-29,76.13238095,16.7,0.0,0.0,140.945,3827.647388880934,165.466,2808.367792,84.91666667,72.25806452,6.217648893,2.455,0,4.3,3.715,27.2,113.95,76.57142857,730
2010-05-30,76.13238095,16.7,0.0,0.0,140.945,3820.328639080082,165.466,2808.367792,87.04166667,71.83870968,6.217648893,2.455,0,2.8,3.715,27.1,113.95,75.0,727
2010-05-31,76.13238095,16.67,0.0,0.0,139.817,3872.3038860037173,166.683,2808.367792,87.25,71.41935484,6.217648893,2.413,0,2.1,3.712,27.4,113.8,73.42857143,710
2010-06-01,75.24636364,16.66,0.0,0.0,140.036,3820.328639080082,166.419,2808.367792,86.41666667,71.0,6.217648893,2.418,0,4.1,3.686,28.1,113.8,71.85714286,1369
2010-06-02,75.24636364,16.67,0.0,0.0,139.143,3872.3038860037173,166.127,2808.367792,88.375,71.13333333,6.217648893,2.437,0,1.6,3.648,27.7,113.6,70.28571429,1451
2010-06-03,75.24636364,16.62,0.0,0.0,139.171,3827.647388880934,164.294,2808.367792,88.41666667,71.26666667,6.217648893,2.423,0,2.1,3.641,27.5,113.7,68.71428571,1483
2010-06-04,75.24636364,16.65,0.0,0.0,138.225,3792.9176458359616,164.513,2808.367792,88.5,71.4,6.217648893,2.415,0,7.4,3.653,27.2,113.6,67.14285714,1492
2010-06-05,75.24636364,16.65,0.0,0.0,138.225,3812.495271533787,164.513,2808.367792,90.125,71.53333333,6.217648893,2.415,0,25.5,3.653,26.4,113.6,65.57142857,1623
2010-06-06,75.24636364,16.65,0.0,0.0,138.225,3820.328639080082,164.513,2808.367792,89.5,71.66666667,6.217648893,2.415,0,20.2,3.653,26.2,113.6,64.0,1758
2010-06-07,75.24636364,16.63,0.0,0.0,136.047,3820.328639080082,164.547,2808.367792,84.70833333,71.8,6.217648893,2.427,0,17.4,3.602,27.0,113.7,64.14285714,1893
2010-06-08,75.24636364,16.66,0.0,0.0,135.474,3827.647388880934,165.14,2808.367792,84.75,71.93333333,6.217648893,2.416,0,10.7,3.582,27.3,113.7,64.28571429,1950
2010-06-09,75.24636364,16.65,0.0,0.0,136.15,3827.647388880934,167.06,2808.367792,87.45833333,72.06666667,6.217648893,2.429,0,13.8,3.574,26.5,113.6,64.42857143,2025
2010-06-10,75.24636364,16.63,0.0,0.0,136.144,3792.9176458359616,165.102,2808.367792,90.625,72.2,6.217648893,2.427,0,48.9,3.59,25.9,113.615,64.57142857,1930
2010-06-11,75.24636364,16.65,0.0,0.0,137.577,3792.9176458359616,167.437,2808.367792,88.66666667,72.33333333,6.217648893,2.443,0,13.0,3.589,26.5,113.515,64.71428571,1915
2010-06-12,75.24636364,16.65,0.0,0.0,137.577,3812.495271533787,167.437,2808.367792,88.25,72.46666667,6.217648893,2.443,0,13.5,3.589,26.5,113.515,64.85714286,1915
2010-06-13,75.24636364,16.65,0.0,0.0,137.577,3827.647388880934,167.437,2808.367792,89.45833333,72.6,6.217648893,2.443,0,8.6,3.589,26.3,113.515,65.0,1872
2010-06-14,75.24636364,16.61,0.0,0.0,137.5,3792.9176458359616,168.106,2808.367792,87.70833333,72.73333333,6.217648893,2.45,0,10.0,3.594,26.5,113.57,66.71428571,1780
2010-06-15,75.24636364,16.63,0.0,0.0,138.766,2673.6114982578397,167.095,2808.367792,87.83333333,72.86666667,6.217648893,2.443,0,4.6,3.614,26.9,113.57,68.42857143,1359
2010-06-16,75.24636364,16.63,0.0,0.0,139.958,2855.3754355400697,168.267,2808.367792,87.0,73.0,6.217648893,2.456,0,3.1,3.634,27.0,113.45,70.14285714,1384
2010-06-17,75.24636364,16.58,0.0,0.0,139.629,2671.1670538133953,168.341,2808.367792,88.33333333,73.13333333,6.217648893,2.466,0,5.8,3.636,26.4,113.525,71.85714286,1277
2010-06-18,75.24636364,16.63,0.0,0.0,140.538,2671.1670538133953,167.39,2808.367792,87.33333333,73.26666667,6.217648893,2.485,0,9.7,3.667,26.3,113.525,73.57142857,1229
2010-06-19,75.24636364,16.63,0.0,0.0,140.538,2855.3754355400697,167.39,2808.367792,87.70833333,73.4,6.217648893,2.485,0,5.7,3.667,26.5,113.525,75.28571429,1228
2010-06-20,75.24636364,16.63,0.0,0.0,140.538,2855.3754355400697,167.39,2808.367792,86.04166667,73.53333333,6.217648893,2.485,0,5.1,3.667,26.5,113.525,77.0,1231
2010-06-21,75.24636364,16.63,0.0,0.0,140.623,2673.6114982578397,168.242,2808.367792,87.83333333,73.66666667,6.217648893,2.467,0,8.4,3.663,26.5,113.5,74.85714286,1103
2010-06-22,75.24636364,16.7,0.0,0.0,139.668,2694.1670538133953,170.123,2808.367792,86.79166667,73.8,6.217648893,2.461,0,12.2,3.682,26.7,113.6,72.71428571,1057
2010-06-23,75.24636364,16.68,0.0,0.0,139.348,2694.1670538133953,169.725,2808.367792,88.41666667,73.93333333,6.217648893,2.444,0,24.9,3.675,26.3,113.65,70.57142857,1035
2010-06-24,75.24636364,16.7,0.0,0.0,139.971,2855.3754355400697,171.22,2808.367792,86.66666667,74.06666667,6.217648893,2.467,0,12.7,3.661,26.8,113.65,68.42857143,1058
2010-06-25,75.24636364,16.72,0.0,0.0,140.181,3872.3038860037173,171.597,2808.367792,82.83333333,74.2,6.217648893,2.459,0,10.6,3.658,27.4,113.65,66.28571429,1658
2010-06-26,75.24636364,16.72,0.0,0.0,140.181,3812.495271533787,171.597,2808.367792,88.70833333,74.33333333,6.217648893,2.459,0,6.8,3.658,27.1,113.65,64.14285714,1218
2010-06-27,75.24636364,16.72,0.0,0.0,140.181,3820.328639080082,171.597,2808.367792,89.29166667,74.46666667,6.217648893,2.459,0,11.1,3.658,26.8,113.65,62.0,1259
2010-06-28,75.24636364,16.75,0.0,0.0,140.665,3812.495271533787,170.986,2808.367792,90.375,74.6,6.217648893,2.442,0,25.2,3.668,25.9,113.625,61.28571429,1287
2010-06-29,75.24636364,16.72,0.0,0.0,139.52,3820.328639080082,169.777,2808.367792,86.79166667,74.73333333,6.217648893,2.445,0,30.8,3.657,26.5,113.525,60.57142857,1370
2010-06-30,75.24636364,16.69,0.0,0.0,138.291,3872.3038860037173,172.202,2808.367792,84.79166667,74.86666667,6.217648893,2.436,0,14.9,3.622,26.4,113.575,59.85714286,1521
2010-07-01,75.195,16.76,0.0,0.0,138.976,3820.328639080082,172.363,2808.367792,89.58333333,75.0,6.217648893,2.434,0,16.3,3.631,25.9,113.485,59.14285714,2861
2010-07-02,75.195,16.73,0.0,0.0,142.06,3812.495271533787,171.665,2808.367792,89.16666667,74.22580645,6.217648893,2.424,0,4.5,3.659,26.2,113.385,58.42857143,2765
2010-07-03,75.195,16.73,0.0,0.0,142.06,3820.328639080082,171.665,2808.367792,88.54166667,73.4516129,6.217648893,2.424,0,3.6,3.659,26.2,113.385,57.71428571,2843
2010-07-04,75.195,16.73,0.0,0.0,142.06,3872.3038860037173,171.665,2808.367792,88.5,72.67741935,6.217648893,2.424,0,3.9,3.659,26.1,113.385,57.0,2935
2010-07-05,75.195,16.74,0.0,0.0,142.446,3827.647388880934,171.867,2808.367792,90.91666667,71.90322581,6.217648893,2.425,0,25.0,3.648,25.7,113.4,57.57142857,2901
2010-07-06,75.195,16.73,0.0,0.0,142.209,3827.647388880934,172.221,2808.367792,87.0,71.12903226,6.217648893,2.412,0,1.4,3.64,26.5,113.425,58.14285714,3011
2010-07-07,75.195,16.71,0.0,0.0,143.205,3812.495271533787,171.96,2808.367792,84.875,70.35483871,6.217648893,2.42,0,2.3,3.658,26.8,113.4,58.71428571,3098
2010-07-08,75.195,16.73,0.0,0.0,143.292,3872.3038860037173,170.907,2808.367792,88.5,69.58064516,6.217648893,2.431,0,10.0,3.658,26.7,113.4,59.28571429,2952
2010-07-09,75.195,16.75,0.0,0.0,143.972,3792.9176458359616,170.017,2808.367792,87.16666667,68.80645161,6.217648893,2.424,0,5.1,3.68,26.5,113.45,59.85714286,2855
2010-07-10,75.195,16.75,0.0,0.0,143.972,3792.9176458359616,170.017,2808.367792,84.83333333,68.03225806,6.217648893,2.424,0,2.7,3.68,26.7,113.45,60.42857143,2891
2010-07-11,75.195,16.75,0.0,0.0,143.972,3872.3038860037173,170.017,2808.367792,83.91666667,67.25806452,6.217648893,2.424,0,2.0,3.68,26.7,113.45,61.0,2881
2010-07-12,75.195,16.76,0.0,0.0,143.367,3872.3038860037173,171.641,2808.367792,88.0,66.48387097,6.217648893,2.418,0,10.9,3.675,26.0,113.175,61.14285714,2585
2010-07-13,75.195,16.7,0.0,0.0,142.482,3812.495271533787,172.455,2808.367792,85.45833333,65.70967742,6.217648893,2.419,0,3.4,3.679,26.2,113.1,61.28571429,2433
2010-07-14,75.195,16.71,0.0,0.0,143.948,3872.3038860037173,174.516,2808.367792,87.5,64.93548387,6.217648893,2.422,0,9.3,3.693,26.2,113.0,61.42857143,2276
2010-07-15,75.195,16.67,0.0,0.0,143.973,3872.3038860037173,172.401,2808.367792,88.0,64.16129032,6.217648893,2.413,0,17.5,3.696,26.0,112.9,61.57142857,2106
2010-07-16,75.195,16.65,0.0,0.0,146.081,3872.3038860037173,171.628,2808.367792,86.66666667,63.38709677,6.217648893,2.393,0,16.8,3.72,25.8,112.75,61.71428571,1993
2010-07-17,75.195,16.65,0.0,0.0,146.081,3792.9176458359616,171.628,2808.367792,89.0,62.61290323,6.217648893,2.393,0,11.5,3.72,26.1,112.75,61.85714286,1756
2010-07-18,75.195,16.65,0.0,0.0,146.081,3872.3038860037173,171.628,2808.367792,88.33333333,61.83870968,6.217648893,2.393,0,8.1,3.72,26.6,112.75,62.0,1657
2010-07-19,75.195,16.64,0.0,0.0,145.82,3820.328639080082,172.317,2808.367792,89.08333333,61.06451613,6.217648893,2.387,0,27.0,3.696,26.0,112.75,63.14285714,1553
2010-07-20,75.195,16.65,0.0,0.0,145.904,3792.9176458359616,171.046,2808.367792,90.5,60.29032258,6.217648893,2.391,0,8.6,3.694,25.8,112.85,64.28571429,1444
2010-07-21,75.195,16.66,0.0,0.0,145.407,3792.9176458359616,172.033,2808.367792,86.70833333,59.51612903,6.217648893,2.393,0,3.2,3.701,26.7,112.775,65.42857143,1375
2010-07-22,75.195,16.63,0.0,0.0,143.867,3792.9176458359616,174.031,2808.367792,87.875,58.74193548,6.217648893,2.403,0,1.4,3.693,26.8,112.76,66.57142857,1233
2010-07-23,75.195,16.65,0.0,0.0,145.359,4561.857285074308,174.749,2808.367792,83.66666667,57.96774194,6.217648893,2.398,0,2.8,3.711,26.7,112.74,67.71428571,1388
2010-07-24,75.195,16.65,0.0,0.0,145.359,4349.403980166176,174.749,2808.367792,86.66666667,57.19354839,6.217648893,2.398,0,7.2,3.711,26.7,112.74,68.85714286,1275
2010-07-25,75.195,16.65,0.0,0.0,145.359,4205.50012904891,174.749,2808.367792,87.125,56.41935484,6.217648893,2.398,0,3.9,3.711,26.5,112.74,70.0,1507
2010-07-26,75.195,16.62,0.0,0.0,145.514,4205.408305482472,175.878,2808.367792,88.20833333,55.64516129,6.217648893,2.418,0,4.4,3.715,26.7,112.85,68.71428571,1085
2010-07-27,75.195,16.65,0.0,0.0,146.62,4365.037166085946,175.488,2808.367792,88.16666667,54.87096774,6.217648893,2.407,0,10.2,3.733,26.5,112.8,67.42857143,1139
2010-07-28,75.195,16.63,0.0,0.0,146.572,4561.857285074308,175.745,2808.367792,88.75,54.09677419,6.217648893,2.419,0,9.9,3.734,26.5,112.55,66.14285714,1138
2010-07-29,75.195,16.66,0.0,0.0,146.236,4349.403980166176,176.921,2808.367792,86.83333333,53.32258065,6.217648893,2.431,0,3.9,3.73,26.4,112.57,64.85714286,1165
2010-07-30,75.195,16.6,0.0,0.0,147.191,4561.857285074308,178.779,2808.367792,89.125,52.5483871,6.217648893,2.432,0,5.5,3.755,26.2,112.8,63.57142857,1109
2010-07-31,75.195,16.6,0.0,0.0,147.191,4205.50012904891,178.779,2808.367792,86.54166667,51.77419355,6.217648893,2.432,0,4.6,3.755,26.4,112.8,62.28571429,1129
2010-08-01,76.89181818,16.6,0.0,0.0,147.191,4349.403980166176,178.779,2808.367792,86.29166667,51.0,6.217648893,2.432,0,0.2,3.755,26.5,112.8,61.0,1720
2010-08-02,76.89181818,16.58,0.0,0.0,147.181,3827.647388880934,179.171,2808.367792,87.25,51.29032258,6.217648893,2.434,0,2.8,3.778,26.7,112.485,62.0,1488
2010-08-03,76.89181818,16.6,0.0,0.0,148.289,3872.3038860037173,178.479,2808.367792,91.16666667,51.58064516,6.217648893,2.448,0,15.6,3.764,26.1,112.34,63.0,1559
2010-08-04,76.89181818,16.6,0.0,0.0,148.603,3827.647388880934,178.575,2808.367792,89.54166667,51.87096774,6.217648893,2.438,0,3.7,3.766,26.3,112.35,64.0,1665
2010-08-05,76.89181818,16.6,0.0,0.0,147.863,3827.647388880934,179.17,2808.367792,87.70833333,52.16129032,6.217648893,2.443,0,1.8,3.772,26.7,112.35,65.0,1740
2010-08-06,76.89181818,16.59,0.0,0.0,148.156,3872.3038860037173,178.58,2808.367792,89.29166667,52.4516129,6.217648893,2.435,0,3.1,3.753,26.5,112.35,66.0,1812
2010-08-07,76.89181818,16.59,0.0,0.0,148.156,3872.3038860037173,178.58,2808.367792,88.58333333,52.74193548,6.217648893,2.435,0,2.7,3.753,26.4,112.35,67.0,1962
2010-08-08,76.89181818,16.59,0.0,0.0,148.156,3872.3038860037173,178.58,2808.367792,88.08333333,53.03225806,6.217648893,2.435,0,6.0,3.753,26.5,112.35,68.0,2055
2010-08-09,76.89181818,16.58,0.0,0.0,149.257,3872.3038860037173,178.205,2808.367792,89.375,53.32258065,6.217648893,2.422,0,15.4,3.742,26.4,112.3,68.57142857,2065
2010-08-10,76.89181818,16.58,0.0,0.0,148.573,3820.328639080082,175.463,2808.367792,84.20833333,53.61290323,6.217648893,2.405,0,2.1,3.694,26.9,112.4,69.14285714,2248
2010-08-11,76.89181818,16.55,0.0,0.0,148.121,3812.495271533787,174.884,2808.367792,84.08333333,53.90322581,6.217648893,2.402,0,1.6,3.672,27.0,112.325,69.71428571,2270
2010-08-12,76.89181818,16.52,0.0,0.0,144.175,3792.9176458359616,175.249,2808.367792,87.125,54.19354839,6.217648893,2.41,0,7.7,3.678,26.5,112.325,70.28571429,2053
2010-08-13,76.89181818,16.5,0.0,0.0,144.046,3792.9176458359616,176.125,2808.367792,89.29166667,54.48387097,6.217648893,2.403,0,19.5,3.685,25.8,112.35,70.85714286,1948
2010-08-14,76.89181818,16.5,0.0,0.0,144.046,3792.9176458359616,176.125,2808.367792,86.54166667,54.77419355,6.217648893,2.403,0,10.8,3.685,26.4,112.35,71.42857143,1948
2010-08-15,76.89181818,16.5,0.0,0.0,144.046,3812.495271533787,176.125,2808.367792,85.54166667,55.06451613,6.217648893,2.403,0,4.1,3.685,26.2,112.35,72.0,1972
2010-08-16,76.89181818,16.55,0.0,0.0,143.303,3820.328639080082,175.221,2808.367792,85.70833333,55.35483871,6.217648893,2.41,0,5.3,3.699,26.0,112.45,72.42857143,1878
2010-08-17,76.89181818,16.57,0.0,0.0,144.234,3820.328639080082,175.462,2808.367792,84.83333333,55.64516129,6.217648893,2.415,0,2.1,3.698,26.2,112.4,72.85714286,1855
2010-08-18,76.89181818,16.53,0.0,0.0,144.782,3872.3038860037173,175.255,2808.367792,85.08333333,55.93548387,6.217648893,2.416,0,1.5,3.684,26.3,112.45,73.28571429,1850
2010-08-19,76.89181818,16.53,0.0,0.0,144.588,3820.328639080082,174.441,2808.367792,85.66666667,56.22580645,6.217648893,2.409,0,1.0,3.66,26.1,112.375,73.71428571,1786
2010-08-20,76.89181818,16.55,0.0,0.0,144.076,3812.495271533787,174.421,2808.367792,90.5,56.51612903,6.217648893,2.411,0,9.4,3.669,25.8,112.3,74.14285714,1585
2010-08-21,76.89181818,16.55,0.0,0.0,144.076,3792.9176458359616,174.421,2808.367792,89.54166667,56.80645161,6.217648893,2.411,0,7.2,3.669,25.7,112.3,74.57142857,1600
2010-08-22,76.89181818,16.55,0.0,0.0,144.076,3820.328639080082,174.421,2808.367792,86.125,57.09677419,6.217648893,2.411,0,1.2,3.669,26.1,112.3,75.0,1639
2010-08-23,76.89181818,16.54,0.0,0.0,142.711,3812.495271533787,173.252,2808.367792,86.20833333,57.38709677,6.217648893,2.397,0,2.5,3.65,26.2,112.45,73.85714286,1554
2010-08-24,76.89181818,16.55,0.0,0.0,142.333,3792.9176458359616,174.071,2808.367792,85.41666667,57.67741935,6.217648893,2.4,0,5.8,3.641,26.2,112.45,72.71428571,1977
2010-08-25,76.89181818,16.57,0.0,0.0,141.985,3827.647388880934,174.891,2808.367792,86.75,57.96774194,6.217648893,2.404,0,1.7,3.664,26.1,112.58,71.57142857,1533
2010-08-26,76.89181818,16.58,0.0,0.0,142.504,3827.647388880934,174.861,2808.367792,87.125,58.25806452,6.217648893,2.407,0,3.1,3.67,26.1,112.6,70.42857143,1526
2010-08-27,76.89181818,16.58,0.0,0.0,143.227,3872.3038860037173,174.279,2808.367792,82.70833333,58.5483871,6.217648893,2.402,0,0.7,3.671,26.3,112.65,69.28571429,1639
2010-08-28,76.89181818,16.58,0.0,0.0,143.227,3820.328639080082,174.279,2808.367792,87.29166667,58.83870968,6.217648893,2.402,0,6.9,3.671,25.8,112.65,68.14285714,1619
2010-08-29,76.89181818,16.58,0.0,0.0,143.227,3820.328639080082,174.279,2808.367792,91.83333333,59.12903226,6.217648893,2.402,0,33.0,3.671,25.0,112.65,67.0,1647
2010-08-30,76.89181818,16.57,0.0,0.0,143.798,3792.9176458359616,173.094,2808.367792,88.0,59.41935484,6.217648893,2.396,0,22.0,3.658,25.2,112.7,67.0,1788
2010-08-31,76.89181818,16.57,0.0,0.0,142.734,3792.9176458359616,174.3,2808.367792,84.45833333,59.70967742,6.217648893,2.416,0,1.0,3.674,25.6,112.75,67.0,1917
2010-09-01,77.93818182,16.52,0.0,0.0,143.041,3827.647388880934,173.377,2808.367792,85.66666667,60.0,6.217648893,2.409,0,0.0,3.668,26.0,112.75,67.0,1874
2010-09-02,77.93818182,16.57,0.0,0.0,144.456,3827.647388880934,174.094,2808.367792,85.20833333,59.6,6.217648893,2.425,0,1.1,3.683,26.1,112.575,67.0,1879
2010-09-03,77.93818182,16.56,0.0,0.0,144.388,3820.328639080082,173.1,2808.367792,84.20833333,59.2,6.217648893,2.416,0,3.3,3.668,26.4,112.7,67.0,1879
2010-09-04,77.93818182,16.56,0.0,0.0,144.388,3812.495271533787,173.1,2808.367792,85.41666667,58.8,6.217648893,2.416,0,1.7,3.668,26.4,112.7,67.0,1903
2010-09-05,77.93818182,16.56,0.0,0.0,144.388,3820.328639080082,173.1,2808.367792,86.04166667,58.4,6.217648893,2.416,0,1.8,3.668,26.4,112.7,67.0,1977
2010-09-06,77.93818182,16.59,0.0,0.0,145.338,3820.328639080082,172.997,2808.367792,90.25,58.0,6.217648893,2.404,0,2.6,3.643,26.0,112.45,67.0,1956
2010-09-07,77.93818182,16.57,0.0,0.0,144.768,3792.9176458359616,174.12,2808.367792,88.0,57.6,6.217648893,2.421,0,1.9,3.659,26.3,112.61,67.0,2007
2010-09-08,77.93818182,16.57,0.0,0.0,142.817,3827.647388880934,173.437,2808.367792,88.20833333,57.2,6.217648893,2.425,0,4.9,3.64,26.6,112.535,67.0,2021
2010-09-09,77.93818182,16.62,0.0,0.0,143.178,3820.328639080082,172.555,2808.367792,90.58333333,56.8,6.217648893,2.429,0,6.0,3.637,26.1,112.41,67.0,1974
2010-09-10,77.93818182,16.63,0.0,0.0,142.716,3820.328639080082,173.526,2808.367792,90.33333333,56.4,6.217648893,2.428,0,11.4,3.664,25.7,112.41,67.0,2416
2010-09-11,77.93818182,16.63,0.0,0.0,142.716,3792.9176458359616,173.526,2808.367792,85.5,56.0,6.217648893,2.428,0,1.5,3.664,26.5,112.41,67.0,1936
2010-09-12,77.93818182,16.63,0.0,0.0,142.716,3820.328639080082,173.526,2808.367792,86.45833333,55.6,6.217648893,2.428,0,1.6,3.664,26.5,112.41,67.0,1855
2010-09-13,77.93818182,16.65,0.0,0.0,142.536,3792.9176458359616,174.669,2808.367792,87.66666667,55.2,6.217648893,2.43,0,8.4,3.672,26.2,112.46,65.85714286,1700
2010-09-14,77.93818182,16.71,0.0,0.0,144.849,3872.3038860037173,175.596,2808.367792,88.33333333,54.8,6.217648893,2.433,0,4.8,3.637,26.2,112.41,64.71428571,1719
2010-09-15,77.93818182,16.73,0.0,0.0,146.088,3872.3038860037173,175.488,2808.367792,89.125,54.4,6.217648893,2.434,0,6.3,3.585,26.0,112.41,63.57142857,1738
2010-09-16,77.93818182,16.73,0.0,0.0,146.189,3812.495271533787,175.743,2808.367792,88.33333333,54.0,6.217648893,2.452,0,5.8,3.635,26.3,112.33,62.42857143,1548
2010-09-17,77.93818182,16.73,0.0,0.0,146.911,3820.328639080082,174.72,2808.367792,86.25,53.6,6.217648893,2.458,0,1.9,3.612,27.0,112.45,61.28571429,1475
2010-09-18,77.93818182,16.73,0.0,0.0,146.911,3792.9176458359616,174.72,2808.367792,89.25,53.2,6.217648893,2.458,0,29.1,3.612,25.9,112.45,60.14285714,1417
2010-09-19,77.93818182,16.73,0.0,0.0,146.911,3827.647388880934,174.72,2808.367792,87.875,52.8,6.217648893,2.458,0,12.7,3.612,26.0,112.45,59.0,1392
2010-09-20,77.93818182,16.75,0.0,0.0,146.725,3792.9176458359616,175.427,2808.367792,87.91666667,52.4,6.217648893,2.461,0,6.1,3.616,26.3,112.36,59.14285714,1262
2010-09-21,77.93818182,16.77,0.0,0.0,146.804,3820.328639080082,175.92,2808.367792,90.41666667,52.0,6.217648893,2.464,0,8.4,3.626,25.8,112.37,59.28571429,1191
2010-09-22,77.93818182,16.76,0.0,0.0,148.913,3812.495271533787,175.988,2808.367792,89.125,51.6,6.217648893,2.47,0,11.5,3.626,25.7,112.33,59.42857143,1519
2010-09-23,77.93818182,16.72,0.0,0.0,150.534,3827.647388880934,177.217,2808.367792,89.20833333,51.2,6.217648893,2.483,0,22.1,3.65,25.3,112.33,59.57142857,1164
2010-09-24,77.93818182,16.7,0.0,0.0,149.528,3812.495271533787,176.894,2808.367792,91.29166667,50.8,6.217648893,2.483,0,32.7,3.656,25.0,112.01,59.71428571,1053
2010-09-25,77.93818182,16.7,0.0,0.0,149.528,3812.495271533787,176.894,2808.367792,86.375,50.4,6.217648893,2.483,0,16.5,3.656,25.9,112.01,59.85714286,1070
2010-09-26,77.93818182,16.7,0.0,0.0,149.528,3812.495271533787,176.894,2808.367792,87.75,50.0,6.217648893,2.483,0,4.8,3.656,26.1,112.01,60.0,1032
2010-09-27,77.93818182,16.7,0.0,0.0,151.113,3827.647388880934,176.554,2808.367792,89.75,49.6,6.217648893,2.484,0,16.5,3.672,25.6,111.76,59.28571429,1015
2010-09-28,77.93818182,16.71,0.0,0.0,150.362,3872.3038860037173,176.327,2808.367792,89.95833333,49.2,6.217648893,2.497,0,15.2,3.67,25.3,111.75,58.57142857,1042
2010-09-29,77.93818182,16.69,0.0,0.0,151.768,3827.647388880934,175.53,2808.367792,89.125,48.8,6.217648893,2.506,0,16.1,3.647,24.6,111.67,57.85714286,1150
2010-09-30,77.93818182,16.74,0.0,0.0,152.195,3820.328639080082,176.84,2808.367792,86.29166667,48.4,6.217648893,2.519,0,8.3,3.667,25.0,111.71,57.14285714,1175
2010-10-01,83.33857143,16.69,0.0,0.0,152.294,3827.647388880934,176.702,2808.367792,88.0,48.0,6.217648893,2.505,0,19.5,3.666,25.8,111.8,56.42857143,1254
2010-10-02,83.33857143,16.69,0.0,0.0,152.294,3872.3038860037173,176.702,2808.367792,93.70833333,48.4516129,6.217648893,2.505,0,77.7,3.666,24.7,111.8,55.71428571,1289
2010-10-03,83.33857143,16.69,0.0,0.0,152.294,3827.647388880934,176.702,2808.367792,89.83333333,48.90322581,6.217648893,2.505,0,24.2,3.666,25.6,111.8,55.0,1367
2010-10-04,83.33857143,16.67,0.0,0.0,154.195,3812.495271533787,177.294,2808.367792,84.91666667,49.35483871,6.217648893,2.51,0,5.6,3.72,26.6,111.66,55.42857143,1415
2010-10-05,83.33857143,16.7,0.0,0.0,152.773,3827.647388880934,177.376,2808.367792,87.29166667,49.80645161,6.217648893,2.524,0,10.5,3.742,26.6,111.59,55.85714286,1439
2010-10-06,83.33857143,16.71,0.0,0.0,154.396,3872.3038860037173,177.388,2808.367792,87.875,50.25806452,6.217648893,2.528,0,9.8,3.752,26.3,111.61,56.28571429,1580
2010-10-07,83.33857143,16.75,0.0,0.0,155.556,3820.328639080082,178.191,2808.367792,87.41666667,50.70967742,6.217648893,2.513,0,10.5,3.737,26.3,111.73,56.71428571,1674
2010-10-08,83.33857143,16.78,0.0,0.0,155.606,3792.9176458359616,177.481,2808.367792,88.45833333,51.16129032,6.217648893,2.517,0,12.6,3.739,26.2,111.61,57.14285714,1684
2010-10-09,83.33857143,16.78,0.0,0.0,155.606,3827.647388880934,177.481,2808.367792,88.375,51.61290323,6.217648893,2.517,0,11.0,3.739,26.1,111.61,57.57142857,1786
2010-10-10,83.33857143,16.78,0.0,0.0,155.606,3812.495271533787,177.481,2808.367792,85.54166667,52.06451613,6.217648893,2.517,0,3.1,3.739,26.9,111.61,58.0,1826
2010-10-11,83.33857143,16.72,0.0,0.0,155.618,3872.3038860037173,176.591,2808.367792,86.41666667,52.51612903,6.217648893,2.51,0,2.8,3.708,26.7,111.75,58.57142857,1854
2010-10-12,83.33857143,16.75,0.0,0.0,155.048,3827.647388880934,177.591,2808.367792,86.29166667,52.96774194,6.217648893,2.518,0,2.4,3.71,26.7,111.71,59.14285714,1825
2010-10-13,83.33857143,16.81,0.0,0.0,155.573,3792.9176458359616,178.837,2808.367792,80.20833333,53.41935484,6.217648893,2.533,0,0.1,3.716,26.8,111.71,59.71428571,1971
2010-10-14,83.33857143,16.85,0.0,0.0,155.981,3820.328639080082,178.796,2808.367792,79.33333333,53.87096774,6.217648893,2.537,0,1.1,3.686,26.7,111.71,60.28571429,2007
2010-10-15,83.33857143,16.8,0.0,0.0,157.298,3820.328639080082,177.376,2808.367792,78.45833333,54.32258065,6.217648893,2.523,0,0.0,3.674,26.7,111.8,60.85714286,1998
2010-10-16,83.33857143,16.8,0.0,0.0,157.298,3812.495271533787,177.376,2808.367792,83.25,54.77419355,6.217648893,2.523,0,2.4,3.674,26.6,111.8,61.42857143,1842
2010-10-17,83.33857143,16.8,0.0,0.0,157.298,3872.3038860037173,177.376,2808.367792,85.75,55.22580645,6.217648893,2.523,0,6.4,3.674,26.3,111.8,62.0,1792
2010-10-18,83.33857143,16.84,0.0,0.0,156.286,3820.328639080082,175.763,2808.367792,88.16666667,55.67741935,6.217648893,2.522,0,4.1,3.646,25.9,111.68,62.0,1689
2010-10-19,83.33857143,16.79,0.0,0.0,155.665,3872.3038860037173,176.979,2808.367792,85.5,56.12903226,6.217648893,2.524,0,1.3,3.637,26.5,111.84,62.0,1696
2010-10-20,83.33857143,16.83,0.0,0.0,153.623,3820.328639080082,175.515,2808.367792,81.25,56.58064516,6.217648893,2.522,0,0.1,3.654,26.1,111.68,62.0,1756
2010-10-21,83.33857143,16.77,0.0,0.0,155.961,3820.328639080082,175.129,2808.367792,81.04166667,57.03225806,6.217648893,2.508,0,0.3,3.681,26.2,111.75,62.0,1698
2010-10-22,83.33857143,16.77,0.0,0.0,155.561,3827.647388880934,175.71,2808.367792,81.83333333,57.48387097,6.217648893,2.518,0,2.4,3.684,26.3,111.65,62.0,2039
2010-10-23,83.33857143,16.77,0.0,0.0,155.561,3872.3038860037173,175.71,2808.367792,77.0,57.93548387,6.217648893,2.518,0,0.0,3.684,26.6,111.65,62.0,1725
2010-10-24,83.33857143,16.77,0.0,0.0,155.561,3820.328639080082,175.71,2808.367792,85.375,58.38709677,6.217648893,2.518,0,1.6,3.684,26.4,111.65,62.0,1513
2010-10-25,83.33857143,16.77,0.0,0.0,155.774,3820.328639080082,176.898,2808.367792,85.625,58.83870968,6.217648893,2.512,0,1.3,3.664,26.6,111.675,61.0,1490
2010-10-26,83.33857143,16.7,0.0,0.0,155.965,3872.3038860037173,175.943,2808.367792,84.54166667,59.29032258,6.217648893,2.509,0,0.9,3.632,26.6,111.65,60.0,1601
2010-10-27,83.33857143,16.71,0.0,0.0,154.764,3812.495271533787,178.01,2808.367792,87.125,59.74193548,6.217648893,2.515,0,5.7,3.641,25.8,111.54,59.0,1604
2010-10-28,83.33857143,16.72,0.0,0.0,153.585,3827.647388880934,179.092,2808.367792,90.91666667,60.19354839,6.217648893,2.519,0,16.4,3.622,25.3,111.65,58.0,1605
2010-10-29,83.33857143,16.67,0.0,0.0,155.562,3792.9176458359616,179.094,2808.367792,90.125,60.64516129,6.217648893,2.511,0,18.8,3.623,25.6,111.65,57.0,1651
2010-10-30,83.33857143,16.67,0.0,0.0,155.562,3792.9176458359616,179.094,2808.367792,90.375,61.09677419,6.217648893,2.511,0,6.5,3.623,25.7,111.65,56.0,1747
2010-10-31,83.33857143,16.67,0.0,0.0,155.562,3827.647388880934,179.094,2808.367792,89.625,61.5483871,6.217648893,2.511,0,22.6,3.623,25.2,111.65,55.0,1953
2010-11-01,85.80090909,16.73,0.0,0.0,155.752,3713.308228357009,179.217,2808.367792,88.04166667,62.0,6.217648893,2.518,0,4.5,3.63,26.1,111.675,56.71428571,2807
2010-11-02,85.80090909,16.72,0.0,0.0,155.133,3623.267131242741,179.793,2808.367792,81.33333333,61.46666667,6.217648893,2.518,0,2.4,3.622,26.6,111.7,58.42857143,2932
2010-11-03,85.80090909,16.76,0.0,0.0,156.81,3713.308228357009,181.209,2808.367792,81.08333333,60.93333333,6.217648893,2.532,0,1.6,3.664,26.7,111.7,60.14285714,3076
2010-11-04,85.80090909,16.75,0.0,0.0,157.95,3713.308228357009,180.256,2808.367792,88.70833333,60.4,6.217648893,2.536,0,7.7,3.651,25.8,111.41,61.85714286,2934
2010-11-05,85.80090909,16.68,0.0,0.0,158.202,3547.1254355400697,179.778,2808.367792,92.33333333,59.86666667,6.217648893,2.512,0,25.5,3.614,24.8,111.41,63.57142857,3621
2010-11-06,85.80090909,16.68,0.0,0.0,158.202,3623.267131242741,179.778,2808.367792,88.16666667,59.33333333,6.217648893,2.512,0,10.1,3.614,25.5,111.41,65.28571429,3094
2010-11-07,85.80090909,16.68,0.0,0.0,158.202,3713.308228357009,179.778,2808.367792,86.16666667,58.8,6.217648893,2.512,0,11.8,3.614,26.2,111.41,67.0,3285
2010-11-08,85.80090909,16.81,0.0,0.0,156.353,3827.647388880934,178.445,2808.367792,82.16666667,58.26666667,6.217648893,2.517,0,1.6,3.636,26.6,111.39,67.57142857,3567
2010-11-09,85.80090909,16.84,0.0,0.0,155.077,3872.3038860037173,180.03,2808.367792,87.16666667,57.73333333,6.217648893,2.521,0,8.0,3.639,25.9,111.615,68.14285714,3376
2010-11-10,85.80090909,16.86,0.0,0.0,153.8,3812.495271533787,179.798,2808.367792,89.83333333,57.2,6.217648893,2.506,0,25.7,3.646,25.3,111.66,68.71428571,3185
2010-11-11,85.80090909,16.8,0.0,0.0,153.923,3872.3038860037173,180.153,2808.367792,92.16666667,56.66666667,6.217648893,2.493,0,140.9,3.619,24.7,111.575,69.28571429,3120
2010-11-12,85.80090909,16.83,0.0,0.0,152.395,3820.328639080082,179.454,2808.367792,86.375,56.13333333,6.217648893,2.471,0,0.4,3.61,26.2,111.65,69.85714286,2892
2010-11-13,85.80090909,16.83,0.0,0.0,152.395,3827.647388880934,179.454,2808.367792,85.125,55.6,6.217648893,2.471,0,2.9,3.61,26.5,111.65,70.42857143,2798
2010-11-14,85.80090909,16.83,0.0,0.0,152.395,3827.647388880934,179.454,2808.367792,86.45833333,55.06666667,6.217648893,2.471,0,5.0,3.61,25.7,111.65,71.0,2710
2010-11-15,85.80090909,16.83,0.0,0.0,152.894,3872.3038860037173,177.127,2808.367792,86.08333333,54.53333333,6.217648893,2.459,0,1.7,3.577,26.2,111.715,69.14285714,2562
2010-11-16,85.80090909,16.76,0.0,0.0,151.776,3820.328639080082,177.194,2808.367792,88.125,54.0,6.217648893,2.471,0,3.7,3.556,25.6,111.46,67.28571429,2406
2010-11-17,85.80090909,16.84,0.0,0.0,150.387,3792.9176458359616,179.24,2808.367792,90.5,53.46666667,6.217648893,2.468,0,9.3,3.596,25.3,111.46,65.42857143,2692
2010-11-18,85.80090909,16.81,0.0,0.0,150.678,3872.3038860037173,178.575,2808.367792,85.70833333,52.93333333,6.217648893,2.467,0,4.8,3.588,25.8,111.7,63.57142857,2124
2010-11-19,85.80090909,16.78,0.0,0.0,152.42,3872.3038860037173,177.789,2808.367792,87.58333333,52.4,6.217648893,2.45,0,20.3,3.575,25.5,111.7,61.71428571,1987
2010-11-20,85.80090909,16.78,0.0,0.0,152.42,3827.647388880934,177.789,2808.367792,88.70833333,51.86666667,6.217648893,2.45,0,9.3,3.575,25.5,111.7,59.85714286,1861
2010-11-21,85.80090909,16.78,0.0,0.0,152.42,3820.328639080082,177.789,2808.367792,91.625,51.33333333,6.217648893,2.45,0,17.4,3.575,24.7,111.7,58.0,2234
2010-11-22,85.80090909,16.74,0.0,0.0,152.884,3820.328639080082,175.71,2808.367792,88.08333333,50.8,6.217648893,2.444,0,23.4,3.551,25.4,111.4,57.14285714,1706
2010-11-23,85.80090909,16.7,0.0,0.0,151.793,3872.3038860037173,175.489,2808.367792,90.33333333,50.26666667,6.217648893,2.433,0,55.6,3.558,24.8,111.35,56.28571429,1609
2010-11-24,85.80090909,16.74,0.0,0.0,148.897,3792.9176458359616,175.42,2808.367792,90.29166667,49.73333333,6.217648893,2.443,0,14.7,3.573,25.0,111.22,55.42857143,1458
2010-11-25,85.80090909,16.71,0.0,0.0,148.284,3872.3038860037173,173.821,2808.367792,89.70833333,49.2,6.217648893,2.433,0,8.6,3.547,25.3,111.3,54.57142857,1420
2010-11-26,85.80090909,16.74,0.0,0.0,148.736,3827.647388880934,173.567,2808.367792,90.625,48.66666667,6.217648893,2.432,0,20.3,3.549,24.9,111.47,53.71428571,1372
2010-11-27,85.80090909,16.74,0.0,0.0,148.736,3872.3038860037173,173.567,2808.367792,91.04166667,48.13333333,6.217648893,2.432,0,12.0,3.549,25.4,111.47,52.85714286,1344
2010-11-28,85.80090909,16.74,0.0,0.0,148.736,3812.495271533787,173.567,2808.367792,90.20833333,47.6,6.217648893,2.432,0,16.5,3.549,25.5,111.47,52.0,1343
2010-11-29,85.80090909,16.7,0.0,0.0,147.603,3872.3038860037173,173.216,2808.367792,89.20833333,47.06666667,6.217648893,2.432,0,11.5,3.536,25.5,111.45,53.42857143,1364
2010-11-30,85.80090909,16.68,0.0,0.0,146.222,3820.328639080082,173.779,2808.367792,88.54166667,46.53333333,6.217648893,2.455,0,18.3,3.549,25.4,111.375,54.85714286,1372
2010-12-01,91.96,16.71,0.0,0.0,144.565,3872.3038860037173,173.642,2808.367792,92.70833333,46.0,6.217648893,2.465,0,43.7,3.567,24.9,111.19,56.28571429,2634
2010-12-02,91.96,16.72,0.0,0.0,146.148,3792.9176458359616,175.561,2808.367792,90.16666667,45.93548387,6.217648893,2.478,0,30.1,3.559,25.2,111.27,57.71428571,2732
2010-12-03,91.96,16.74,0.0,0.0,147.188,3820.328639080082,174.718,2808.367792,93.20833333,45.87096774,6.217648893,2.481,0,24.2,3.565,24.4,111.28,59.14285714,2771
2010-12-04,91.96,16.74,0.0,0.0,147.188,3792.9176458359616,174.718,2808.367792,90.95833333,45.80645161,6.217648893,2.481,0,29.5,3.565,24.8,111.28,60.57142857,2935
2010-12-05,91.96,16.74,0.0,0.0,147.188,3827.647388880934,174.718,2808.367792,81.91666667,45.74193548,6.217648893,2.481,0,3.5,3.565,24.9,111.28,62.0,3581
2010-12-06,91.96,16.73,0.0,0.0,149.271,3820.328639080082,175.178,2808.367792,88.95833333,45.67741935,6.217648893,2.48,0,9.7,3.573,24.9,111.2,63.14285714,3321
2010-12-07,91.96,16.66,0.0,0.0,147.946,3827.647388880934,175.503,2808.367792,92.58333333,45.61290323,6.217648893,2.467,0,19.6,3.578,24.6,111.15,64.28571429,3252
2010-12-08,91.96,16.7,0.0,0.0,147.435,3792.9176458359616,175.063,2808.367792,91.375,45.5483871,6.217648893,2.459,0,24.7,3.587,25.2,111.05,65.42857143,3255
2010-12-09,91.96,16.65,0.0,0.0,147.236,3812.495271533787,175.451,2808.367792,91.41666667,45.48387097,6.217648893,2.466,0,47.5,3.582,24.1,111.0,66.57142857,3426
2010-12-10,91.96,16.63,0.0,0.0,147.014,3812.495271533787,175.788,2808.367792,88.95833333,45.41935484,6.217648893,2.454,0,12.3,3.612,25.3,110.915,67.71428571,3195
2010-12-11,91.96,16.63,0.0,0.0,147.014,3827.647388880934,175.788,2808.367792,88.70833333,45.35483871,6.217648893,2.454,0,4.6,3.612,25.6,110.915,68.85714286,3186
2010-12-12,91.96,16.63,0.0,0.0,147.014,3792.9176458359616,175.788,2808.367792,85.04166667,45.29032258,6.217648893,2.454,0,1.9,3.612,26.1,110.915,70.0,3190
2010-12-13,91.96,16.68,0.0,0.0,146.785,3820.328639080082,175.039,2808.367792,80.375,45.22580645,6.217648893,2.468,0,0.0,3.608,25.4,110.89,68.57142857,3387
2010-12-14,91.96,16.68,0.0,0.0,148.454,3827.647388880934,172.418,2808.367792,81.79166667,45.16129032,6.217648893,2.446,0,0.0,3.603,24.8,110.9,67.14285714,3363
2010-12-15,91.96,16.64,0.0,0.0,148.411,3872.3038860037173,173.582,2808.367792,82.04166667,45.09677419,6.217648893,2.442,0,0.8,3.617,25.6,110.94,65.71428571,3121
2010-12-16,91.96,16.71,0.0,0.0,146.568,3827.647388880934,172.694,2808.367792,88.20833333,45.03225806,6.217648893,2.461,0,7.5,3.625,25.2,111.05,64.28571429,2673
2010-12-17,91.96,16.65,0.0,0.0,146.997,3820.328639080082,172.461,2808.367792,83.75,44.96774194,6.217648893,2.451,0,0.8,3.602,25.8,111.175,62.85714286,2637
2010-12-18,91.96,16.65,0.0,0.0,146.997,3820.328639080082,172.461,2808.367792,81.54166667,44.90322581,6.217648893,2.451,0,1.3,3.602,26.0,111.175,61.42857143,2626
2010-12-19,91.96,16.65,0.0,0.0,146.997,3827.647388880934,172.461,2808.367792,76.70833333,44.83870968,6.217648893,2.451,0,0.3,3.602,26.0,111.175,60.0,2751
2010-12-20,91.96,16.71,0.0,0.0,146.606,3872.3038860037173,172.098,2808.367792,84.04166667,44.77419355,6.217648893,2.461,0,3.0,3.616,25.5,111.175,65.71428571,3009
2010-12-21,91.96,16.76,0.0,0.0,145.879,3820.328639080082,171.175,2808.367792,85.79166667,44.70967742,6.217648893,2.471,0,5.7,3.626,25.6,111.25,71.42857143,2180
2010-12-22,91.96,16.69,0.0,0.0,145.704,3872.3038860037173,171.367,2808.367792,86.25,44.64516129,6.217648893,2.464,0,10.1,3.625,24.8,111.25,77.14285714,2204
2010-12-23,91.96,16.72,0.0,0.0,145.726,3872.3038860037173,171.643,2808.367792,88.33333333,44.58064516,6.217648893,2.468,0,33.8,3.653,23.8,111.05,82.85714286,2110
2010-12-24,91.96,16.77,0.0,0.0,145.686,3792.9176458359616,171.454,2808.367792,88.66666667,44.51612903,6.217648893,2.464,0,43.1,3.665,22.8,111.15,88.57142857,2061
2010-12-25,91.96,16.77,0.0,0.0,145.686,3812.495271533787,171.454,2808.367792,91.0,44.4516129,6.217648893,2.464,0,37.8,3.665,23.6,111.15,94.28571429,2411
2010-12-26,91.96,16.77,0.0,0.0,145.686,3812.495271533787,171.454,2808.367792,82.625,44.38709677,6.217648893,2.464,0,0.0,3.665,24.6,111.15,100.0,2070
2010-12-27,91.96,16.73,0.0,0.0,145.818,3872.3038860037173,170.714,2808.367792,80.95833333,44.32258065,6.217648893,2.467,0,0.0,3.654,24.3,111.2,98.57142857,2181
2010-12-28,91.96,16.76,0.0,0.0,146.395,3812.495271533787,171.98,2808.367792,81.625,44.25806452,6.217648893,2.468,0,0.0,3.638,24.4,110.95,97.14285714,2199
2010-12-29,91.96,16.8,0.0,0.0,145.572,3792.9176458359616,171.152,2808.367792,87.95833333,44.19354839,6.217648893,2.475,0,2.0,3.627,25.0,110.955,95.71428571,2007
2010-12-30,91.96,16.8,0.0,0.0,146.688,3827.647388880934,173.091,2808.367792,88.875,44.12903226,6.217648893,2.481,0,6.8,3.627,25.0,110.95,94.28571429,2061
2010-12-31,91.96,16.84,0.0,0.0,147.413,3792.9176458359616,171.773,2808.367792,90.29166667,44.06451613,6.217648893,2.486,0,1.9,3.64,24.4,110.945,92.85714286,2098
2011-01-01,96.95238095,16.84,0.0,0.0,147.413,3812.495271533787,171.773,3224.957363,89.08333333,44.0,6.716768436,2.486,0,4.6,3.64,24.7,110.945,91.42857143,1976
2011-01-02,96.95238095,16.84,0.0,0.0,147.413,3872.3038860037173,171.773,3224.957363,88.20833333,44.25806452,6.716768436,2.486,0,10.0,3.64,24.7,110.945,90.0,2113
2011-01-03,96.95238095,16.76,0.0,0.0,148.428,3820.328639080082,172.777,3224.957363,83.125,44.51612903,6.716768436,2.468,0,2.8,3.639,25.1,110.95,90.0,2263
2011-01-04,96.95238095,16.83,0.0,0.0,148.18,3872.3038860037173,171.89,3224.957363,81.25,44.77419355,6.716768436,2.445,0,0.2,3.635,24.5,110.85,90.0,2547
2011-01-05,96.95238095,16.72,0.0,0.0,147.514,3812.495271533787,171.449,3224.957363,87.04166667,45.03225806,6.716768436,2.444,0,2.5,3.637,24.5,110.825,90.0,2427
2011-01-06,96.95238095,16.71,0.0,0.0,145.757,3812.495271533787,172.46,3224.957363,80.95833333,45.29032258,6.716768436,2.444,0,0.0,3.603,24.6,110.83,90.0,2767
2011-01-07,96.95238095,16.69,0.0,0.0,144.201,3820.328639080082,172.555,3224.957363,87.16666667,45.5483871,6.716768436,2.443,0,6.5,3.634,24.4,110.85,90.0,2523
2011-01-08,96.95238095,16.69,0.0,0.0,144.201,3827.647388880934,172.555,3224.957363,88.625,45.80645161,6.716768436,2.443,0,5.5,3.634,25.0,110.85,90.0,2527
2011-01-09,96.95238095,16.69,0.0,0.0,144.201,3820.328639080082,172.555,3224.957363,92.20833333,46.06451613,6.716768436,2.443,0,37.1,3.634,24.4,110.85,90.0,2527
2011-01-10,96.95238095,16.71,0.0,0.0,143.124,3827.647388880934,172.618,3224.957363,91.08333333,46.32258065,6.716768436,2.45,0,1.9,3.618,24.4,110.8,88.71428571,2564
2011-01-11,96.95238095,16.68,0.0,0.0,143.459,3792.9176458359616,174.52,3224.957363,86.04166667,46.58064516,6.716768436,2.46,0,0.0,3.66,24.7,110.61,87.42857143,2636
2011-01-12,96.95238095,16.75,0.0,0.0,143.494,3872.3038860037173,175.344,3224.957363,80.70833333,46.83870968,6.716768436,2.454,0,0.0,3.702,23.8,110.75,86.14285714,2937
2011-01-13,96.95238095,16.81,0.0,0.0,145.421,3812.495271533787,175.704,3224.957363,85.75,47.09677419,6.716768436,2.442,0,25.9,3.689,21.4,110.77,84.85714286,3015
2011-01-14,96.95238095,16.8,0.0,0.0,147.978,3872.3038860037173,176.046,3224.957363,82.79166667,47.35483871,6.716768436,2.437,0,0.0,3.702,23.3,110.76,83.57142857,2798
2011-01-15,96.95238095,16.8,0.0,0.0,147.978,3792.9176458359616,176.046,3224.957363,89.125,47.61290323,6.716768436,2.437,0,7.8,3.702,24.6,110.76,82.28571429,2929
2011-01-16,96.95238095,16.8,0.0,0.0,147.978,3827.647388880934,176.046,3224.957363,86.95833333,47.87096774,6.716768436,2.437,0,1.8,3.702,25.3,110.76,81.0,2288
2011-01-17,96.95238095,16.83,0.0,0.0,148.153,3820.328639080082,176.832,3224.957363,87.20833333,48.12903226,6.716768436,2.438,0,2.1,3.706,25.2,110.815,81.14285714,2163
2011-01-18,96.95238095,16.82,0.0,0.0,147.239,3812.495271533787,177.269,3224.957363,87.125,48.38709677,6.716768436,2.444,0,6.2,3.713,25.4,110.8,81.28571429,2050
2011-01-19,96.95238095,16.89,0.0,0.0,148.339,3812.495271533787,176.483,3224.957363,83.58333333,48.64516129,6.716768436,2.429,0,0.5,3.711,25.0,110.8,81.42857143,2783
2011-01-20,96.95238095,16.73,0.0,0.0,149.264,3792.9176458359616,177.688,3224.957363,76.29166667,48.90322581,6.716768436,2.433,0,0.0,3.7,24.6,110.95,81.57142857,2435
2011-01-21,96.95238095,16.85,0.0,0.0,149.495,3792.9176458359616,177.303,3224.957363,76.0,49.16129032,6.716768436,2.438,0,0.0,3.722,24.2,111.01,81.71428571,2372
2011-01-22,96.95238095,16.85,0.0,0.0,149.495,3812.495271533787,177.303,3224.957363,75.45833333,49.41935484,6.716768436,2.438,0,0.0,3.722,25.2,111.01,81.85714286,2256
2011-01-23,96.95238095,16.85,0.0,0.0,149.495,3820.328639080082,177.303,3224.957363,72.375,49.67741935,6.716768436,2.438,0,0.0,3.722,25.3,111.01,82.0,2340
2011-01-24,96.95238095,16.84,0.0,0.0,151.196,3792.9176458359616,175.56,3224.957363,71.54166667,49.93548387,6.716768436,2.426,0,0.0,3.732,25.6,110.87,83.71428571,2261
2011-01-25,96.95238095,16.8,0.0,0.0,151.232,3827.647388880934,176.203,3224.957363,73.08333333,50.19354839,6.716768436,2.436,0,2.4,3.721,25.9,110.9,85.42857143,2215
2011-01-26,96.95238095,16.89,0.0,0.0,151.856,3827.647388880934,176.45,3224.957363,81.125,50.4516129,6.716768436,2.434,0,7.2,3.75,25.8,111.085,87.14285714,1986
2011-01-27,96.95238095,16.89,0.0,0.0,151.708,3792.9176458359616,175.694,3224.957363,84.04166667,50.70967742,6.716768436,2.412,0,17.4,3.723,25.6,110.78,88.85714286,1935
2011-01-28,96.95238095,16.78,0.0,0.0,152.057,3812.495271533787,177.57,3224.957363,82.54166667,50.96774194,6.716768436,2.419,0,8.3,3.726,25.3,110.76,90.57142857,2025
2011-01-29,96.95238095,16.78,0.0,0.0,152.057,3820.328639080082,177.57,3224.957363,81.75,51.22580645,6.716768436,2.419,0,4.5,3.726,25.4,110.76,92.28571429,2157
2011-01-30,96.95238095,16.78,0.0,0.0,152.057,3827.647388880934,177.57,3224.957363,83.58333333,51.48387097,6.716768436,2.419,0,4.6,3.726,25.6,110.76,94.0,2196
2011-01-31,96.95238095,16.8,0.0,0.0,150.8,3792.9176458359616,178.811,3224.957363,85.54166667,51.74193548,6.716768436,2.437,0,2.8,3.746,25.0,110.86,91.71428571,2186
2011-02-01,104.2385,16.93,0.0,0.0,151.779,3812.495271533787,179.562,3224.957363,87.0,52.0,6.716768436,2.435,0,10.1,3.768,24.3,110.76,89.42857143,2120
2011-02-02,104.2385,16.92,0.0,0.0,153.192,3812.495271533787,178.873,3224.957363,88.75,52.14285714,6.716768436,2.433,0,6.7,3.768,23.5,110.95,87.14285714,2264
2011-02-03,104.2385,16.88,0.0,0.0,153.172,3827.647388880934,178.293,3224.957363,90.875,52.28571429,6.716768436,2.429,0,31.2,3.759,23.3,110.85,84.85714286,2289
2011-02-04,104.2385,16.88,0.0,0.0,151.144,3812.495271533787,178.418,3224.957363,86.875,52.42857143,6.716768436,2.444,0,1.9,3.778,23.4,110.71,82.57142857,3011
2011-02-05,104.2385,16.88,0.0,0.0,151.144,3827.647388880934,178.418,3224.957363,88.33333333,52.57142857,6.716768436,2.444,0,1.4,3.778,24.0,110.71,80.28571429,2436
2011-02-06,104.2385,16.88,0.0,0.0,151.144,3820.328639080082,178.418,3224.957363,87.875,52.71428571,6.716768436,2.444,0,6.0,3.778,24.9,110.71,78.0,2469
2011-02-07,104.2385,16.95,0.0,0.0,150.433,3872.3038860037173,178.323,3224.957363,90.08333333,52.85714286,6.716768436,2.453,0,36.6,3.793,24.4,110.76,79.0,2500
2011-02-08,104.2385,16.83,0.0,0.0,150.468,3827.647388880934,178.635,3224.957363,84.29166667,53.0,6.716768436,2.437,0,1.7,3.796,25.3,110.97,80.0,2658
2011-02-09,104.2385,16.87,0.0,0.0,151.241,3792.9176458359616,178.736,3224.957363,81.91666667,53.14285714,6.716768436,2.432,0,0.2,3.784,25.9,110.95,81.0,2772
2011-02-10,104.2385,16.86,0.0,0.0,152.334,3827.647388880934,177.752,3224.957363,83.25,53.28571429,6.716768436,2.435,0,1.4,3.788,25.5,111.04,82.0,2802
2011-02-11,104.2385,16.78,0.0,0.0,151.031,3827.647388880934,177.676,3224.957363,74.29166667,53.42857143,6.716768436,2.438,0,0.1,3.784,25.6,111.05,83.0,3075
2011-02-12,104.2385,16.78,0.0,0.0,151.031,3812.495271533787,177.676,3224.957363,70.58333333,53.57142857,6.716768436,2.438,0,0.0,3.784,25.5,111.05,84.0,3225
2011-02-13,104.2385,16.78,0.0,0.0,151.031,3820.328639080082,177.676,3224.957363,74.41666667,53.71428571,6.716768436,2.438,0,0.0,3.784,25.5,111.05,85.0,2985
2011-02-14,104.2385,16.8,0.0,0.0,150.44,3827.647388880934,178.612,3224.957363,80.83333333,53.85714286,6.716768436,2.434,0,0.8,3.774,25.4,110.76,82.85714286,2586
2011-02-15,104.2385,16.8,0.0,0.0,149.459,3820.328639080082,178.207,3224.957363,82.16666667,54.0,6.716768436,2.439,0,0.6,3.794,26.1,110.76,80.71428571,2332
2011-02-16,104.2385,16.83,0.0,0.0,149.416,3872.3038860037173,179.127,3224.957363,83.0,54.14285714,6.716768436,2.447,0,0.0,3.789,25.9,110.76,78.57142857,2925
2011-02-17,104.2385,16.88,0.0,0.0,150.224,3792.9176458359616,180.163,3224.957363,82.29166667,54.28571429,6.716768436,2.458,0,0.0,3.811,25.9,110.76,76.42857143,2751
2011-02-18,104.2385,16.89,0.0,0.0,150.711,3872.3038860037173,179.862,3224.957363,79.41666667,54.42857143,6.716768436,2.467,0,0.3,3.805,26.8,110.9,74.28571429,2120
2011-02-19,104.2385,16.89,0.0,0.0,150.711,3820.328639080082,179.862,3224.957363,84.66666667,54.57142857,6.716768436,2.467,0,3.3,3.805,26.4,110.9,72.14285714,1939
2011-02-20,104.2385,16.89,0.0,0.0,150.711,3872.3038860037173,179.862,3224.957363,86.54166667,54.71428571,6.716768436,2.467,0,2.7,3.805,26.0,110.9,70.0,1898
2011-02-21,104.2385,16.84,0.0,0.0,151.933,3820.328639080082,178.932,3224.957363,86.83333333,54.85714286,6.716768436,2.455,0,6.5,3.788,25.9,110.875,70.0,1828
2011-02-22,104.2385,16.83,0.0,0.0,151.638,3792.9176458359616,179.391,3224.957363,84.5,55.0,6.716768436,2.455,0,1.2,3.793,26.0,110.9,70.0,1816
2011-02-23,104.2385,16.86,0.0,0.0,151.434,3820.328639080082,178.815,3224.957363,78.54166667,55.14285714,6.716768436,2.439,0,0.3,3.813,26.8,110.66,70.0,1866
2011-02-24,104.2385,16.86,0.0,0.0,152.113,3792.9176458359616,178.553,3224.957363,79.04166667,55.28571429,6.716768436,2.447,0,0.6,3.828,26.3,110.79,70.0,1818
2011-02-25,104.2385,16.87,0.0,0.0,152.929,3872.3038860037173,180.139,3224.957363,80.04166667,55.42857143,6.716768436,2.448,0,0.4,3.839,26.4,110.775,70.0,1763
2011-02-26,104.2385,16.87,0.0,0.0,152.929,3812.495271533787,180.139,3224.957363,79.25,55.57142857,6.716768436,2.448,0,0.0,3.839,26.2,110.775,70.0,1810
2011-02-27,104.2385,16.87,0.0,0.0,152.929,3820.328639080082,180.139,3224.957363,77.83333333,55.71428571,6.716768436,2.448,0,0.0,3.839,26.4,110.775,70.0,1884
2011-02-28,104.2385,16.84,0.0,0.0,152.327,3812.495271533787,180.08,3224.957363,78.45833333,55.85714286,6.716768436,2.469,0,1.5,3.85,26.3,110.8,70.71428571,1855
2011-03-01,114.9173913,16.86,0.0,0.0,152.921,3812.495271533787,180.827,3224.957363,78.83333333,56.0,6.716768436,2.471,0,2.6,3.907,26.4,110.75,71.42857143,2409
2011-03-02,114.9173913,16.83,0.0,0.0,152.569,3820.328639080082,180.118,3224.957363,73.29166667,56.03225806,6.716768436,2.466,0,0.7,3.927,27.1,110.75,72.14285714,3270
2011-03-03,114.9173913,16.79,0.0,0.0,153.543,3820.328639080082,179.62,3224.957363,82.625,56.06451613,6.716768436,2.457,0,3.8,3.917,26.1,110.675,72.85714286,2419
2011-03-04,114.9173913,16.83,0.0,0.0,154.569,3827.647388880934,178.703,3224.957363,83.5,56.09677419,6.716768436,2.451,0,18.9,3.915,26.1,110.365,73.57142857,2473
2011-03-05,114.9173913,16.83,0.0,0.0,154.569,3872.3038860037173,178.703,3224.957363,86.54166667,56.12903226,6.716768436,2.451,0,29.9,3.915,25.9,110.365,74.28571429,2564
2011-03-06,114.9173913,16.83,0.0,0.0,154.569,3820.328639080082,178.703,3224.957363,85.375,56.16129032,6.716768436,2.451,0,3.7,3.915,26.0,110.365,75.0,2705
2011-03-07,114.9173913,16.75,0.0,0.0,154.34,3872.3038860037173,177.858,3224.957363,86.33333333,56.19354839,6.716768436,2.444,0,12.5,3.892,26.3,110.3,74.14285714,2734
2011-03-08,114.9173913,16.76,0.0,0.0,154.117,3827.647388880934,178.217,3224.957363,83.54166667,56.22580645,6.716768436,2.45,0,2.9,3.878,26.3,110.05,73.28571429,2949
2011-03-09,114.9173913,16.72,0.0,0.0,153.002,3872.3038860037173,176.602,3224.957363,83.41666667,56.25806452,6.716768436,2.438,0,0.0,3.842,26.2,110.0,72.42857143,3093
2011-03-10,114.9173913,16.72,0.0,0.0,152.955,3872.3038860037173,176.972,3224.957363,81.91666667,56.29032258,6.716768436,2.442,0,0.0,3.857,26.4,110.005,71.57142857,3066
2011-03-11,114.9173913,16.79,0.0,0.0,151.73,3812.495271533787,178.232,3224.957363,78.70833333,56.32258065,6.716768436,2.445,0,0.0,3.868,26.2,110.05,70.71428571,3050
2011-03-12,114.9173913,16.79,0.0,0.0,151.73,3812.495271533787,178.232,3224.957363,77.83333333,56.35483871,6.716768436,2.445,0,0.1,3.868,26.5,110.05,69.85714286,3010
2011-03-13,114.9173913,16.79,0.0,0.0,151.73,3872.3038860037173,178.232,3224.957363,83.58333333,56.38709677,6.716768436,2.445,0,3.4,3.868,26.6,110.05,69.0,2713
2011-03-14,114.9173913,16.78,0.0,0.0,153.074,3820.328639080082,177.495,3224.957363,79.54166667,56.41935484,6.716768436,2.444,0,0.7,3.845,26.8,110.2,69.42857143,2755
2011-03-15,114.9173913,16.76,0.0,0.0,154.181,3820.328639080082,176.723,3224.957363,77.16666667,56.4516129,6.716768436,2.443,0,1.0,3.834,27.4,110.41,69.85714286,2754
2011-03-16,114.9173913,16.76,0.0,0.0,154.536,3820.328639080082,178.111,3224.957363,77.5,56.48387097,6.716768436,2.444,0,0.2,3.852,27.7,110.2,70.28571429,2605
2011-03-17,114.9173913,16.82,0.0,0.0,153.206,3827.647388880934,179.343,3224.957363,72.875,56.51612903,6.716768436,2.454,0,1.1,3.876,27.9,110.35,70.71428571,2556
2011-03-18,114.9173913,16.79,0.0,0.0,154.744,3827.647388880934,180.101,3224.957363,72.5,56.5483871,6.716768436,2.454,0,0.0,3.9,27.3,110.45,71.14285714,2488
2011-03-19,114.9173913,16.79,0.0,0.0,154.744,3812.495271533787,180.101,3224.957363,76.29166667,56.58064516,6.716768436,2.454,0,0.2,3.9,27.4,110.45,71.57142857,2872
2011-03-20,114.9173913,16.79,0.0,0.0,154.744,3820.328639080082,180.101,3224.957363,79.66666667,56.61290323,6.716768436,2.454,0,5.1,3.9,27.2,110.45,72.0,2127
2011-03-21,114.9173913,16.86,0.0,0.0,156.607,3827.647388880934,180.605,3224.957363,82.54166667,56.64516129,6.716768436,2.459,0,3.4,3.917,26.8,110.4,71.71428571,1998
2011-03-22,114.9173913,16.82,0.0,0.0,157.077,3872.3038860037173,179.174,3224.957363,83.5,56.67741935,6.716768436,2.465,0,2.2,3.891,26.9,110.35,71.42857143,1968
2011-03-23,114.9173913,16.82,0.0,0.0,156.686,3812.495271533787,177.868,3224.957363,83.125,56.70967742,6.716768436,2.47,0,2.0,3.894,26.9,110.4,71.14285714,1905
2011-03-24,114.9173913,16.83,0.0,0.0,155.471,3820.328639080082,176.985,3224.957363,85.625,56.74193548,6.716768436,2.468,0,1.2,3.9,26.6,110.35,70.85714286,1772
2011-03-25,114.9173913,16.81,0.0,0.0,156.438,3812.495271533787,176.536,3224.957363,85.58333333,56.77419355,6.716768436,2.464,0,5.9,3.893,26.8,110.35,70.57142857,1715
2011-03-26,114.9173913,16.81,0.0,0.0,156.438,3872.3038860037173,176.536,3224.957363,88.625,56.80645161,6.716768436,2.464,0,3.2,3.893,26.6,110.35,70.28571429,1708
2011-03-27,114.9173913,16.81,0.0,0.0,156.438,3872.3038860037173,176.536,3224.957363,85.95833333,56.83870968,6.716768436,2.464,0,1.2,3.893,26.9,110.35,70.0,1784
2011-03-28,114.9173913,16.82,0.0,0.0,155.416,3872.3038860037173,176.738,3224.957363,87.08333333,56.87096774,6.716768436,2.47,0,2.4,3.89,26.5,110.4,71.42857143,1777
2011-03-29,114.9173913,16.82,0.0,0.0,155.476,3820.328639080082,177.432,3224.957363,85.08333333,56.90322581,6.716768436,2.473,0,6.1,3.873,26.8,110.375,72.85714286,1869
2011-03-30,114.9173913,16.87,0.0,0.0,155.745,3820.328639080082,176.996,3224.957363,85.29166667,56.93548387,6.716768436,2.479,0,3.0,3.887,27.0,110.35,74.28571429,1926
2011-03-31,114.9173913,16.83,0.0,0.0,155.886,3827.647388880934,177.813,3224.957363,80.70833333,56.96774194,6.716768436,2.486,0,0.3,3.897,27.2,110.395,75.71428571,2096
2011-04-01,123.3257143,16.88,0.0,0.0,156.402,3792.9176458359616,178.042,3224.957363,78.375,57.0,6.716768436,2.487,0,1.2,3.909,27.4,110.35,77.14285714,2189
2011-04-02,123.3257143,16.88,0.0,0.0,156.402,3812.495271533787,178.042,3224.957363,81.125,56.93333333,6.716768436,2.487,0,2.1,3.909,27.2,110.35,78.57142857,2190
2011-04-03,123.3257143,16.88,0.0,0.0,156.402,3820.328639080082,178.042,3224.957363,79.70833333,56.86666667,6.716768436,2.487,0,1.8,3.909,27.3,110.35,80.0,2317
2011-04-04,123.3257143,16.87,0.0,0.0,157.039,3827.647388880934,179.81,3224.957363,83.54166667,56.8,6.716768436,2.49,0,3.1,3.892,26.9,110.4,82.0,2309
2011-04-05,123.3257143,16.84,0.0,0.0,156.995,3827.647388880934,179.979,3224.957363,84.66666667,56.73333333,6.716768436,2.501,0,5.5,3.912,26.7,110.35,84.0,2383
2011-04-06,123.3257143,16.89,0.0,0.0,156.94,3812.495271533787,180.116,3224.957363,80.29166667,56.66666667,6.716768436,2.497,0,1.7,3.906,27.0,110.21,86.0,2631
2011-04-07,123.3257143,16.89,0.0,0.0,157.936,3872.3038860037173,180.885,3224.957363,78.58333333,56.6,6.716768436,2.505,0,4.8,3.951,26.9,110.365,88.0,2763
2011-04-08,123.3257143,16.87,0.0,0.0,157.861,3812.495271533787,180.272,3224.957363,79.95833333,56.53333333,6.716768436,2.485,0,0.1,3.937,27.3,110.4,90.0,2630
2011-04-09,123.3257143,16.87,0.0,0.0,157.861,3872.3038860037173,180.272,3224.957363,81.875,56.46666667,6.716768436,2.485,0,4.0,3.937,27.0,110.4,92.0,2694
2011-04-10,123.3257143,16.87,0.0,0.0,157.861,3812.495271533787,180.272,3224.957363,80.0,56.4,6.716768436,2.485,0,5.1,3.937,27.1,110.4,94.0,2733
2011-04-11,123.3257143,16.88,0.0,0.0,159.87,3820.328639080082,179.478,3224.957363,82.20833333,56.33333333,6.716768436,2.497,0,23.0,3.926,26.9,110.275,92.14285714,2677
2011-04-12,123.3257143,16.9,0.0,0.0,159.22,3792.9176458359616,179.61,3224.957363,86.16666667,56.26666667,6.716768436,2.48,0,31.9,3.926,25.8,110.4,90.28571429,2551
2011-04-13,123.3257143,16.91,0.0,0.0,159.815,3792.9176458359616,180.488,3224.957363,85.66666667,56.2,6.716768436,2.481,0,19.4,3.908,26.4,110.4,88.42857143,3127
2011-04-14,123.3257143,16.9,0.0,0.0,159.428,3820.328639080082,180.201,3224.957363,84.75,56.13333333,6.716768436,2.494,0,3.2,3.929,26.6,110.4,86.57142857,2947
2011-04-15,123.3257143,16.9,0.0,0.0,159.925,3827.647388880934,179.558,3224.957363,87.29166667,56.06666667,6.716768436,2.479,0,2.6,3.902,26.8,110.4,84.71428571,2154
2011-04-16,123.3257143,16.9,0.0,0.0,159.925,3792.9176458359616,179.558,3224.957363,86.29166667,56.0,6.716768436,2.479,0,17.2,3.902,26.5,110.4,82.85714286,2140
2011-04-17,123.3257143,16.9,0.0,0.0,159.925,3820.328639080082,179.558,3224.957363,84.625,55.93333333,6.716768436,2.479,0,3.0,3.902,26.8,110.4,81.0,2652
2011-04-18,123.3257143,16.89,0.0,0.0,159.329,3820.328639080082,180.105,3224.957363,86.79166667,55.86666667,6.716768436,2.481,0,9.1,3.905,26.3,110.375,79.28571429,1934
2011-04-19,123.3257143,16.91,0.0,0.0,157.108,3820.328639080082,180.936,3224.957363,89.0,55.8,6.716768436,2.491,0,10.0,3.932,26.2,110.375,77.57142857,1744
2011-04-20,123.3257143,16.97,0.0,0.0,158.25,3792.9176458359616,181.998,3224.957363,87.25,55.73333333,6.716768436,2.483,0,10.0,3.937,26.3,110.3,75.85714286,1737
2011-04-21,123.3257143,16.97,0.0,0.0,160.139,3812.495271533787,181.899,3224.957363,84.5,55.66666667,6.716768436,2.493,0,2.4,3.939,26.8,110.175,74.14285714,1718
2011-04-22,123.3257143,17.0,0.0,0.0,160.332,3872.3038860037173,181.828,3224.957363,88.41666667,55.6,6.716768436,2.479,0,16.0,3.955,26.1,110.175,72.42857143,2015
2011-04-23,123.3257143,17.0,0.0,0.0,160.332,3792.9176458359616,181.828,3224.957363,92.20833333,55.53333333,6.716768436,2.479,0,19.5,3.955,25.4,110.175,70.71428571,1505
2011-04-24,123.3257143,17.0,0.0,0.0,160.332,3820.328639080082,181.828,3224.957363,87.95833333,55.46666667,6.716768436,2.479,0,17.0,3.955,26.3,110.175,69.0,1513
2011-04-25,123.3257143,16.86,0.0,0.0,160.37,3820.328639080082,181.607,3224.957363,89.54166667,55.4,6.716768436,2.476,0,7.8,3.97,25.8,110.185,69.71428571,1437
2011-04-26,123.3257143,16.92,0.0,0.0,160.672,3827.647388880934,183.063,3224.957363,90.16666667,55.33333333,6.716768436,2.483,0,12.5,3.974,26.1,110.175,70.42857143,1417
2011-04-27,123.3257143,16.85,0.0,0.0,161.329,3827.647388880934,182.437,3224.957363,90.20833333,55.26666667,6.716768436,2.476,0,13.8,3.985,26.3,110.1,71.14285714,1418
2011-04-28,123.3257143,16.93,0.0,0.0,162.706,3827.647388880934,183.571,3224.957363,90.75,55.2,6.716768436,2.483,0,15.0,4.014,26.1,109.7,71.85714286,1423
2011-04-29,123.3257143,16.91,0.0,0.0,162.619,3872.3038860037173,183.0,3224.957363,87.16666667,55.13333333,6.716768436,2.482,0,3.7,4.012,27.4,109.9,72.57142857,1427
2011-04-30,123.3257143,16.91,0.0,0.0,162.619,3812.495271533787,183.0,3224.957363,89.58333333,55.06666667,6.716768436,2.482,0,7.6,4.012,26.8,109.9,73.28571429,1460
2011-05-01,114.9295455,16.91,0.0,0.0,162.619,3820.328639080082,183.0,3224.957363,90.33333333,55.0,6.716768436,2.482,0,7.2,4.012,26.3,109.9,74.0,2540
2011-05-02,114.9295455,16.88,0.0,0.0,162.674,3820.328639080082,180.995,3224.957363,89.58333333,54.4516129,6.716768436,2.469,0,12.6,4.013,26.2,109.9,75.57142857,1991
2011-05-03,114.9295455,16.89,0.0,0.0,162.933,3812.495271533787,180.984,3224.957363,86.54166667,53.90322581,6.716768436,2.474,0,4.3,4.039,27.0,109.8,77.14285714,1992
2011-05-04,114.9295455,16.89,0.0,0.0,162.795,3792.9176458359616,179.787,3224.957363,88.54166667,53.35483871,6.716768436,2.451,0,2.0,4.002,27.3,109.74,78.71428571,1993
2011-05-05,114.9295455,16.92,0.0,0.0,162.684,3827.647388880934,179.708,3224.957363,89.66666667,52.80645161,6.716768436,2.454,0,11.8,3.966,27.1,109.7,80.28571429,2083
2011-05-06,114.9295455,16.89,0.0,0.0,159.52,3872.3038860037173,180.053,3224.957363,88.29166667,52.25806452,6.716768436,2.456,0,5.1,3.947,26.9,109.775,81.85714286,2121
2011-05-07,114.9295455,16.89,0.0,0.0,159.52,3820.328639080082,180.053,3224.957363,87.04166667,51.70967742,6.716768436,2.456,0,5.9,3.947,27.5,109.775,83.42857143,2146
2011-05-08,114.9295455,16.89,0.0,0.0,159.52,3792.9176458359616,180.053,3224.957363,86.58333333,51.16129032,6.716768436,2.456,0,4.4,3.947,27.7,109.775,85.0,2153
2011-05-09,114.9295455,16.89,0.0,0.0,157.094,3827.647388880934,179.587,3224.957363,90.29166667,50.61290323,6.716768436,2.452,0,4.2,3.959,26.8,109.775,85.42857143,2012
2011-05-10,114.9295455,16.88,0.0,0.0,157.681,3872.3038860037173,179.365,3224.957363,89.29166667,50.06451613,6.716768436,2.46,0,4.6,3.959,26.6,109.725,85.85714286,2063
2011-05-11,114.9295455,16.87,0.0,0.0,158.092,3872.3038860037173,178.777,3224.957363,87.29166667,49.51612903,6.716768436,2.44,0,4.1,3.915,26.7,109.7,86.28571429,2134
2011-05-12,114.9295455,16.88,0.0,0.0,155.752,3812.495271533787,177.774,3224.957363,90.125,48.96774194,6.716768436,2.446,0,14.2,3.929,26.4,109.75,86.71428571,1859
2011-05-13,114.9295455,16.86,0.0,0.0,156.317,3820.328639080082,177.843,3224.957363,82.83333333,48.41935484,6.716768436,2.432,0,1.9,3.904,27.2,109.75,87.14285714,1901
2011-05-14,114.9295455,16.86,0.0,0.0,156.317,3872.3038860037173,177.843,3224.957363,81.91666667,47.87096774,6.716768436,2.432,0,2.4,3.904,27.1,109.75,87.57142857,1874
2011-05-15,114.9295455,16.86,0.0,0.0,156.317,3792.9176458359616,177.843,3224.957363,86.25,47.32258065,6.716768436,2.432,0,2.9,3.904,27.0,109.75,88.0,1654
2011-05-16,114.9295455,16.88,0.0,0.0,154.978,3812.495271533787,178.398,3224.957363,84.625,46.77419355,6.716768436,2.434,0,2.2,3.915,27.7,109.8,86.42857143,1487
2011-05-17,114.9295455,16.89,0.0,0.0,155.483,3820.328639080082,177.508,3224.957363,85.83333333,46.22580645,6.716768436,2.437,0,5.6,3.909,26.9,109.8,84.85714286,1838
2011-05-18,114.9295455,16.87,0.0,0.0,156.333,3792.9176458359616,178.168,3224.957363,83.41666667,45.67741935,6.716768436,2.44,0,0.4,3.932,27.2,109.8,83.28571429,1763
2011-05-19,114.9295455,16.91,0.0,0.0,156.416,3827.647388880934,178.217,3224.957363,84.54166667,45.12903226,6.716768436,2.443,0,0.8,3.9,27.2,109.75,81.71428571,1321
2011-05-20,114.9295455,16.87,0.0,0.0,157.091,3792.9176458359616,177.182,3224.957363,86.29166667,44.58064516,6.716768436,2.43,0,1.6,3.859,27.2,109.81,80.14285714,1221
2011-05-21,114.9295455,16.87,0.0,0.0,157.091,3820.328639080082,177.182,3224.957363,85.75,44.03225806,6.716768436,2.43,0,4.6,3.859,26.8,109.81,78.57142857,1214
2011-05-22,114.9295455,16.87,0.0,0.0,157.091,3820.328639080082,177.182,3224.957363,87.41666667,43.48387097,6.716768436,2.43,0,8.9,3.859,26.5,109.81,77.0,1147
2011-05-23,114.9295455,16.93,0.0,0.0,155.437,3872.3038860037173,177.962,3224.957363,84.33333333,42.93548387,6.716768436,2.432,0,6.3,3.877,27.2,109.89,76.42857143,1066
2011-05-24,114.9295455,16.94,0.0,0.0,154.411,3872.3038860037173,178.938,3224.957363,89.25,42.38709677,6.716768436,2.426,0,5.5,3.864,26.7,109.975,75.85714286,969
2011-05-25,114.9295455,16.92,0.0,0.0,155.12,3812.495271533787,180.107,3224.957363,89.08333333,41.83870968,6.716768436,2.425,0,13.3,3.9,26.2,109.95,75.28571429,939
2011-05-26,114.9295455,16.92,0.0,0.0,154.853,3792.9176458359616,181.379,3224.957363,89.70833333,41.29032258,6.716768436,2.432,0,13.3,3.927,26.3,109.875,74.71428571,876
2011-05-27,114.9295455,16.92,0.0,0.0,155.32,3872.3038860037173,180.841,3224.957363,87.95833333,40.74193548,6.716768436,2.435,0,9.1,3.913,26.5,109.87,74.14285714,893
2011-05-28,114.9295455,16.92,0.0,0.0,155.32,3792.9176458359616,180.841,3224.957363,88.58333333,40.19354839,6.716768436,2.435,0,21.1,3.913,26.3,109.87,73.57142857,890
2011-05-29,114.9295455,16.92,0.0,0.0,155.32,3792.9176458359616,180.841,3224.957363,86.5,39.64516129,6.716768436,2.435,0,6.3,3.913,26.7,109.87,73.0,914
2011-05-30,114.9295455,16.91,0.0,0.0,157.377,3827.647388880934,180.479,3224.957363,87.95833333,39.09677419,6.716768436,2.435,0,10.7,3.92,26.5,109.77,73.71428571,923
2011-05-31,114.9295455,16.94,0.0,0.0,156.79,3827.647388880934,179.105,3224.957363,87.04166667,38.5483871,6.716768436,2.446,0,15.9,3.92,26.3,109.7,74.42857143,966
2011-06-01,114.3704545,16.92,0.0,0.0,157.93,3827.647388880934,179.716,3224.957363,88.375,38.0,6.716768436,2.448,0,20.7,3.938,26.2,109.675,75.14285714,1642
2011-06-02,114.3704545,16.95,0.0,0.0,156.989,3872.3038860037173,180.273,3224.957363,81.75,38.16666667,6.716768436,2.448,0,3.3,3.948,27.2,109.75,75.85714286,1737
2011-06-03,114.3704545,16.91,0.0,0.0,159.033,3872.3038860037173,179.232,3224.957363,84.41666667,38.33333333,6.716768436,2.448,0,5.8,3.932,26.9,109.725,76.57142857,1775
2011-06-04,114.3704545,16.91,0.0,0.0,159.033,3827.647388880934,179.232,3224.957363,90.45833333,38.5,6.716768436,2.448,0,8.8,3.932,26.5,109.725,77.28571429,1735
2011-06-05,114.3704545,16.91,0.0,0.0,159.033,3827.647388880934,179.232,3224.957363,88.75,38.66666667,6.716768436,2.448,0,4.0,3.932,26.9,109.725,78.0,1861
2011-06-06,114.3704545,16.9,0.0,0.0,160.605,3812.495271533787,180.183,3224.957363,89.79166667,38.83333333,6.716768436,2.452,0,12.3,3.958,26.4,109.575,78.42857143,1914
2011-06-07,114.3704545,16.89,0.0,0.0,159.738,3812.495271533787,179.481,3224.957363,89.83333333,39.0,6.716768436,2.449,0,5.5,3.95,26.8,109.55,78.85714286,1961
2011-06-08,114.3704545,16.89,0.0,0.0,160.907,3792.9176458359616,179.126,3224.957363,89.66666667,39.16666667,6.716768436,2.447,0,4.9,3.947,26.8,109.46,79.28571429,2077
2011-06-09,114.3704545,16.88,0.0,0.0,159.565,3792.9176458359616,177.779,3224.957363,90.16666667,39.33333333,6.716768436,2.448,0,8.8,3.934,26.3,109.45,79.71428571,2111
2011-06-10,114.3704545,16.89,0.0,0.0,158.779,3792.9176458359616,179.394,3224.957363,87.5,39.5,6.716768436,2.441,0,4.1,3.92,26.8,109.5,80.14285714,2118
2011-06-11,114.3704545,16.89,0.0,0.0,158.779,3827.647388880934,179.394,3224.957363,83.625,39.66666667,6.716768436,2.441,0,2.1,3.92,27.1,109.5,80.57142857,2255
2011-06-12,114.3704545,16.89,0.0,0.0,158.779,3872.3038860037173,179.394,3224.957363,86.04166667,39.83333333,6.716768436,2.441,0,1.7,3.92,27.1,109.5,81.0,2160
2011-06-13,114.3704545,16.91,0.0,0.0,157.111,3812.495271533787,179.361,3224.957363,87.04166667,40.0,6.716768436,2.448,0,7.0,3.93,26.4,109.51,80.85714286,2018
2011-06-14,114.3704545,16.9,0.0,0.0,157.864,3827.647388880934,177.219,3224.957363,90.0,40.16666667,6.716768436,2.447,0,15.5,3.9,26.0,109.55,80.71428571,1990
2011-06-15,114.3704545,16.93,0.0,0.0,158.223,3820.328639080082,177.139,3224.957363,89.29166667,40.33333333,6.716768436,2.44,0,10.0,3.898,26.4,109.55,80.57142857,2458
2011-06-16,114.3704545,16.92,0.0,0.0,155.166,3812.495271533787,177.433,3224.957363,88.91666667,40.5,6.716768436,2.445,0,6.8,3.905,26.5,109.575,80.42857143,1781
2011-06-17,114.3704545,16.91,0.0,0.0,155.712,3812.495271533787,177.506,3224.957363,89.16666667,40.66666667,6.716768436,2.435,0,7.9,3.91,26.5,109.55,80.28571429,1674
2011-06-18,114.3704545,16.91,0.0,0.0,155.712,3872.3038860037173,177.506,3224.957363,83.95833333,40.83333333,6.716768436,2.435,0,3.0,3.91,27.4,109.55,80.14285714,1728
2011-06-19,114.3704545,16.91,0.0,0.0,155.712,3820.328639080082,177.506,3224.957363,80.83333333,41.0,6.716768436,2.435,0,1.1,3.91,27.5,109.55,80.0,1746
2011-06-20,114.3704545,16.95,0.0,0.0,156.777,3872.3038860037173,177.972,3224.957363,87.91666667,41.16666667,6.716768436,2.443,0,3.3,3.919,27.0,109.575,79.28571429,1557
2011-06-21,114.3704545,16.96,0.0,0.0,156.752,3792.9176458359616,176.106,3224.957363,81.91666667,41.33333333,6.716768436,2.441,0,2.0,3.917,27.4,109.575,78.57142857,1611
2011-06-22,114.3704545,16.93,0.0,0.0,157.87,3792.9176458359616,175.508,3224.957363,80.375,41.5,6.716768436,2.438,0,1.2,3.882,27.3,109.6,77.85714286,1689
2011-06-23,114.3704545,16.92,0.0,0.0,157.2,3820.328639080082,174.911,3224.957363,84.16666667,41.66666667,6.716768436,2.436,0,2.8,3.882,27.1,109.6,77.14285714,1549
2011-06-24,114.3704545,16.91,0.0,0.0,156.306,3792.9176458359616,175.314,3224.957363,84.20833333,41.83333333,6.716768436,2.435,0,2.5,3.897,27.2,109.59,76.42857143,1441
2011-06-25,114.3704545,16.91,0.0,0.0,156.306,3872.3038860037173,175.314,3224.957363,87.45833333,42.0,6.716768436,2.435,0,7.7,3.897,26.9,109.59,75.71428571,1424
2011-06-26,114.3704545,16.91,0.0,0.0,156.306,3812.495271533787,175.314,3224.957363,83.25,42.16666667,6.716768436,2.435,0,1.3,3.897,27.3,109.59,75.0,1490
2011-06-27,114.3704545,16.96,0.0,0.0,155.541,3827.647388880934,175.498,3224.957363,88.0,42.33333333,6.716768436,2.436,0,9.2,3.902,26.9,109.65,76.0,1404
2011-06-28,114.3704545,16.96,0.0,0.0,156.63,3872.3038860037173,176.084,3224.957363,84.04166667,42.5,6.716768436,2.443,0,4.3,3.917,27.1,109.7,77.0,1536
2011-06-29,114.3704545,16.92,0.0,0.0,157.623,3820.328639080082,175.764,3224.957363,84.25,42.66666667,6.716768436,2.45,0,1.2,3.929,27.3,109.6,78.0,1570
2011-06-30,114.3704545,16.93,0.0,0.0,158.224,3827.647388880934,176.038,3224.957363,85.70833333,42.83333333,6.716768436,2.454,0,2.4,3.932,26.9,109.5,79.0,1624
2011-07-01,117.4833333,16.94,0.0,0.0,158.863,3812.495271533787,176.164,3224.957363,87.41666667,43.0,6.716768436,2.465,0,2.4,3.933,26.5,109.5,80.0,2274
2011-07-02,117.4833333,16.94,0.0,0.0,158.863,3812.495271533787,176.164,3224.957363,88.04166667,43.32258065,6.716768436,2.465,0,3.1,3.933,26.7,109.5,81.0,2338
2011-07-03,117.4833333,16.94,0.0,0.0,158.863,3872.3038860037173,176.164,3224.957363,85.08333333,43.64516129,6.716768436,2.465,0,2.9,3.933,26.9,109.5,82.0,2583
2011-07-04,117.4833333,16.92,0.0,0.0,159.048,3820.328639080082,175.892,3224.957363,85.58333333,43.96774194,6.716768436,2.465,0,4.1,3.925,26.8,109.5,82.42857143,2646
2011-07-05,117.4833333,16.93,0.0,0.0,159.219,3812.495271533787,175.208,3224.957363,88.41666667,44.29032258,6.716768436,2.462,0,12.5,3.915,26.1,109.505,82.85714286,2810
2011-07-06,117.4833333,16.94,0.0,0.0,157.945,3872.3038860037173,174.899,3224.957363,87.08333333,44.61290323,6.716768436,2.473,0,7.2,3.93,26.5,109.505,83.28571429,2985
2011-07-07,117.4833333,16.94,0.0,0.0,156.779,3827.647388880934,175.844,3224.957363,85.625,44.93548387,6.716768436,2.467,0,3.3,3.912,26.8,109.5,83.71428571,3091
2011-07-08,117.4833333,16.93,0.0,0.0,157.258,3820.328639080082,174.187,3224.957363,88.75,45.25806452,6.716768436,2.462,0,9.4,3.881,26.4,109.495,84.14285714,3129
2011-07-09,117.4833333,16.93,0.0,0.0,157.258,3812.495271533787,174.187,3224.957363,89.29166667,45.58064516,6.716768436,2.462,0,6.9,3.881,26.5,109.495,84.57142857,3191
2011-07-10,117.4833333,16.93,0.0,0.0,157.258,3583.3337979094076,174.187,3224.957363,87.58333333,45.90322581,6.716768436,2.462,0,6.6,3.881,26.6,109.495,85.0,3076
2011-07-11,117.4833333,16.95,0.0,0.0,156.25,3648.3576406172224,174.408,3224.957363,88.08333333,46.22580645,6.716768436,2.451,0,12.0,3.87,26.4,109.5,84.71428571,3060
2011-07-12,117.4833333,16.86,0.0,0.0,153.672,3643.3576406172224,176.752,3224.957363,87.45833333,46.5483871,6.716768436,2.462,0,23.9,3.915,26.1,109.58,84.42857143,2912
2011-07-13,117.4833333,17.05,0.0,0.0,153.182,3643.3576406172224,176.955,3224.957363,87.45833333,46.87096774,6.716768436,2.463,0,9.1,3.902,26.1,109.6,84.14285714,2907
2011-07-14,117.4833333,17.03,0.0,0.0,155.44,3551.3337979094076,176.679,3224.957363,88.95833333,47.19354839,6.716768436,2.46,0,11.4,3.898,25.8,109.6,83.85714286,3556
2011-07-15,117.4833333,16.92,0.0,0.0,155.03,3648.3576406172224,175.77,3224.957363,89.16666667,47.51612903,6.716768436,2.457,0,3.6,3.892,26.0,109.49,83.57142857,2689
2011-07-16,117.4833333,16.92,0.0,0.0,155.03,3820.328639080082,175.77,3224.957363,88.70833333,47.83870968,6.716768436,2.457,0,14.9,3.892,25.8,109.49,83.28571429,2885
2011-07-17,117.4833333,16.92,0.0,0.0,155.03,3792.9176458359616,175.77,3224.957363,89.29166667,48.16129032,6.716768436,2.457,0,11.6,3.892,25.8,109.49,83.0,2774
2011-07-18,117.4833333,16.94,0.0,0.0,154.961,3792.9176458359616,176.622,3224.957363,88.08333333,48.48387097,6.716768436,2.46,0,11.7,3.905,26.1,109.5,82.42857143,2629
2011-07-19,117.4833333,16.96,0.0,0.0,154.483,3820.328639080082,176.892,3224.957363,85.54166667,48.80645161,6.716768436,2.463,0,1.2,3.912,26.4,109.475,81.85714286,2635
2011-07-20,117.4833333,16.98,0.0,0.0,154.973,3872.3038860037173,178.617,3224.957363,86.66666667,49.12903226,6.716768436,2.466,0,12.9,3.956,26.5,109.5,81.28571429,2506
2011-07-21,117.4833333,16.99,0.0,0.0,155.681,3872.3038860037173,178.442,3224.957363,85.41666667,49.4516129,6.716768436,2.468,0,9.3,3.944,26.4,109.5,80.71428571,2518
2011-07-22,117.4833333,16.99,0.0,0.0,157.921,3872.3038860037173,178.154,3224.957363,88.125,49.77419355,6.716768436,2.466,0,5.5,3.955,26.2,109.45,80.14285714,2378
2011-07-23,117.4833333,16.99,0.0,0.0,157.921,3872.3038860037173,178.154,3224.957363,88.54166667,50.09677419,6.716768436,2.466,0,2.7,3.955,26.4,109.45,79.57142857,2333
2011-07-24,117.4833333,16.99,0.0,0.0,157.921,3792.9176458359616,178.154,3224.957363,89.58333333,50.41935484,6.716768436,2.466,0,12.2,3.955,26.0,109.45,79.0,2290
2011-07-25,117.4833333,17.01,0.0,0.0,157.126,3812.495271533787,179.662,3224.957363,88.0,50.74193548,6.716768436,2.477,0,20.3,3.974,25.7,109.475,79.0,2289
2011-07-26,117.4833333,16.99,0.0,0.0,157.381,3827.647388880934,178.822,3224.957363,89.83333333,51.06451613,6.716768436,2.484,0,18.1,3.979,25.5,109.45,79.0,2310
2011-07-27,117.4833333,16.98,0.0,0.0,158.839,3812.495271533787,179.213,3224.957363,88.54166667,51.38709677,6.716768436,2.483,0,7.2,3.966,25.9,109.485,79.0,2420
2011-07-28,117.4833333,17.01,0.0,0.0,157.275,3812.495271533787,179.723,3224.957363,86.33333333,51.70967742,6.716768436,2.476,0,5.0,3.964,26.1,109.45,79.0,2483
2011-07-29,117.4833333,16.98,0.0,0.0,156.853,3792.9176458359616,178.137,3224.957363,85.125,52.03225806,6.716768436,2.48,0,3.7,3.939,26.5,109.45,79.0,2561
2011-07-30,117.4833333,16.98,0.0,0.0,156.853,3827.647388880934,178.137,3224.957363,88.58333333,52.35483871,6.716768436,2.48,0,2.0,3.939,26.1,109.45,79.0,2658
2011-07-31,117.4833333,16.98,0.0,0.0,156.853,3820.328639080082,178.137,3224.957363,85.33333333,52.67741935,6.716768436,2.48,0,1.0,3.939,26.7,109.45,79.0,2870
2011-08-01,110.3547826,16.97,0.0,0.0,157.564,3820.328639080082,178.088,3224.957363,87.0,53.0,6.716768436,2.469,0,1.1,3.923,26.8,109.31,80.71428571,2064
2011-08-02,110.3547826,17.06,0.0,0.0,155.854,3812.495271533787,179.629,3224.957363,85.16666667,53.0,6.716768436,2.467,0,3.2,3.942,26.9,109.31,82.42857143,2090
2011-08-03,110.3547826,17.02,0.0,0.0,155.144,3872.3038860037173,178.387,3224.957363,87.04166667,53.0,6.716768436,2.462,0,7.0,3.884,26.1,109.31,84.14285714,2300
2011-08-04,110.3547826,17.04,0.0,0.0,156.587,3792.9176458359616,179.829,3224.957363,88.45833333,53.0,6.716768436,2.453,0,2.5,3.879,26.2,109.665,85.85714286,2291
2011-08-05,110.3547826,17.08,0.0,0.0,154.661,3812.495271533787,179.109,3224.957363,88.58333333,53.0,6.716768436,2.441,0,17.0,3.791,25.8,109.705,87.57142857,2508
2011-08-06,110.3547826,17.08,0.0,0.0,154.661,3872.3038860037173,179.109,3224.957363,88.79166667,53.0,6.716768436,2.441,0,12.4,3.791,25.4,109.705,89.28571429,2742
2011-08-07,110.3547826,17.08,0.0,0.0,154.661,3827.647388880934,179.109,3224.957363,84.33333333,53.0,6.716768436,2.441,0,2.2,3.791,26.8,109.705,91.0,2850
2011-08-08,110.3547826,17.08,0.0,0.0,156.68,3820.328639080082,179.114,3224.957363,88.08333333,53.0,6.716768436,2.428,0,11.3,3.674,26.2,109.765,88.57142857,3075
2011-08-09,110.3547826,17.1,0.0,0.0,155.613,3872.3038860037173,176.925,3224.957363,87.75,53.0,6.716768436,2.424,0,11.3,3.666,26.0,109.785,86.14285714,3190
2011-08-10,110.3547826,17.18,0.0,0.0,157.767,3820.328639080082,178.099,3224.957363,87.45833333,53.0,6.716768436,2.414,0,10.4,3.72,26.1,109.7,83.71428571,3141
2011-08-11,110.3547826,17.17,0.0,0.0,155.489,3827.647388880934,178.489,3224.957363,85.41666667,53.0,6.716768436,2.415,0,6.3,3.776,26.7,109.65,81.28571429,2882
2011-08-12,110.3547826,17.0,0.0,0.0,156.185,3827.647388880934,179.181,3224.957363,84.91666667,53.0,6.716768436,2.411,0,4.7,3.798,26.8,109.65,78.85714286,2715
2011-08-13,110.3547826,17.0,0.0,0.0,156.185,3820.328639080082,179.181,3224.957363,86.75,53.0,6.716768436,2.411,0,9.4,3.798,26.4,109.65,76.42857143,3323
2011-08-14,110.3547826,17.0,0.0,0.0,156.185,3827.647388880934,179.181,3224.957363,84.66666667,53.0,6.716768436,2.411,0,3.1,3.798,26.7,109.65,74.0,2602
2011-08-15,110.3547826,17.18,0.0,0.0,156.245,3827.647388880934,180.687,3224.957363,91.0,53.0,6.716768436,2.42,0,12.8,3.818,26.0,109.31,75.71428571,2305
2011-08-16,110.3547826,17.24,0.0,0.0,157.914,3812.495271533787,181.769,3224.957363,88.0,53.0,6.716768436,2.419,0,13.0,3.816,25.7,109.85,77.42857143,2398
2011-08-17,110.3547826,17.2,0.0,0.0,158.261,3827.647388880934,181.605,3224.957363,89.25,53.0,6.716768436,2.404,0,18.5,3.776,25.6,109.85,79.14285714,2369
2011-08-18,110.3547826,17.19,0.0,0.0,158.591,3872.3038860037173,181.005,3224.957363,84.0,53.0,6.716768436,2.408,0,3.2,3.774,26.5,109.95,80.85714286,2357
2011-08-19,110.3547826,17.17,0.0,0.0,157.553,3792.9176458359616,180.983,3224.957363,86.41666667,53.0,6.716768436,2.413,0,5.0,3.773,26.2,109.95,82.57142857,2121
2011-08-20,110.3547826,17.17,0.0,0.0,157.553,3872.3038860037173,180.983,3224.957363,86.58333333,53.0,6.716768436,2.413,0,6.4,3.773,26.7,109.95,84.28571429,2056
2011-08-21,110.3547826,17.17,0.0,0.0,157.553,3812.495271533787,180.983,3224.957363,87.875,53.0,6.716768436,2.413,0,11.0,3.773,26.5,109.95,86.0,1951
2011-08-22,110.3547826,17.2,0.0,0.0,158.3,3820.328639080082,181.421,3224.957363,88.95833333,53.0,6.716768436,2.41,0,15.0,3.799,25.5,109.95,86.85714286,1902
2011-08-23,110.3547826,17.2,0.0,0.0,157.866,3820.328639080082,179.978,3224.957363,88.20833333,53.0,6.716768436,2.39,0,15.8,3.799,25.5,109.975,87.71428571,1861
2011-08-24,110.3547826,17.22,0.0,0.0,158.793,3792.9176458359616,179.152,3224.957363,89.91666667,53.0,6.716768436,2.389,0,14.8,3.804,25.2,109.91,88.57142857,1816
2011-08-25,110.3547826,17.23,0.0,0.0,158.425,3812.495271533787,180.081,3224.957363,86.83333333,53.0,6.716768436,2.383,0,15.7,3.815,26.0,110.0,89.42857143,1757
2011-08-26,110.3547826,17.26,0.0,0.0,158.169,3872.3038860037173,180.346,3224.957363,84.58333333,53.0,6.716768436,2.386,0,1.8,3.818,26.5,109.99,90.28571429,1764
2011-08-27,110.3547826,17.26,0.0,0.0,158.169,3792.9176458359616,180.346,3224.957363,82.41666667,53.0,6.716768436,2.386,0,1.3,3.818,26.8,109.99,91.14285714,1808
2011-08-28,110.3547826,17.26,0.0,0.0,158.169,3872.3038860037173,180.346,3224.957363,86.04166667,53.0,6.716768436,2.386,0,4.0,3.818,26.3,109.99,92.0,1831
2011-08-29,110.3547826,17.19,0.0,0.0,159.475,3820.328639080082,178.774,3224.957363,80.54166667,53.0,6.716768436,2.379,0,2.5,3.8,27.0,109.9,90.0,1966
2011-08-30,110.3547826,17.19,0.0,0.0,159.476,3792.9176458359616,178.242,3224.957363,87.5,53.0,6.716768436,2.394,0,8.5,3.8,26.1,109.66,88.0,1914
2011-08-31,110.3547826,17.24,0.0,0.0,158.355,3820.328639080082,177.997,3224.957363,89.58333333,53.0,6.716768436,2.408,0,15.2,3.795,25.8,109.66,86.0,2514
2011-09-01,111.9627273,17.22,0.0,0.0,157.675,3792.9176458359616,178.398,3224.957363,87.45833333,53.0,6.716768436,2.403,0,11.1,3.769,26.1,109.99,84.0,1752
2011-09-02,111.9627273,17.23,0.0,0.0,156.862,3827.647388880934,177.391,3224.957363,88.79166667,53.1,6.716768436,2.394,0,18.6,3.733,25.7,110.0,82.0,1802
2011-09-03,111.9627273,17.23,0.0,0.0,156.862,3812.495271533787,177.391,3224.957363,86.91666667,53.2,6.716768436,2.394,0,1.9,3.733,26.3,110.0,80.0,1870
2011-09-04,111.9627273,17.23,0.0,0.0,156.862,3820.328639080082,177.391,3224.957363,85.25,53.3,6.716768436,2.394,0,2.4,3.733,26.8,110.0,78.0,1977
2011-09-05,111.9627273,17.21,0.0,0.0,156.261,3812.495271533787,175.314,3224.957363,86.125,53.4,6.716768436,2.385,0,7.0,3.715,26.5,110.085,77.57142857,2047
2011-09-06,111.9627273,17.2,0.0,0.0,155.132,3820.328639080082,175.842,3224.957363,89.04166667,53.5,6.716768436,2.382,0,15.4,3.734,26.2,109.97,77.14285714,2043
2011-09-07,111.9627273,17.22,0.0,0.0,153.952,3827.647388880934,175.507,3224.957363,87.875,53.6,6.716768436,2.381,0,10.9,3.699,26.4,109.97,76.71428571,2205
2011-09-08,111.9627273,17.24,0.0,0.0,155.036,3872.3038860037173,174.66,3224.957363,87.29166667,53.7,6.716768436,2.366,0,6.2,3.667,26.7,109.97,76.28571429,2315
2011-09-09,111.9627273,17.19,0.0,0.0,152.693,3792.9176458359616,174.579,3224.957363,88.25,53.8,6.716768436,2.331,0,25.9,3.634,26.0,109.97,75.85714286,2280
2011-09-10,111.9627273,17.19,0.0,0.0,152.693,3812.495271533787,174.579,3224.957363,90.20833333,53.9,6.716768436,2.331,0,28.1,3.634,25.2,109.97,75.42857143,2352
2011-09-11,111.9627273,17.19,0.0,0.0,152.693,3872.3038860037173,174.579,3224.957363,89.54166667,54.0,6.716768436,2.331,0,27.5,3.634,25.7,109.97,75.0,2977
2011-09-12,111.9627273,17.22,0.0,0.0,150.142,3827.647388880934,173.811,3224.957363,89.33333333,54.1,6.716768436,2.314,0,39.3,3.641,25.3,110.075,74.42857143,2209
2011-09-13,111.9627273,17.19,0.0,0.0,150.494,3872.3038860037173,173.384,3224.957363,90.08333333,54.2,6.716768436,2.308,0,24.8,3.61,25.4,110.115,73.85714286,2182
2011-09-14,111.9627273,17.24,0.0,0.0,150.675,3872.3038860037173,173.952,3224.957363,89.45833333,54.3,6.716768436,2.314,0,19.9,3.619,25.7,109.97,73.28571429,2115
2011-09-15,111.9627273,17.22,0.0,0.0,151.165,3820.328639080082,173.626,3224.957363,90.66666667,54.4,6.716768436,2.324,0,11.7,3.602,25.5,110.075,72.71428571,2026
2011-09-16,111.9627273,17.21,0.0,0.0,152.856,3792.9176458359616,172.598,3224.957363,89.45833333,54.5,6.716768436,2.3,0,3.0,3.515,26.1,109.97,72.14285714,2033
2011-09-17,111.9627273,17.21,0.0,0.0,152.856,3820.328639080082,172.598,3224.957363,85.58333333,54.6,6.716768436,2.3,0,1.5,3.515,26.7,109.97,71.57142857,2054
2011-09-18,111.9627273,17.21,0.0,0.0,152.856,3820.328639080082,172.598,3224.957363,83.20833333,54.7,6.716768436,2.3,0,0.9,3.515,26.5,109.97,71.0,2090
2011-09-19,111.9627273,17.25,0.0,0.0,151.753,3820.328639080082,173.2,3224.957363,84.875,54.8,6.716768436,2.289,0,1.7,3.503,26.7,109.97,71.28571429,1905
2011-09-20,111.9627273,17.28,0.0,0.0,150.488,3872.3038860037173,170.798,3224.957363,80.70833333,54.9,6.716768436,2.28,0,1.0,3.484,26.7,110.01,71.57142857,2000
2011-09-21,111.9627273,17.27,0.0,0.0,150.791,3827.647388880934,169.173,3224.957363,85.16666667,55.0,6.716768436,2.225,0,8.7,3.437,26.6,110.185,71.85714286,1873
2011-09-22,111.9627273,17.27,0.0,0.0,149.577,3827.647388880934,170.601,3224.957363,85.70833333,55.1,6.716768436,2.235,0,6.3,3.436,26.4,110.3,72.14285714,1776
2011-09-23,111.9627273,17.18,0.0,0.0,148.492,3827.647388880934,171.125,3224.957363,80.125,55.2,6.716768436,2.224,0,1.4,3.397,27.1,110.3,72.42857143,1808
2011-09-24,111.9627273,17.18,0.0,0.0,148.492,3812.495271533787,171.125,3224.957363,78.875,55.3,6.716768436,2.224,0,1.0,3.397,26.9,110.3,72.71428571,1832
2011-09-25,111.9627273,17.18,0.0,0.0,148.492,3827.647388880934,171.125,3224.957363,79.79166667,55.4,6.716768436,2.224,0,0.9,3.397,26.8,110.3,73.0,1825
2011-09-26,111.9627273,17.27,0.0,0.0,148.889,3872.3038860037173,172.497,3224.957363,81.5,55.5,6.716768436,2.255,0,1.4,3.481,26.9,109.97,72.85714286,1675
2011-09-27,111.9627273,17.24,0.0,0.0,148.834,3827.647388880934,171.609,3224.957363,81.25,55.6,6.716768436,2.245,0,1.4,3.47,27.1,110.32,72.71428571,1689
2011-09-28,111.9627273,17.19,0.0,0.0,149.909,3792.9176458359616,171.801,3224.957363,81.125,55.7,6.716768436,2.245,0,0.9,3.449,27.0,110.2,72.57142857,1785
2011-09-29,111.9627273,17.27,0.0,0.0,149.156,3827.647388880934,171.383,3224.957363,80.20833333,55.8,6.716768436,2.243,0,0.0,3.416,26.9,109.97,72.42857143,1903
2011-09-30,111.9627273,17.24,0.0,0.0,149.499,3812.495271533787,170.05,3224.957363,86.375,55.9,6.716768436,2.243,0,2.4,3.367,26.9,109.97,72.28571429,1819
2011-10-01,110.4295238,17.24,0.0,0.0,149.499,3792.9176458359616,170.05,3224.957363,85.04166667,56.0,6.716768436,2.243,0,0.4,3.367,26.8,109.97,72.14285714,2495
2011-10-02,110.4295238,17.24,0.0,0.0,149.499,3812.495271533787,170.05,3224.957363,81.625,55.93548387,6.716768436,2.243,0,2.3,3.367,26.8,109.97,72.0,2702
2011-10-03,110.4295238,17.21,0.0,0.0,147.206,3812.495271533787,170.672,3224.957363,83.16666667,55.87096774,6.716768436,2.231,0,3.9,3.352,26.8,110.25,72.14285714,2608
2011-10-04,110.4295238,17.29,0.0,0.0,145.199,3812.495271533787,170.474,3224.957363,89.08333333,55.80645161,6.716768436,2.233,0,5.7,3.4,26.6,110.2,72.28571429,2375
2011-10-05,110.4295238,17.29,0.0,0.0,147.15,3820.328639080082,170.072,3224.957363,83.91666667,55.74193548,6.716768436,2.242,0,0.7,3.404,26.7,110.2,72.42857143,2780
2011-10-06,110.4295238,17.34,0.0,0.0,147.084,3872.3038860037173,171.477,3224.957363,78.79166667,55.67741935,6.716768436,2.247,0,0.0,3.432,26.8,110.175,72.57142857,3049
2011-10-07,110.4295238,17.37,0.0,0.0,147.971,3872.3038860037173,172.517,3224.957363,84.29166667,55.61290323,6.716768436,2.249,0,1.1,3.49,26.3,110.2,72.71428571,2827
2011-10-08,110.4295238,17.37,0.0,0.0,147.971,3792.9176458359616,172.517,3224.957363,80.41666667,55.5483871,6.716768436,2.249,0,0.6,3.49,26.9,110.2,72.85714286,2974
2011-10-09,110.4295238,17.37,0.0,0.0,147.971,3792.9176458359616,172.517,3224.957363,80.625,55.48387097,6.716768436,2.249,0,2.6,3.49,26.8,110.2,73.0,3028
2011-10-10,110.4295238,17.28,0.0,0.0,147.421,3872.3038860037173,171.433,3224.957363,81.08333333,55.41935484,6.716768436,2.229,0,1.3,3.499,27.0,110.15,73.28571429,2910
2011-10-11,110.4295238,17.35,0.0,0.0,150.278,3872.3038860037173,173.543,3224.957363,87.08333333,55.35483871,6.716768436,2.251,0,4.6,3.545,26.4,109.97,73.57142857,3435
2011-10-12,110.4295238,17.26,0.0,0.0,150.06,3827.647388880934,173.324,3224.957363,87.45833333,55.29032258,6.716768436,2.239,0,9.3,3.524,26.0,110.2,73.85714286,2695
2011-10-13,110.4295238,17.28,0.0,0.0,151.938,3872.3038860037173,174.342,3224.957363,88.45833333,55.22580645,6.716768436,2.248,0,2.4,3.566,26.4,109.97,74.14285714,2473
2011-10-14,110.4295238,17.29,0.0,0.0,151.483,3812.495271533787,173.483,3224.957363,88.45833333,55.16129032,6.716768436,2.251,0,1.9,3.568,26.5,110.2,74.42857143,2271
2011-10-15,110.4295238,17.29,0.0,0.0,151.483,3872.3038860037173,173.483,3224.957363,87.79166667,55.09677419,6.716768436,2.251,0,2.1,3.568,26.5,110.2,74.71428571,2280
2011-10-16,110.4295238,17.29,0.0,0.0,151.483,3820.328639080082,173.483,3224.957363,85.91666667,55.03225806,6.716768436,2.251,0,0.4,3.568,26.6,110.2,75.0,2237
2011-10-17,110.4295238,17.26,0.0,0.0,152.924,3820.328639080082,173.068,3224.957363,86.41666667,54.96774194,6.716768436,2.235,0,3.1,3.547,26.4,110.2,75.57142857,2153
2011-10-18,110.4295238,17.23,0.0,0.0,151.437,3820.328639080082,173.433,3224.957363,82.83333333,54.90322581,6.716768436,2.237,0,1.1,3.534,26.7,110.185,76.14285714,2141
2011-10-19,110.4295238,17.27,0.0,0.0,151.372,3827.647388880934,174.015,3224.957363,84.125,54.83870968,6.716768436,2.212,0,2.7,3.524,26.7,109.97,76.71428571,2050
2011-10-20,110.4295238,17.22,0.0,0.0,151.269,3872.3038860037173,175.441,3224.957363,86.45833333,54.77419355,6.716768436,2.206,0,8.2,3.538,26.2,110.185,77.28571429,1910
2011-10-21,110.4295238,17.24,0.0,0.0,151.796,3812.495271533787,175.891,3224.957363,87.41666667,54.70967742,6.716768436,2.208,0,28.6,3.6,25.9,109.97,77.85714286,1713
2011-10-22,110.4295238,17.24,0.0,0.0,151.796,3792.9176458359616,175.891,3224.957363,91.375,54.64516129,6.716768436,2.208,0,43.1,3.6,25.2,109.97,78.42857143,1634
2011-10-23,110.4295238,17.24,0.0,0.0,151.796,3812.495271533787,175.891,3224.957363,89.25,54.58064516,6.716768436,2.208,0,27.8,3.6,25.5,109.97,79.0,1624
2011-10-24,110.4295238,17.29,0.0,0.0,152.814,3827.647388880934,175.962,3224.957363,89.375,54.51612903,6.716768436,2.222,0,15.5,3.608,25.6,109.99,78.28571429,1567
2011-10-25,110.4295238,17.32,0.0,0.0,153.166,3812.495271533787,175.66,3224.957363,90.29166667,54.4516129,6.716768436,2.222,0,18.5,3.587,25.4,109.99,77.57142857,1560
2011-10-26,110.4295238,17.29,0.0,0.0,152.925,3792.9176458359616,177.084,3224.957363,88.79166667,54.38709677,6.716768436,2.245,0,19.2,3.682,25.6,109.99,76.85714286,1889
2011-10-27,110.4295238,17.28,0.0,0.0,152.925,3827.647388880934,177.267,3224.957363,89.45833333,54.32258065,6.716768436,2.262,0,17.9,3.699,25.8,109.99,76.14285714,1453
2011-10-28,110.4295238,17.3,0.0,0.0,156.038,3812.495271533787,177.087,3224.957363,87.83333333,54.25806452,6.716768436,2.26,0,13.1,3.627,26.0,109.96,75.42857143,1587
2011-10-29,110.4295238,17.3,0.0,0.0,156.038,3792.9176458359616,177.087,3224.957363,91.5,54.19354839,6.716768436,2.26,0,16.0,3.627,25.3,109.96,74.71428571,1614
2011-10-30,110.4295238,17.3,0.0,0.0,156.038,3792.9176458359616,177.087,3224.957363,91.08333333,54.12903226,6.716768436,2.26,0,18.8,3.627,25.2,109.96,74.0,1700
2011-10-31,110.4295238,17.35,0.0,0.0,155.577,3872.3038860037173,175.54,3224.957363,89.66666667,54.06451613,6.716768436,2.234,0,10.7,3.575,25.4,110.07,74.0,1829
2011-11-01,111.1586364,17.33,0.0,0.0,152.541,3677.0004977600797,175.741,3224.957363,91.08333333,54.0,6.716768436,2.241,0,21.3,3.582,25.2,110.07,74.0,3157
2011-11-02,111.1586364,17.36,0.0,0.0,150.752,3680.1433549029366,176.671,3224.957363,88.875,53.73333333,6.716768436,2.239,0,30.4,3.622,25.6,110.2,74.0,3113
2011-11-03,111.1586364,17.39,0.0,0.0,151.487,3692.462074510855,176.603,3224.957363,91.29166667,53.46666667,6.716768436,2.248,0,8.4,3.586,24.9,110.01,74.0,3281
2011-11-04,111.1586364,17.31,0.0,0.0,151.984,3680.6433549029366,176.439,3224.957363,90.33333333,53.2,6.716768436,2.245,0,4.9,3.603,26.0,110.16,74.0,3106
2011-11-05,111.1586364,17.31,0.0,0.0,151.984,3692.462074510855,176.439,3224.957363,89.0,52.93333333,6.716768436,2.245,0,2.4,3.603,26.2,110.16,74.0,3352
2011-11-06,111.1586364,17.31,0.0,0.0,151.984,3872.3038860037173,176.439,3224.957363,87.45833333,52.66666667,6.716768436,2.245,0,8.1,3.603,25.8,110.16,74.0,3870
2011-11-07,111.1586364,17.37,0.0,0.0,151.976,3792.9176458359616,177.092,3224.957363,89.25,52.4,6.716768436,2.232,0,6.9,3.637,25.7,109.91,74.14285714,4635
2011-11-08,111.1586364,17.35,0.0,0.0,151.357,3820.328639080082,175.232,3224.957363,84.58333333,52.13333333,6.716768436,2.199,0,0.9,3.584,26.2,110.07,74.28571429,4025
2011-11-09,111.1586364,17.32,0.0,0.0,152.31,3820.328639080082,175.398,3224.957363,79.83333333,51.86666667,6.716768436,2.202,0,0.2,3.599,26.3,110.06,74.42857143,4357
2011-11-10,111.1586364,17.38,0.0,0.0,149.137,3812.495271533787,177.141,3224.957363,74.66666667,51.6,6.716768436,2.204,0,0.0,3.647,25.5,110.06,74.57142857,5668
2011-11-11,111.1586364,17.31,0.0,0.0,149.769,3872.3038860037173,174.955,3224.957363,74.79166667,51.33333333,6.716768436,2.183,0,0.0,3.606,26.0,110.2,74.71428571,4367
2011-11-12,111.1586364,17.31,0.0,0.0,149.769,3872.3038860037173,174.955,3224.957363,80.16666667,51.06666667,6.716768436,2.183,0,0.0,3.606,26.4,110.2,74.85714286,3849
2011-11-13,111.1586364,17.31,0.0,0.0,149.769,3820.328639080082,174.955,3224.957363,82.5,50.8,6.716768436,2.183,0,1.0,3.606,26.4,110.2,75.0,3538
2011-11-14,111.1586364,17.37,0.0,0.0,151.558,3812.495271533787,174.298,3224.957363,81.125,50.53333333,6.716768436,2.177,0,1.4,3.589,26.6,110.01,75.85714286,3440
2011-11-15,111.1586364,17.34,0.0,0.0,149.938,3862.6006968641113,173.066,3224.957363,79.95833333,50.26666667,6.716768436,2.168,0,0.0,3.573,26.5,110.2,76.71428571,3396
2011-11-16,111.1586364,17.33,0.0,0.0,149.161,3872.3038860037173,173.388,3224.957363,84.83333333,50.0,6.716768436,2.16,0,2.6,3.549,26.1,110.04,77.57142857,3127
2011-11-17,111.1586364,17.36,0.0,0.0,148.108,3812.495271533787,174.094,3224.957363,85.20833333,49.73333333,6.716768436,2.151,0,7.7,3.573,26.1,110.07,78.42857143,2776
2011-11-18,111.1586364,17.37,0.0,0.0,148.149,3827.647388880934,172.66,3224.957363,88.79166667,49.46666667,6.716768436,2.12,0,16.2,3.542,25.9,110.21,79.28571429,2538
2011-11-19,111.1586364,17.37,0.0,0.0,148.149,3827.647388880934,172.66,3224.957363,86.33333333,49.2,6.716768436,2.12,0,3.6,3.542,26.4,110.21,80.14285714,2490
2011-11-20,111.1586364,17.37,0.0,0.0,148.149,3792.9176458359616,172.66,3224.957363,89.375,48.93333333,6.716768436,2.12,0,21.6,3.542,25.8,110.21,81.0,2335
2011-11-21,111.1586364,17.91,0.0,0.0,148.926,3812.495271533787,177.513,3224.957363,88.375,48.66666667,6.716768436,2.163,0,25.6,3.666,25.7,110.375,79.85714286,2124
2011-11-22,111.1586364,17.9,0.0,0.0,148.989,3872.3038860037173,176.528,3224.957363,79.91666667,48.4,6.716768436,2.178,0,5.2,3.617,26.7,113.51,78.71428571,2336
2011-11-23,111.1586364,17.9,0.0,0.0,153.403,3820.328639080082,176.46,3224.957363,80.75,48.13333333,6.716768436,2.188,0,7.5,3.617,26.5,113.76,77.57142857,2350
2011-11-24,111.1586364,17.84,0.0,0.0,151.721,3827.647388880934,175.851,3224.957363,87.41666667,47.86666667,6.716768436,2.183,0,18.6,3.613,25.9,113.9,76.42857143,2048
2011-11-25,111.1586364,17.81,0.0,0.0,152.051,3820.328639080082,176.42,3224.957363,88.375,47.6,6.716768436,2.191,0,8.8,3.626,25.5,113.83,75.28571429,1954
2011-11-26,111.1586364,17.81,0.0,0.0,152.051,3812.495271533787,176.42,3224.957363,90.16666667,47.33333333,6.716768436,2.191,0,30.8,3.626,25.0,113.83,74.14285714,1952
2011-11-27,111.1586364,17.81,0.0,0.0,152.051,3872.3038860037173,176.42,3224.957363,91.08333333,47.06666667,6.716768436,2.191,0,26.6,3.626,25.1,113.83,73.0,1959
2011-11-28,111.1586364,17.87,0.0,0.0,150.665,3820.328639080082,177.557,3224.957363,86.91666667,46.8,6.716768436,2.192,0,3.4,3.635,25.8,113.83,72.28571429,1935
2011-11-29,111.1586364,17.84,0.0,0.0,151.531,3812.495271533787,178.639,3224.957363,85.20833333,46.53333333,6.716768436,2.184,0,9.5,3.705,26.3,113.76,71.57142857,1885
2011-11-30,111.1586364,17.86,0.0,0.0,151.597,3792.9176458359616,178.681,3224.957363,88.875,46.26666667,6.716768436,2.217,0,19.5,3.698,25.7,113.83,70.85714286,1926
2011-12-01,108.3477273,17.94,0.0,0.0,152.982,3792.9176458359616,177.728,3224.957363,85.83333333,46.0,6.716768436,2.229,0,3.0,3.687,26.0,113.875,70.14285714,2703
2011-12-02,108.3477273,17.95,0.0,0.0,153.293,3812.495271533787,178.04,3224.957363,87.66666667,46.09677419,6.716768436,2.219,0,3.2,3.677,25.9,113.895,69.42857143,2677
2011-12-03,108.3477273,17.95,0.0,0.0,153.293,3872.3038860037173,178.04,3224.957363,82.875,46.19354839,6.716768436,2.219,0,0.1,3.677,26.5,113.895,68.71428571,2978
2011-12-04,108.3477273,17.95,0.0,0.0,153.293,3812.495271533787,178.04,3224.957363,83.375,46.29032258,6.716768436,2.219,0,0.6,3.677,26.1,113.895,68.0,3113
2011-12-05,108.3477273,17.95,0.0,0.0,152.648,3827.647388880934,177.385,3224.957363,81.33333333,46.38709677,6.716768436,2.22,0,0.0,3.628,26.5,113.76,69.71428571,3387
2011-12-06,108.3477273,17.86,0.0,0.0,152.461,3827.647388880934,178.756,3224.957363,80.0,46.48387097,6.716768436,2.204,0,0.0,3.644,26.3,113.73,71.42857143,3590
2011-12-07,108.3477273,17.92,0.0,0.0,152.421,3820.328639080082,178.089,3224.957363,75.04166667,46.58064516,6.716768436,2.203,0,0.0,3.62,26.5,113.77,73.14285714,4109
2011-12-08,108.3477273,17.95,0.0,0.0,152.565,3872.3038860037173,178.107,3224.957363,77.45833333,46.67741935,6.716768436,2.192,0,0.0,3.614,26.0,113.9,74.85714286,4174
2011-12-09,108.3477273,18.01,0.0,0.0,151.983,3827.647388880934,177.43,3224.957363,84.29166667,46.77419355,6.716768436,2.164,0,4.4,3.616,26.1,113.73,76.57142857,3651
2011-12-10,108.3477273,18.01,0.0,0.0,151.983,3872.3038860037173,177.43,3224.957363,84.83333333,46.87096774,6.716768436,2.164,0,7.1,3.616,26.4,113.73,78.28571429,4646
2011-12-11,108.3477273,18.01,0.0,0.0,151.983,3792.9176458359616,177.43,3224.957363,86.875,46.96774194,6.716768436,2.164,0,21.9,3.616,26.0,113.73,80.0,3556
2011-12-12,108.3477273,17.88,0.0,0.0,152.142,3827.647388880934,176.303,3224.957363,90.125,47.06451613,6.716768436,2.144,0,27.3,3.589,25.4,113.85,79.57142857,3412
2011-12-13,108.3477273,17.86,0.0,0.0,150.151,3820.328639080082,175.925,3224.957363,87.875,47.16129032,6.716768436,2.123,0,29.6,3.57,26.0,113.85,79.14285714,3285
2011-12-14,108.3477273,17.85,0.0,0.0,148.426,3820.328639080082,176.472,3224.957363,89.66666667,47.25806452,6.716768436,2.126,0,12.9,3.576,25.2,113.79,78.71428571,3169
2011-12-15,108.3477273,17.95,0.0,0.0,147.671,3792.9176458359616,176.555,3224.957363,81.5,47.35483871,6.716768436,2.166,0,3.7,3.556,25.0,113.79,78.28571429,3520
2011-12-16,108.3477273,18.07,0.0,0.0,148.092,3827.647388880934,176.404,3224.957363,83.04166667,47.4516129,6.716768436,2.16,0,3.6,3.543,25.7,113.73,77.85714286,3231
2011-12-17,108.3477273,18.07,0.0,0.0,148.092,3827.647388880934,176.404,3224.957363,74.16666667,47.5483871,6.716768436,2.16,0,0.0,3.543,26.2,113.73,77.42857143,3522
2011-12-18,108.3477273,18.07,0.0,0.0,148.092,3792.9176458359616,176.404,3224.957363,83.5,47.64516129,6.716768436,2.16,0,20.5,3.543,25.8,113.73,77.0,2993
2011-12-19,108.3477273,17.92,0.0,0.0,148.264,3792.9176458359616,178.193,3224.957363,91.54166667,47.74193548,6.716768436,2.156,0,20.1,3.564,24.9,113.82,76.71428571,2571
2011-12-20,108.3477273,17.97,0.0,0.0,147.904,3872.3038860037173,178.329,3224.957363,90.29166667,47.83870968,6.716768436,2.171,0,54.1,3.586,24.6,113.77,76.42857143,2596
2011-12-21,108.3477273,18.01,0.0,0.0,148.828,3827.647388880934,178.544,3224.957363,81.33333333,47.93548387,6.716768436,2.167,0,5.8,3.628,25.4,113.77,76.14285714,2727
2011-12-22,108.3477273,17.96,0.0,0.0,148.408,3872.3038860037173,177.43,3224.957363,79.45833333,48.03225806,6.716768436,2.155,0,4.1,3.657,24.9,113.9,75.85714286,2697
2011-12-23,108.3477273,17.95,0.0,0.0,148.639,3820.328639080082,177.817,3224.957363,87.54166667,48.12903226,6.716768436,2.158,0,7.1,3.653,24.0,113.77,75.57142857,2373
2011-12-24,108.3477273,17.95,0.0,0.0,148.639,3792.9176458359616,177.817,3224.957363,79.125,48.22580645,6.716768436,2.158,0,0.0,3.653,25.5,113.77,75.28571429,2466
2011-12-25,108.3477273,17.95,0.0,0.0,148.639,3792.9176458359616,177.817,3224.957363,77.125,48.32258065,6.716768436,2.158,0,0.0,3.653,25.4,113.77,75.0,3232
2011-12-26,108.3477273,18.02,0.0,0.0,148.418,3820.328639080082,178.47,3224.957363,77.54166667,48.41935484,6.716768436,2.152,0,0.0,3.631,24.9,113.77,78.28571429,2614
2011-12-27,108.3477273,18.03,0.0,0.0,148.555,3872.3038860037173,176.004,3224.957363,78.45833333,48.51612903,6.716768436,2.154,0,0.0,3.585,24.1,113.9,81.57142857,2866
2011-12-28,108.3477273,18.02,0.0,0.0,148.867,3827.647388880934,175.582,3224.957363,77.45833333,48.61290323,6.716768436,2.149,0,0.0,3.547,24.0,113.9,84.85714286,3092
2011-12-29,108.3477273,18.1,0.0,0.0,147.346,3812.495271533787,176.972,3224.957363,79.375,48.70967742,6.716768436,2.148,0,0.0,3.543,25.3,113.9,88.14285714,2797
2011-12-30,108.3477273,18.09,0.0,0.0,147.608,3792.9176458359616,176.654,3224.957363,80.54166667,48.80645161,6.716768436,2.137,0,1.1,3.547,25.7,113.9,91.42857143,2732
2011-12-31,108.3477273,18.09,0.0,0.0,147.608,3812.495271533787,176.654,3224.957363,77.45833333,48.90322581,6.716768436,2.137,0,0.0,3.547,25.7,113.9,94.71428571,3038
2012-01-01,111.415,18.09,0.0,0.0,147.608,3820.328639080082,176.654,3327.776124,77.95833333,49.0,7.542913732,2.137,0,0.0,3.547,25.5,113.9,98.0,2770
2012-01-02,111.415,18.07,0.0,0.0,147.404,3872.3038860037173,178.099,3327.776124,81.20833333,49.06451613,7.542913732,2.144,0,0.0,3.582,25.0,113.9,98.28571429,2664
2012-01-03,111.415,18.11,0.0,0.0,147.279,3792.9176458359616,177.803,3327.776124,79.66666667,49.12903226,7.542913732,2.153,0,0.0,3.582,25.9,113.83,98.57142857,2664
2012-01-04,111.415,18.05,0.0,0.0,148.536,3872.3038860037173,176.312,3327.776124,84.20833333,49.19354839,7.542913732,2.153,0,2.5,3.558,26.0,113.83,98.85714286,2727
2012-01-05,111.415,18.02,0.0,0.0,147.336,3820.328639080082,175.657,3327.776124,89.20833333,49.25806452,7.542913732,2.161,0,17.0,3.562,25.7,113.83,99.14285714,2598
2012-01-06,111.415,18.02,0.0,0.0,145.509,3827.647388880934,175.93,3327.776124,86.41666667,49.32258065,7.542913732,2.172,0,11.8,3.572,25.5,113.83,99.42857143,2743
2012-01-07,111.415,18.02,0.0,0.0,145.509,3872.3038860037173,175.93,3327.776124,86.75,49.38709677,7.542913732,2.172,0,7.8,3.572,25.6,113.83,99.71428571,2893
2012-01-08,111.415,18.02,0.0,0.0,145.509,3820.328639080082,175.93,3327.776124,89.54166667,49.4516129,7.542913732,2.172,0,17.2,3.572,25.5,113.83,100.0,3620
2012-01-09,111.415,18.03,0.0,0.0,144.798,3827.647388880934,176.249,3327.776124,86.375,49.51612903,7.542913732,2.206,0,3.2,3.603,25.7,113.83,98.28571429,2896
2012-01-10,111.415,18.02,0.0,0.0,145.298,3812.495271533787,174.45,3327.776124,84.875,49.58064516,7.542913732,2.198,0,2.2,3.59,25.8,113.83,96.57142857,2986
2012-01-11,111.415,18.01,0.0,0.0,145.423,3792.9176458359616,174.633,3327.776124,86.70833333,49.64516129,7.542913732,2.21,0,0.1,3.603,25.8,113.83,94.85714286,2885
2012-01-12,111.415,18.06,0.0,0.0,144.638,3812.495271533787,174.451,3327.776124,80.16666667,49.70967742,7.542913732,2.213,0,0.0,3.571,25.8,113.83,93.14285714,3123
2012-01-13,111.415,18.02,0.0,0.0,145.998,3820.328639080082,174.382,3327.776124,74.08333333,49.77419355,7.542913732,2.216,0,0.0,3.591,26.0,113.83,91.42857143,3236
2012-01-14,111.415,18.02,0.0,0.0,145.998,3827.647388880934,174.382,3327.776124,71.04166667,49.83870968,7.542913732,2.216,0,0.0,3.591,25.7,113.83,89.71428571,3380
2012-01-15,111.415,18.02,0.0,0.0,145.998,3872.3038860037173,174.382,3327.776124,64.83333333,49.90322581,7.542913732,2.216,0,0.0,3.591,24.6,113.83,88.0,4910
2012-01-16,111.415,18.02,0.0,0.0,144.268,3872.3038860037173,174.53,3327.776124,68.375,49.96774194,7.542913732,2.241,0,0.0,3.591,24.5,113.83,88.57142857,3447
2012-01-17,111.415,18.05,0.0,0.0,144.154,3820.328639080082,175.691,3327.776124,74.08333333,50.03225806,7.542913732,2.263,0,0.0,3.621,24.5,113.83,89.14285714,2957
2012-01-18,111.415,18.02,0.0,0.0,145.008,3820.328639080082,176.26,3327.776124,74.70833333,50.09677419,7.542913732,2.27,0,0.0,3.636,25.2,113.83,89.71428571,2745
2012-01-19,111.415,17.98,0.0,0.0,146.374,3820.328639080082,177.4,3327.776124,75.29166667,50.16129032,7.542913732,2.268,0,0.0,3.636,25.4,113.83,90.28571429,2597
2012-01-20,111.415,17.97,0.0,0.0,147.541,3827.647388880934,177.262,3327.776124,75.54166667,50.22580645,7.542913732,2.278,0,0.0,3.69,25.8,113.915,90.85714286,2357
2012-01-21,111.415,17.97,0.0,0.0,147.541,3827.647388880934,177.262,3327.776124,76.33333333,50.29032258,7.542913732,2.278,0,0.8,3.69,25.9,113.915,91.42857143,2277
2012-01-22,111.415,17.97,0.0,0.0,147.541,3820.328639080082,177.262,3327.776124,78.20833333,50.35483871,7.542913732,2.278,0,0.4,3.69,25.5,113.915,92.0,2197
2012-01-23,111.415,17.97,0.0,0.0,147.332,3872.3038860037173,177.74,3327.776124,69.29166667,50.41935484,7.542913732,2.276,0,0.2,3.701,26.5,113.83,93.0,2292
2012-01-24,111.415,17.97,0.0,0.0,148.326,3792.9176458359616,178.292,3327.776124,63.125,50.48387097,7.542913732,2.276,0,0.0,3.722,26.2,113.83,94.0,2458
2012-01-25,111.415,17.96,0.0,0.0,148.236,3827.647388880934,178.38,3327.776124,64.625,50.5483871,7.542913732,2.301,0,0.0,3.748,26.2,113.83,95.0,2390
2012-01-26,111.415,17.97,0.0,0.0,149.22,3820.328639080082,179.12,3327.776124,62.125,50.61290323,7.542913732,2.305,0,0.0,3.773,26.6,113.73,96.0,2390
2012-01-27,111.415,17.96,0.0,0.0,148.998,3872.3038860037173,178.661,3327.776124,74.08333333,50.67741935,7.542913732,2.294,0,0.1,3.744,26.2,113.835,97.0,2061
2012-01-28,111.415,17.96,0.0,0.0,148.998,3872.3038860037173,178.661,3327.776124,70.5,50.74193548,7.542913732,2.294,0,0.0,3.744,26.8,113.835,98.0,2192
2012-01-29,111.415,17.96,0.0,0.0,148.998,3812.495271533787,178.661,3327.776124,67.5,50.80645161,7.542913732,2.294,0,0.0,3.744,26.8,113.835,99.0,2344
2012-01-30,111.415,18.05,0.0,0.0,150.587,3872.3038860037173,179.438,3327.776124,66.83333333,50.87096774,7.542913732,2.3,0,0.0,3.771,26.4,113.76,96.42857143,2505
2012-01-31,111.415,18.04,0.0,0.0,149.44,3792.9176458359616,180.111,3327.776124,64.66666667,50.93548387,7.542913732,2.315,0,0.8,3.777,26.9,113.9,93.85714286,2570
2012-02-01,119.1657143,18.05,0.0,0.0,148.942,3812.495271533787,179.81,3327.776124,58.70833333,51.0,7.542913732,2.32,0,0.2,3.764,27.6,113.76,91.28571429,3758
2012-02-02,119.1657143,18.08,0.0,0.0,149.702,3827.647388880934,180.256,3327.776124,60.66666667,50.96551724,7.542913732,2.344,0,0.3,3.782,27.8,113.76,88.71428571,3662
2012-02-03,119.1657143,18.09,0.0,0.0,149.566,3820.328639080082,180.705,3327.776124,63.70833333,50.93103448,7.542913732,2.328,0,0.0,3.791,28.1,113.96,86.14285714,3420
2012-02-04,119.1657143,18.09,0.0,0.0,149.566,3820.328639080082,180.705,3327.776124,64.95833333,50.89655172,7.542913732,2.328,0,1.3,3.791,28.4,113.96,83.57142857,4402
2012-02-05,119.1657143,18.09,0.0,0.0,149.566,3820.328639080082,180.705,3327.776124,75.125,50.86206897,7.542913732,2.328,0,9.4,3.791,27.1,113.96,81.0,4229
2012-02-06,119.1657143,18.11,0.0,0.0,149.794,3792.9176458359616,181.589,3327.776124,81.66666667,50.82758621,7.542913732,2.325,0,7.6,3.829,26.4,114.2,82.14285714,3094
2012-02-07,119.1657143,18.08,0.0,0.0,149.899,3812.495271533787,180.028,3327.776124,78.08333333,50.79310345,7.542913732,2.32,0,4.2,3.829,26.8,114.2,83.28571429,4233
2012-02-08,119.1657143,18.24,0.0,0.0,151.458,3792.9176458359616,181.606,3327.776124,83.83333333,50.75862069,7.542913732,2.322,0,3.0,3.865,26.4,113.83,84.42857143,3220
2012-02-09,119.1657143,18.23,0.0,0.0,150.91,3792.9176458359616,180.751,3327.776124,83.70833333,50.72413793,7.542913732,2.326,0,7.9,3.822,26.5,114.81,85.57142857,3281
2012-02-10,119.1657143,18.55,0.0,0.0,152.548,3792.9176458359616,184.186,3327.776124,86.16666667,50.68965517,7.542913732,2.377,0,2.4,3.905,25.9,114.81,86.71428571,3129
2012-02-11,119.1657143,18.55,0.0,0.0,152.548,3812.495271533787,184.186,3327.776124,78.625,50.65517241,7.542913732,2.377,0,0.0,3.905,26.9,114.81,87.85714286,3347
2012-02-12,119.1657143,18.55,0.0,0.0,152.548,3812.495271533787,184.186,3327.776124,74.70833333,50.62068966,7.542913732,2.377,0,0.8,3.905,26.8,114.81,89.0,3499
2012-02-13,119.1657143,19.09,0.0,0.0,151.343,3812.495271533787,188.588,3327.776124,74.20833333,50.5862069,7.542913732,2.43,0,0.0,4.002,27.1,116.81,88.28571429,3120
2012-02-14,119.1657143,18.96,0.0,0.0,154.125,3792.9176458359616,187.483,3327.776124,81.54166667,50.55172414,7.542913732,2.419,0,42.4,3.971,26.1,120.25,87.57142857,2943
2012-02-15,119.1657143,18.85,0.0,0.0,157.75,3792.9176458359616,187.677,3327.776124,88.83333333,50.51724138,7.542913732,2.409,0,40.5,3.952,25.4,119.45,86.85714286,2788
2012-02-16,119.1657143,18.77,0.0,0.0,156.098,3820.328639080082,187.231,3327.776124,86.20833333,50.48275862,7.542913732,2.397,0,6.3,3.953,25.9,118.76,86.14285714,2639
2012-02-17,119.1657143,18.76,0.0,0.0,155.997,3872.3038860037173,187.415,3327.776124,87.29166667,50.44827586,7.542913732,2.406,0,11.5,3.973,25.6,118.25,85.42857143,2463
2012-02-18,119.1657143,18.76,0.0,0.0,155.997,3827.647388880934,187.415,3327.776124,81.125,50.4137931,7.542913732,2.406,0,0.0,3.973,26.3,118.25,84.71428571,2522
2012-02-19,119.1657143,18.76,0.0,0.0,155.997,3812.495271533787,187.415,3327.776124,74.91666667,50.37931034,7.542913732,2.406,0,0.0,3.973,26.0,118.25,84.0,2710
2012-02-20,119.1657143,18.74,0.0,0.0,155.529,3812.495271533787,186.262,3327.776124,79.29166667,50.34482759,7.542913732,2.397,0,0.0,3.97,25.8,118.25,83.57142857,3048
2012-02-21,119.1657143,18.86,0.0,0.0,156.592,3812.495271533787,186.046,3327.776124,80.58333333,50.31034483,7.542913732,2.415,0,0.0,4.003,25.8,118.01,83.14285714,2281
2012-02-22,119.1657143,18.93,0.0,0.0,156.228,3812.495271533787,187.772,3327.776124,77.04166667,50.27586207,7.542913732,2.429,0,0.0,4.036,25.6,118.75,82.71428571,2321
2012-02-23,119.1657143,19.03,0.0,0.0,157.285,3820.328639080082,190.376,3327.776124,75.75,50.24137931,7.542913732,2.445,0,0.0,4.116,25.6,119.25,82.28571429,2189
2012-02-24,119.1657143,19.24,0.0,0.0,159.467,3792.9176458359616,191.824,3327.776124,80.41666667,50.20689655,7.542913732,2.466,0,0.0,4.179,25.4,119.85,81.85714286,1935
2012-02-25,119.1657143,19.24,0.0,0.0,159.467,3812.495271533787,191.824,3327.776124,73.625,50.17241379,7.542913732,2.466,0,0.0,4.179,26.5,119.85,81.42857143,2031
2012-02-26,119.1657143,19.24,0.0,0.0,159.467,3827.647388880934,191.824,3327.776124,80.95833333,50.13793103,7.542913732,2.466,0,0.8,4.179,26.3,119.85,81.0,1863
2012-02-27,119.1657143,19.37,0.0,0.0,161.288,3820.328639080082,194.029,3327.776124,85.45833333,50.10344828,7.542913732,2.491,0,11.9,4.205,26.3,121.25,80.14285714,1731
2012-02-28,119.1657143,19.37,0.0,0.0,162.475,3827.647388880934,194.058,3327.776124,89.79166667,50.06896552,7.542913732,2.482,0,4.9,4.173,25.9,122.0,79.28571429,1752
2012-02-29,119.1657143,19.35,0.0,0.0,164.286,3872.3038860037173,194.502,3327.776124,85.29166667,50.03448276,7.542913732,2.476,0,3.7,4.182,26.3,121.9,78.42857143,1939
2012-03-01,124.7031818,19.32,0.0,0.0,162.463,3194.2287705326034,192.706,3327.776124,85.95833333,50.0,7.542913732,2.457,0,7.2,4.15,26.7,121.91,77.57142857,2494
2012-03-02,124.7031818,19.33,0.0,0.0,162.305,3214.9144848183178,193.327,3327.776124,82.625,50.29032258,7.542913732,2.446,0,0.2,4.158,27.0,121.7,76.71428571,2578
2012-03-03,124.7031818,19.33,0.0,0.0,162.305,3214.9144848183178,193.327,3327.776124,81.79166667,50.58064516,7.542913732,2.446,0,0.0,4.158,26.9,121.7,75.85714286,2768
2012-03-04,124.7031818,19.33,0.0,0.0,162.305,3197.7224157955866,193.327,3327.776124,81.25,50.87096774,7.542913732,2.446,0,1.0,4.158,27.0,121.7,75.0,2935
2012-03-05,124.7031818,19.26,0.0,0.0,160.626,3258.0002247948746,190.938,3327.776124,79.95833333,51.16129032,7.542913732,2.412,0,0.3,4.1,27.1,121.9,76.42857143,3188
2012-03-06,124.7031818,19.26,0.0,0.0,161.079,3214.9144848183178,191.296,3327.776124,81.75,51.4516129,7.542913732,2.417,0,1.8,4.096,26.7,121.5,77.85714286,3342
2012-03-07,124.7031818,19.16,0.0,0.0,159.31,3164.919107260571,191.559,3327.776124,81.5,51.74193548,7.542913732,2.416,0,3.1,4.123,26.6,121.5,79.28571429,4339
2012-03-08,124.7031818,19.18,0.0,0.0,159.797,3197.7224157955866,189.755,3327.776124,80.33333333,52.03225806,7.542913732,2.433,0,0.9,4.116,26.8,121.01,80.71428571,3589
2012-03-09,124.7031818,19.27,0.0,0.0,160.635,3258.0002247948746,190.591,3327.776124,78.375,52.32258065,7.542913732,2.439,0,0.0,4.119,27.3,121.06,82.14285714,3705
2012-03-10,124.7031818,19.27,0.0,0.0,160.635,3214.9144848183178,190.591,3327.776124,83.33333333,52.61290323,7.542913732,2.439,0,2.0,4.119,26.8,121.06,83.57142857,3571
2012-03-11,124.7031818,19.27,0.0,0.0,160.635,3258.0002247948746,190.591,3327.776124,82.41666667,52.90322581,7.542913732,2.439,0,4.6,4.119,26.3,121.06,85.0,3775
2012-03-12,124.7031818,19.52,0.0,0.0,158.812,3194.2287705326034,194.013,3327.776124,80.83333333,53.19354839,7.542913732,2.477,0,1.5,4.195,26.7,121.9,84.57142857,3429
2012-03-13,124.7031818,19.7,0.0,0.0,160.329,3194.2287705326034,195.54,3327.776124,83.5,53.48387097,7.542913732,2.499,0,14.5,4.216,26.5,123.5,84.14285714,3296
2012-03-14,124.7031818,19.77,0.0,0.0,161.582,3194.2287705326034,196.605,3327.776124,83.125,53.77419355,7.542913732,2.488,0,53.6,4.252,26.7,124.75,83.71428571,3180
2012-03-15,124.7031818,19.9,0.0,0.0,162.537,3197.7224157955866,199.409,3327.776124,86.54166667,54.06451613,7.542913732,2.51,0,3.2,4.303,26.3,125.15,83.28571429,2903
2012-03-16,124.7031818,20.72,0.0,0.0,163.734,3258.0002247948746,208.159,3327.776124,87.375,54.35483871,7.542913732,2.611,0,6.6,4.5,26.4,125.85,82.85714286,2560
2012-03-17,124.7031818,20.72,0.0,0.0,163.734,3214.9144848183178,208.159,3327.776124,86.29166667,54.64516129,7.542913732,2.611,0,6.2,4.5,26.2,125.85,82.42857143,2549
2012-03-18,124.7031818,20.72,0.0,0.0,163.734,3258.0002247948746,208.159,3327.776124,81.75,54.93548387,7.542913732,2.611,0,0.4,4.5,27.0,125.85,82.0,2600
2012-03-19,124.7031818,20.44,0.0,0.0,165.801,3258.0002247948746,204.987,3327.776124,82.45833333,55.22580645,7.542913732,2.558,0,1.3,4.421,26.8,131.0,82.28571429,2606
2012-03-20,124.7031818,20.57,0.0,0.0,173.431,3258.0002247948746,206.402,3327.776124,81.95833333,55.51612903,7.542913732,2.568,0,1.7,4.446,27.0,129.26,82.57142857,2738
2012-03-21,124.7031818,20.68,0.0,0.0,170.907,3258.0002247948746,205.997,3327.776124,82.375,55.80645161,7.542913732,2.539,0,2.2,4.422,26.6,130.05,82.85714286,2702
2012-03-22,124.7031818,20.63,0.0,0.0,171.861,3258.0002247948746,206.443,3327.776124,83.5,56.09677419,7.542913732,2.542,0,2.3,4.445,26.4,130.25,83.14285714,2567
2012-03-23,124.7031818,20.57,0.0,0.0,171.891,3258.0002247948746,207.46,3327.776124,84.375,56.38709677,7.542913732,2.546,0,0.6,4.49,27.0,130.1,83.42857143,2289
2012-03-24,124.7031818,20.57,0.0,0.0,171.891,3214.9144848183178,207.46,3327.776124,80.625,56.67741935,7.542913732,2.546,0,0.2,4.49,27.0,130.1,83.71428571,2398
2012-03-25,124.7031818,20.57,0.0,0.0,171.891,3197.7224157955866,207.46,3327.776124,77.125,56.96774194,7.542913732,2.546,0,0.0,4.49,26.9,130.1,84.0,2553
2012-03-26,124.7031818,20.6,0.0,0.0,172.681,3197.7224157955866,207.255,3327.776124,77.29166667,57.25806452,7.542913732,2.564,0,1.2,4.468,26.7,129.91,83.14285714,2630
2012-03-27,124.7031818,20.49,0.0,0.0,173.541,3164.919107260571,205.241,3327.776124,77.33333333,57.5483871,7.542913732,2.544,0,0.6,4.397,27.0,129.9,82.28571429,2793
2012-03-28,124.7031818,20.22,0.0,0.0,173.027,3194.2287705326034,203.449,3327.776124,81.75,57.83870968,7.542913732,2.483,0,7.2,4.325,27.0,129.2,81.42857143,2797
2012-03-29,124.7031818,20.36,0.0,0.0,172.029,3194.2287705326034,205.367,3327.776124,84.125,58.12903226,7.542913732,2.521,0,8.5,4.379,26.5,127.51,80.57142857,2734
2012-03-30,124.7031818,20.37,0.0,0.0,169.595,3164.919107260571,205.588,3327.776124,84.375,58.41935484,7.542913732,2.526,0,2.7,4.385,26.6,128.25,79.71428571,2684
2012-03-31,124.7031818,20.37,0.0,0.0,169.595,3164.919107260571,205.588,3327.776124,83.08333333,58.70967742,7.542913732,2.526,0,0.7,4.385,27.4,128.25,78.85714286,2810
2012-04-01,120.47,20.37,0.0,0.0,169.595,3827.647388880934,205.588,3327.776124,83.625,59.0,7.542913732,2.526,0,2.1,4.385,26.9,128.25,78.0,2478
2012-04-02,120.47,19.97,0.0,0.0,171.137,3792.9176458359616,200.141,3327.776124,82.04166667,58.86666667,7.542913732,2.487,0,1.9,4.293,26.6,128.3,80.57142857,2702
2012-04-03,120.47,19.87,0.0,0.0,170.902,3792.9176458359616,198.756,3327.776124,83.375,58.73333333,7.542913732,2.451,0,5.5,4.247,26.8,125.76,83.14285714,2754
2012-04-04,120.47,19.98,0.0,0.0,166.43,3827.647388880934,199.626,3327.776124,85.29166667,58.6,7.542913732,2.472,0,0.8,4.291,26.8,125.11,85.71428571,2625
2012-04-05,120.47,20.0,0.0,0.0,164.407,3792.9176458359616,200.402,3327.776124,82.41666667,58.46666667,7.542913732,2.468,0,0.7,4.263,27.3,126.15,88.28571429,2727
2012-04-06,120.47,19.85,0.0,0.0,164.809,3827.647388880934,199.151,3327.776124,79.41666667,58.33333333,7.542913732,2.447,0,0.1,4.263,27.6,126.15,90.85714286,3642
2012-04-07,120.47,19.85,0.0,0.0,164.809,3792.9176458359616,199.151,3327.776124,82.16666667,58.2,7.542913732,2.447,0,2.3,4.263,27.4,126.15,93.42857143,2892
2012-04-08,120.47,19.85,0.0,0.0,164.809,3872.3038860037173,199.151,3327.776124,84.375,58.06666667,7.542913732,2.447,0,5.9,4.263,27.2,126.15,96.0,2952
2012-04-09,120.47,20.2,0.0,0.0,165.206,3820.328639080082,202.256,3327.776124,83.0,57.93333333,7.542913732,2.477,0,3.3,4.276,26.8,125.26,94.42857143,3046
2012-04-10,120.47,20.39,0.0,0.0,164.166,3792.9176458359616,204.657,3327.776124,84.58333333,57.8,7.542913732,2.5,0,6.5,4.342,26.4,127.51,92.85714286,2872
2012-04-11,120.47,20.4,0.0,0.0,166.808,3872.3038860037173,205.326,3327.776124,83.625,57.66666667,7.542913732,2.511,0,2.2,4.374,27.1,128.65,91.28571429,2863
2012-04-12,120.47,20.41,0.0,0.0,168.66,3792.9176458359616,203.885,3327.776124,85.45833333,57.53333333,7.542913732,2.496,0,6.1,4.342,26.5,128.65,89.71428571,3545
2012-04-13,120.47,20.27,0.0,0.0,169.632,3872.3038860037173,203.514,3327.776124,83.70833333,57.4,7.542913732,2.48,0,9.4,4.327,27.3,128.65,88.14285714,3394
2012-04-14,120.47,20.27,0.0,0.0,169.632,3827.647388880934,203.514,3327.776124,83.66666667,57.26666667,7.542913732,2.48,0,5.3,4.327,26.8,128.65,86.57142857,2654
2012-04-15,120.47,20.27,0.0,0.0,169.632,3812.495271533787,203.514,3327.776124,88.20833333,57.13333333,7.542913732,2.48,0,15.1,4.327,26.1,128.65,85.0,2467
2012-04-16,120.47,20.35,0.0,0.0,168.242,3812.495271533787,204.222,3327.776124,88.79166667,57.0,7.542913732,2.496,0,11.1,4.351,26.5,128.0,84.42857143,2195
2012-04-17,120.47,20.35,0.0,0.0,168.179,3827.647388880934,205.505,3327.776124,86.95833333,56.86666667,7.542913732,2.479,0,8.7,4.344,26.7,128.26,83.85714286,2155
2012-04-18,120.47,20.58,0.0,0.0,168.38,3820.328639080082,208.327,3327.776124,85.66666667,56.73333333,7.542913732,2.491,0,4.0,4.393,27.1,128.26,83.28571429,2028
2012-04-19,120.47,20.61,0.0,0.0,168.29,3812.495271533787,209.661,3327.776124,87.83333333,56.6,7.542913732,2.497,0,1.8,4.41,26.8,129.75,82.71428571,1850
2012-04-20,120.47,20.84,0.0,0.0,170.465,3812.495271533787,211.983,3327.776124,87.54166667,56.46666667,7.542913732,2.509,0,1.5,4.456,26.8,130.01,82.14285714,1752
2012-04-21,120.47,20.84,0.0,0.0,170.465,3872.3038860037173,211.983,3327.776124,88.33333333,56.33333333,7.542913732,2.509,0,4.5,4.456,27.1,130.01,81.57142857,1690
2012-04-22,120.47,20.84,0.0,0.0,170.465,3872.3038860037173,211.983,3327.776124,89.125,56.2,7.542913732,2.509,0,6.5,4.456,26.6,130.01,81.0,1660
2012-04-23,120.47,20.85,0.0,0.0,171.918,3872.3038860037173,212.277,3327.776124,89.5,56.06666667,7.542913732,2.501,0,15.2,4.479,25.9,131.45,81.71428571,1613
2012-04-24,120.47,21.02,0.0,0.0,172.883,3812.495271533787,214.246,3327.776124,92.45833333,55.93333333,7.542913732,2.526,0,30.0,4.516,25.4,131.51,82.42857143,1511
2012-04-25,120.47,20.65,0.0,0.0,173.528,3827.647388880934,210.622,3327.776124,86.5,55.8,7.542913732,2.484,0,6.2,4.44,26.6,132.5,83.14285714,1617
2012-04-26,120.47,20.59,0.0,0.0,175.205,3792.9176458359616,211.396,3327.776124,88.0,55.66666667,7.542913732,2.473,0,4.2,4.43,26.7,130.21,83.85714286,1565
2012-04-27,120.47,20.54,0.0,0.0,171.988,3812.495271533787,210.39,3327.776124,87.625,55.53333333,7.542913732,2.461,0,5.2,4.408,26.8,129.95,84.57142857,1508
2012-04-28,120.47,20.54,0.0,0.0,171.988,3820.328639080082,210.39,3327.776124,84.54166667,55.4,7.542913732,2.461,0,3.5,4.408,27.5,129.95,85.28571429,1581
2012-04-29,120.47,20.54,0.0,0.0,171.988,3827.647388880934,210.39,3327.776124,87.45833333,55.26666667,7.542913732,2.461,0,5.2,4.408,26.9,129.95,86.0,1608
2012-04-30,120.47,20.54,0.0,0.0,172.243,3827.647388880934,210.202,3327.776124,86.66666667,55.13333333,7.542913732,2.469,0,4.1,4.422,26.8,129.61,85.71428571,1645
2012-05-01,110.8221739,20.29,0.0,0.0,171.617,3792.9176458359616,207.328,3327.776124,80.125,55.0,7.542913732,2.416,0,1.6,4.362,27.6,129.61,85.42857143,2396
2012-05-02,110.8221739,20.18,0.0,0.0,171.571,3812.495271533787,205.916,3327.776124,76.66666667,54.74193548,7.542913732,2.386,0,0.1,4.309,27.4,128.0,85.14285714,2122
2012-05-03,110.8221739,20.2,0.0,0.0,168.371,3792.9176458359616,205.837,3327.776124,72.25,54.48387097,7.542913732,2.383,0,0.0,4.276,26.9,127.25,84.85714286,2316
2012-05-04,110.8221739,20.17,0.0,0.0,167.353,3792.9176458359616,205.985,3327.776124,69.375,54.22580645,7.542913732,2.407,0,0.0,4.241,27.6,127.41,84.57142857,2402
2012-05-05,110.8221739,20.17,0.0,0.0,167.353,3812.495271533787,205.985,3327.776124,69.91666667,53.96774194,7.542913732,2.407,0,0.0,4.241,27.9,127.41,84.28571429,3139
2012-05-06,110.8221739,20.17,0.0,0.0,167.353,3820.328639080082,205.985,3327.776124,78.58333333,53.70967742,7.542913732,2.407,0,1.7,4.241,27.6,127.41,84.0,2916
2012-05-07,110.8221739,20.29,0.0,0.0,166.697,3872.3038860037173,206.81,3327.776124,81.66666667,53.4516129,7.542913732,2.409,0,0.9,4.251,28.1,127.21,83.28571429,2747
2012-05-08,110.8221739,20.29,0.0,0.0,166.066,3827.647388880934,206.545,3327.776124,78.41666667,53.19354839,7.542913732,2.382,0,0.0,4.219,28.0,128.0,82.57142857,2339
2012-05-09,110.8221739,20.18,0.0,0.0,166.432,3872.3038860037173,205.659,3327.776124,79.125,52.93548387,7.542913732,2.392,0,0.8,4.224,27.5,128.03,81.85714286,2414
2012-05-10,110.8221739,20.22,0.0,0.0,165.575,3792.9176458359616,205.101,3327.776124,76.375,52.67741935,7.542913732,2.379,0,0.0,4.231,27.6,127.41,81.14285714,2374
2012-05-11,110.8221739,20.37,0.0,0.0,164.811,3827.647388880934,207.185,3327.776124,79.95833333,52.41935484,7.542913732,2.388,0,1.4,4.235,27.5,127.61,80.42857143,2176
2012-05-12,110.8221739,20.37,0.0,0.0,164.811,3872.3038860037173,207.185,3327.776124,79.33333333,52.16129032,7.542913732,2.388,0,2.8,4.235,27.5,127.61,79.71428571,2165
2012-05-13,110.8221739,20.37,0.0,0.0,164.811,3792.9176458359616,207.185,3327.776124,79.33333333,51.90322581,7.542913732,2.388,0,1.6,4.235,27.7,127.61,79.0,2030
2012-05-14,110.8221739,20.43,0.0,0.0,164.834,3872.3038860037173,206.422,3327.776124,83.29166667,51.64516129,7.542913732,2.399,0,2.4,4.199,27.8,128.75,79.42857143,1865
2012-05-15,110.8221739,20.34,0.0,0.0,165.135,3820.328639080082,204.657,3327.776124,83.29166667,51.38709677,7.542913732,2.367,0,1.4,4.142,27.7,129.05,79.85714286,1846
2012-05-16,110.8221739,20.38,0.0,0.0,164.306,3812.495271533787,203.601,3327.776124,77.5,51.12903226,7.542913732,2.371,0,0.5,4.146,27.9,128.61,80.28571429,1898
2012-05-17,110.8221739,20.47,0.0,0.0,163.534,3812.495271533787,204.853,3327.776124,75.25,50.87096774,7.542913732,2.38,0,0.0,4.14,27.9,128.91,80.71428571,1838
2012-05-18,110.8221739,20.47,0.0,0.0,163.625,3872.3038860037173,204.989,3327.776124,76.70833333,50.61290323,7.542913732,2.356,0,0.7,4.169,28.3,129.51,81.14285714,1628
2012-05-19,110.8221739,20.47,0.0,0.0,163.625,3872.3038860037173,204.989,3327.776124,82.79166667,50.35483871,7.542913732,2.356,0,2.1,4.169,27.7,129.51,81.57142857,1478
2012-05-20,110.8221739,20.47,0.0,0.0,163.625,3626.727906240101,204.989,3327.776124,86.16666667,50.09677419,7.542913732,2.356,0,6.3,4.169,27.3,129.51,82.0,1319
2012-05-21,110.8221739,20.5,0.0,0.0,165.553,3440.3339140534263,204.233,3327.776124,87.25,49.83870968,7.542913732,2.342,0,12.8,4.129,26.9,129.51,82.57142857,1268
2012-05-22,110.8221739,20.49,0.0,0.0,165.942,3626.727906240101,203.679,3327.776124,84.70833333,49.58064516,7.542913732,2.32,0,9.1,4.09,26.9,129.61,83.14285714,1339
2012-05-23,110.8221739,20.52,0.0,0.0,164.32,3812.495271533787,204.078,3327.776124,88.0,49.32258065,7.542913732,2.344,0,7.0,4.095,27.0,129.81,83.71428571,1249
2012-05-24,110.8221739,20.6,0.0,0.0,163.373,3812.495271533787,204.705,3327.776124,87.95833333,49.06451613,7.542913732,2.361,0,9.9,4.072,26.6,130.21,84.28571429,1231
2012-05-25,110.8221739,20.68,0.0,0.0,163.244,3812.495271533787,205.82,3327.776124,88.41666667,48.80645161,7.542913732,2.378,0,13.3,4.073,26.2,130.71,84.85714286,1200
2012-05-26,110.8221739,20.68,0.0,0.0,163.244,3792.9176458359616,205.82,3327.776124,89.41666667,48.5483871,7.542913732,2.378,0,14.7,4.073,25.7,130.71,85.42857143,1219
2012-05-27,110.8221739,20.68,0.0,0.0,163.244,3820.328639080082,205.82,3327.776124,88.70833333,48.29032258,7.542913732,2.378,0,8.1,4.073,26.2,130.71,86.0,1217
2012-05-28,110.8221739,20.72,0.0,0.0,163.61,3792.9176458359616,205.702,3327.776124,88.29166667,48.03225806,7.542913732,2.364,0,7.3,4.071,26.8,131.25,85.71428571,1171
2012-05-29,110.8221739,20.68,0.0,0.0,164.614,3820.328639080082,203.597,3327.776124,84.95833333,47.77419355,7.542913732,2.343,0,3.4,4.013,27.0,131.51,85.42857143,1316
2012-05-30,110.8221739,20.65,0.0,0.0,164.375,3812.495271533787,202.585,3327.776124,83.58333333,47.51612903,7.542913732,2.347,0,4.2,3.945,27.4,131.51,85.14285714,1426
2012-05-31,110.8221739,20.49,0.0,0.0,162.685,3820.328639080082,200.503,3327.776124,85.79166667,47.25806452,7.542913732,2.35,0,4.8,3.878,27.2,131.51,84.85714286,1462
2012-06-01,95.88904762,20.43,0.0,0.0,162.527,3812.495271533787,199.962,3327.776124,88.04166667,47.0,7.542913732,2.336,0,9.6,3.884,26.8,130.51,84.57142857,2349
2012-06-02,95.88904762,20.43,0.0,0.0,162.527,3812.495271533787,199.962,3327.776124,88.5,46.86666667,7.542913732,2.336,0,3.8,3.884,27.4,130.51,84.28571429,2335
2012-06-03,95.88904762,20.43,0.0,0.0,162.527,3827.647388880934,199.962,3327.776124,88.70833333,46.73333333,7.542913732,2.336,0,16.8,3.884,26.4,130.51,84.0,2541
2012-06-04,95.88904762,20.42,0.0,0.0,162.283,3827.647388880934,199.981,3327.776124,88.41666667,46.6,7.542913732,2.34,0,12.3,3.93,26.6,130.01,82.71428571,3134
2012-06-05,95.88904762,20.43,0.0,0.0,162.481,3827.647388880934,201.412,3327.776124,89.0,46.46666667,7.542913732,2.352,0,13.6,4.019,26.3,130.01,81.42857143,2462
2012-06-06,95.88904762,20.43,0.0,0.0,161.914,3872.3038860037173,201.861,3327.776124,88.75,46.33333333,7.542913732,2.365,0,17.0,4.025,26.2,130.01,80.14285714,2605
2012-06-07,95.88904762,20.41,0.0,0.0,163.448,3872.3038860037173,201.178,3327.776124,88.83333333,46.2,7.542913732,2.346,0,5.5,4.007,26.9,130.01,78.85714286,2628
2012-06-08,95.88904762,20.69,0.0,0.0,163.286,3820.328639080082,204.035,3327.776124,86.54166667,46.06666667,7.542913732,2.366,0,4.0,4.043,27.4,130.01,77.57142857,2595
2012-06-09,95.88904762,20.69,0.0,0.0,163.286,3827.647388880934,204.035,3327.776124,85.45833333,45.93333333,7.542913732,2.366,0,4.7,4.043,27.7,130.01,76.28571429,2666
2012-06-10,95.88904762,20.69,0.0,0.0,163.286,3827.647388880934,204.035,3327.776124,82.04166667,45.8,7.542913732,2.366,0,6.0,4.043,27.8,130.01,75.0,2807
2012-06-11,95.88904762,20.77,0.0,0.0,162.74,3827.647388880934,206.08,3327.776124,82.625,45.66666667,7.542913732,2.371,0,4.0,4.011,27.5,131.81,75.71428571,2769
2012-06-12,95.88904762,20.73,0.0,0.0,164.401,3820.328639080082,204.699,3327.776124,86.875,45.53333333,7.542913732,2.375,0,3.1,4.064,26.5,132.31,76.42857143,2585
2012-06-13,95.88904762,20.69,0.0,0.0,165.546,3792.9176458359616,205.037,3327.776124,89.875,45.4,7.542913732,2.366,0,11.3,4.065,25.6,132.0,77.14285714,2509
2012-06-14,95.88904762,20.66,0.0,0.0,165.819,3792.9176458359616,206.7,3327.776124,89.79166667,45.26666667,7.542913732,2.374,0,15.8,4.062,25.5,131.81,77.85714286,2400
2012-06-15,95.88904762,20.77,0.0,0.0,166.516,3820.328639080082,206.86,3327.776124,86.33333333,45.13333333,7.542913732,2.365,0,4.9,4.073,26.7,131.51,78.57142857,2268
2012-06-16,95.88904762,20.77,0.0,0.0,166.516,3872.3038860037173,206.86,3327.776124,87.41666667,45.0,7.542913732,2.365,0,1.0,4.073,26.9,131.51,79.28571429,2169
2012-06-17,95.88904762,20.77,0.0,0.0,166.516,3872.3038860037173,206.86,3327.776124,87.125,44.86666667,7.542913732,2.365,0,2.8,4.073,26.6,131.51,80.0,2122
2012-06-18,95.88904762,20.85,0.0,0.0,166.202,3792.9176458359616,208.359,3327.776124,86.125,44.73333333,7.542913732,2.371,0,1.3,4.092,27.0,132.01,79.71428571,1920
2012-06-19,95.88904762,20.9,0.0,0.0,166.055,3812.495271533787,208.786,3327.776124,85.125,44.6,7.542913732,2.367,0,2.3,4.08,26.9,132.51,79.42857143,1904
2012-06-20,95.88904762,20.86,0.0,0.0,168.115,3792.9176458359616,207.055,3327.776124,88.0,44.46666667,7.542913732,2.361,0,6.5,4.002,26.0,132.9,79.14285714,1991
2012-06-21,95.88904762,20.9,0.0,0.0,168.843,3827.647388880934,207.363,3327.776124,89.0,44.33333333,7.542913732,2.328,0,2.8,4.005,26.0,132.8,78.85714286,1877
2012-06-22,95.88904762,20.98,0.0,0.0,166.571,3820.328639080082,207.887,3327.776124,88.0,44.2,7.542913732,2.344,0,2.8,4.017,26.2,133.01,78.57142857,1727
2012-06-23,95.88904762,20.98,0.0,0.0,166.571,3812.495271533787,207.887,3327.776124,88.5,44.06666667,7.542913732,2.344,0,3.5,4.017,26.2,133.01,78.28571429,1672
2012-06-24,95.88904762,20.98,0.0,0.0,166.571,3812.495271533787,207.887,3327.776124,88.125,43.93333333,7.542913732,2.344,0,2.4,4.017,26.4,133.01,78.0,1628
2012-06-25,95.88904762,21.04,0.0,0.0,167.194,3827.647388880934,209.393,3327.776124,88.58333333,43.8,7.542913732,2.351,0,3.1,4.07,25.8,133.5,78.42857143,1571
2012-06-26,95.88904762,20.97,0.0,0.0,166.935,3820.328639080082,207.563,3327.776124,86.79166667,43.66666667,7.542913732,2.343,0,3.6,4.042,26.0,133.9,78.85714286,1616
2012-06-27,95.88904762,21.08,0.0,0.0,167.255,3812.495271533787,207.895,3327.776124,86.25,43.53333333,7.542913732,2.358,0,9.3,4.044,26.0,133.31,79.28571429,1661
2012-06-28,95.88904762,20.97,0.0,0.0,166.251,3812.495271533787,209.332,3327.776124,88.0,43.4,7.542913732,2.401,0,9.9,4.114,25.9,134.0,79.71428571,1538
2012-06-29,95.88904762,20.98,0.0,0.0,166.676,3812.495271533787,209.099,3327.776124,86.625,43.26666667,7.542913732,2.405,0,2.0,4.089,26.6,133.26,80.14285714,1558
2012-06-30,95.88904762,20.98,0.0,0.0,166.676,3820.328639080082,209.099,3327.776124,87.54166667,43.13333333,7.542913732,2.405,0,16.2,4.089,26.3,133.26,80.57142857,1638
2012-07-01,102.9795455,20.98,0.0,0.0,166.676,3872.3038860037173,209.099,3327.776124,89.75,43.0,7.542913732,2.405,0,18.2,4.089,25.7,133.26,81.0,2912
2012-07-02,102.9795455,20.97,0.0,0.0,168.707,3827.647388880934,208.987,3327.776124,89.79166667,43.06451613,7.542913732,2.457,0,21.1,4.134,25.6,133.21,80.71428571,2920
2012-07-03,102.9795455,21.08,0.0,0.0,167.639,3792.9176458359616,208.662,3327.776124,88.95833333,43.12903226,7.542913732,2.453,0,6.6,4.138,26.0,133.21,80.42857143,3727
2012-07-04,102.9795455,21.06,0.0,0.0,167.938,3820.328639080082,207.782,3327.776124,86.0,43.19354839,7.542913732,2.435,0,8.3,4.117,26.2,133.8,80.14285714,3267
2012-07-05,102.9795455,20.97,0.0,0.0,167.584,3827.647388880934,206.714,3327.776124,83.875,43.25806452,7.542913732,2.409,0,9.1,4.06,26.4,133.85,79.85714286,3582
2012-07-06,102.9795455,20.92,0.0,0.0,165.867,3827.647388880934,206.913,3327.776124,87.45833333,43.32258065,7.542913732,2.386,0,7.5,4.04,26.2,133.45,79.57142857,3470
2012-07-07,102.9795455,20.92,0.0,0.0,165.867,3792.9176458359616,206.913,3327.776124,89.0,43.38709677,7.542913732,2.386,0,11.8,4.04,25.9,133.45,79.28571429,3601
2012-07-08,102.9795455,20.92,0.0,0.0,165.867,3792.9176458359616,206.913,3327.776124,87.45833333,43.4516129,7.542913732,2.386,0,19.2,4.04,26.0,133.45,79.0,3800
2012-07-09,102.9795455,21.01,0.0,0.0,163.99,3827.647388880934,207.527,3327.776124,89.20833333,43.51612903,7.542913732,2.414,0,29.5,4.066,25.8,133.26,79.57142857,3644
2012-07-10,102.9795455,20.96,0.0,0.0,164.156,3812.495271533787,206.994,3327.776124,85.66666667,43.58064516,7.542913732,2.404,0,15.6,4.082,26.4,133.75,80.14285714,3681
2012-07-11,102.9795455,20.95,0.0,0.0,163.877,3792.9176458359616,205.906,3327.776124,83.08333333,43.64516129,7.542913732,2.391,0,5.8,4.078,27.0,133.51,80.71428571,3706
2012-07-12,102.9795455,21.01,0.0,0.0,163.41,3812.495271533787,208.712,3327.776124,81.79166667,43.70967742,7.542913732,2.43,0,1.9,4.115,27.5,133.51,81.28571429,3483
2012-07-13,102.9795455,20.93,0.0,0.0,162.882,3792.9176458359616,208.703,3327.776124,82.5,43.77419355,7.542913732,2.425,0,2.6,4.104,27.3,134.0,81.85714286,3288
2012-07-14,102.9795455,20.93,0.0,0.0,162.882,3820.328639080082,208.703,3327.776124,86.08333333,43.83870968,7.542913732,2.425,0,11.3,4.104,26.8,134.0,82.42857143,3139
2012-07-15,102.9795455,20.93,0.0,0.0,162.882,3820.328639080082,208.703,3327.776124,84.83333333,43.90322581,7.542913732,2.425,0,1.8,4.104,27.0,134.0,83.0,3098
2012-07-16,102.9795455,20.95,0.0,0.0,164.17,3872.3038860037173,208.944,3327.776124,84.41666667,43.96774194,7.542913732,2.426,0,3.2,4.127,26.9,133.51,82.85714286,2992
2012-07-17,102.9795455,20.96,0.0,0.0,163.817,3792.9176458359616,208.983,3327.776124,85.5,44.03225806,7.542913732,2.413,0,4.3,4.142,26.7,133.51,82.71428571,2766
2012-07-18,102.9795455,20.79,0.0,0.0,164.097,3812.495271533787,208.332,3327.776124,86.04166667,44.09677419,7.542913732,2.402,0,4.6,4.163,26.3,133.51,82.57142857,2669
2012-07-19,102.9795455,20.59,0.0,0.0,164.004,3812.495271533787,205.035,3327.776124,81.95833333,44.16129032,7.542913732,2.373,0,0.9,4.094,27.0,132.51,82.42857143,2714
2012-07-20,102.9795455,20.49,0.0,0.0,162.715,3872.3038860037173,202.968,3327.776124,83.20833333,44.22580645,7.542913732,2.34,0,1.8,4.006,27.0,131.26,82.28571429,2671
2012-07-21,102.9795455,20.49,0.0,0.0,162.715,3820.328639080082,202.968,3327.776124,85.33333333,44.29032258,7.542913732,2.34,0,2.6,4.006,26.8,131.26,82.14285714,2538
2012-07-22,102.9795455,20.49,0.0,0.0,162.715,3827.647388880934,202.968,3327.776124,85.33333333,44.35483871,7.542913732,2.34,0,1.1,4.006,27.0,131.26,82.0,2463
2012-07-23,102.9795455,20.41,0.0,0.0,159.56,3827.647388880934,202.052,3327.776124,85.54166667,44.41935484,7.542913732,2.32,0,7.3,3.956,26.5,130.85,81.57142857,2391
2012-07-24,102.9795455,20.51,0.0,0.0,158.609,3827.647388880934,202.972,3327.776124,86.16666667,44.48387097,7.542913732,2.338,0,2.8,4.011,26.8,130.31,81.14285714,2197
2012-07-25,102.9795455,20.54,0.0,0.0,157.206,3827.647388880934,205.762,3327.776124,86.70833333,44.5483871,7.542913732,2.363,0,3.8,4.053,26.5,131.0,80.71428571,2123
2012-07-26,102.9795455,20.69,0.0,0.0,159.178,3872.3038860037173,207.88,3327.776124,85.66666667,44.61290323,7.542913732,2.389,0,1.1,4.121,27.0,131.15,80.28571429,2065
2012-07-27,102.9795455,20.67,0.0,0.0,161.065,3827.647388880934,207.13,3327.776124,83.91666667,44.67741935,7.542913732,2.378,0,0.6,4.098,26.9,132.0,79.85714286,2167
2012-07-28,102.9795455,20.67,0.0,0.0,161.065,3827.647388880934,207.13,3327.776124,87.08333333,44.74193548,7.542913732,2.378,0,1.9,4.098,26.8,132.0,79.42857143,2149
2012-07-29,102.9795455,20.67,0.0,0.0,161.065,3812.495271533787,207.13,3327.776124,89.04166667,44.80645161,7.542913732,2.378,0,2.7,4.098,26.4,132.0,79.0,2190
2012-07-30,102.9795455,20.72,0.0,0.0,162.657,3872.3038860037173,206.682,3327.776124,87.375,44.87096774,7.542913732,2.373,0,1.4,4.093,26.7,131.85,80.0,2338
2012-07-31,102.9795455,20.7,0.0,0.0,161.654,3812.495271533787,204.862,3327.776124,81.66666667,44.93548387,7.542913732,2.377,0,0.8,4.069,27.2,131.85,81.0,2587
2012-08-01,113.7804348,20.71,0.0,0.0,162.202,3792.9176458359616,204.572,3327.776124,83.54166667,45.0,7.542913732,2.361,0,3.5,4.037,26.7,131.85,82.0,3145
2012-08-02,113.7804348,20.71,0.0,0.0,161.24,3820.328639080082,206.416,3327.776124,82.91666667,45.19354839,7.542913732,2.367,0,2.2,4.125,26.9,131.85,83.0,2355
2012-08-03,113.7804348,20.69,0.0,0.0,160.639,3872.3038860037173,205.721,3327.776124,81.0,45.38709677,7.542913732,2.375,0,3.1,4.181,27.0,131.95,84.0,2372
2012-08-04,113.7804348,20.69,0.0,0.0,160.639,3792.9176458359616,205.721,3327.776124,83.29166667,45.58064516,7.542913732,2.375,0,1.3,4.181,26.9,131.95,85.0,2399
2012-08-05,113.7804348,20.69,0.0,0.0,160.639,3827.647388880934,205.721,3327.776124,86.66666667,45.77419355,7.542913732,2.375,0,2.3,4.181,26.6,131.95,86.0,2489
2012-08-06,113.7804348,20.73,0.0,0.0,163.466,3812.495271533787,206.086,3327.776124,88.0,45.96774194,7.542913732,2.396,0,5.0,4.183,26.1,131.885,86.14285714,2645
2012-08-07,113.7804348,20.69,0.0,0.0,163.511,3872.3038860037173,206.081,3327.776124,88.66666667,46.16129032,7.542913732,2.381,0,3.5,4.174,26.3,131.95,86.28571429,2774
2012-08-08,113.7804348,20.75,0.0,0.0,163.565,3792.9176458359616,206.389,3327.776124,86.79166667,46.35483871,7.542913732,2.392,0,1.2,4.162,26.6,131.635,86.42857143,2928
2012-08-09,113.7804348,20.74,0.0,0.0,162.727,3792.9176458359616,206.958,3327.776124,83.875,46.5483871,7.542913732,2.386,0,3.5,4.144,27.0,131.975,86.57142857,3023
2012-08-10,113.7804348,20.74,0.0,0.0,162.395,3820.328639080082,206.944,3327.776124,87.375,46.74193548,7.542913732,2.384,0,7.9,4.141,26.3,131.9,86.71428571,2942
2012-08-11,113.7804348,20.74,0.0,0.0,162.395,3792.9176458359616,206.944,3327.776124,90.45833333,46.93548387,7.542913732,2.384,0,25.4,4.141,25.3,131.9,86.85714286,2957
2012-08-12,113.7804348,20.74,0.0,0.0,162.395,3792.9176458359616,206.944,3327.776124,89.0,47.12903226,7.542913732,2.384,0,9.7,4.141,25.6,131.9,87.0,2943
2012-08-13,113.7804348,20.75,0.0,0.0,162.138,3827.647388880934,206.878,3327.776124,89.08333333,47.32258065,7.542913732,2.373,0,6.6,4.144,25.9,131.95,87.0,2767
2012-08-14,113.7804348,20.75,0.0,0.0,162.728,3792.9176458359616,207.003,3327.776124,86.95833333,47.51612903,7.542913732,2.377,0,4.9,4.142,26.2,131.95,87.0,2742
2012-08-15,113.7804348,20.74,0.0,0.0,162.562,3872.3038860037173,207.735,3327.776124,88.16666667,47.70967742,7.542913732,2.373,0,8.8,4.143,26.1,132.0,87.0,2696
2012-08-16,113.7804348,20.82,0.0,0.0,162.215,3812.495271533787,207.783,3327.776124,88.33333333,47.90322581,7.542913732,2.375,0,19.2,4.132,26.0,132.0,87.0,2565
2012-08-17,113.7804348,20.8,0.0,0.0,163.086,3792.9176458359616,207.765,3327.776124,85.58333333,48.09677419,7.542913732,2.383,0,18.6,4.126,26.0,132.375,87.0,2562
2012-08-18,113.7804348,20.8,0.0,0.0,163.086,3872.3038860037173,207.765,3327.776124,83.41666667,48.29032258,7.542913732,2.383,0,9.3,4.126,26.6,132.375,87.0,2567
2012-08-19,113.7804348,20.8,0.0,0.0,163.086,3827.647388880934,207.765,3327.776124,82.16666667,48.48387097,7.542913732,2.383,0,2.0,4.126,27.1,132.375,87.0,3144
2012-08-20,113.7804348,20.77,0.0,0.0,163.285,3812.495271533787,208.339,3327.776124,84.70833333,48.67741935,7.542913732,2.384,0,1.9,4.156,27.0,132.25,87.42857143,2222
2012-08-21,113.7804348,20.84,0.0,0.0,163.302,3827.647388880934,210.152,3327.776124,89.33333333,48.87096774,7.542913732,2.385,0,3.0,4.164,25.7,132.01,87.85714286,2166
2012-08-22,113.7804348,20.83,0.0,0.0,164.623,3820.328639080082,209.907,3327.776124,86.33333333,49.06451613,7.542913732,2.395,0,2.5,4.176,26.0,132.35,88.28571429,2208
2012-08-23,113.7804348,20.81,0.0,0.0,165.775,3812.495271533787,209.068,3327.776124,87.04166667,49.25806452,7.542913732,2.383,0,5.8,4.157,26.0,132.35,88.71428571,2146
2012-08-24,113.7804348,20.84,0.0,0.0,166.258,3792.9176458359616,209.217,3327.776124,89.5,49.4516129,7.542913732,2.379,0,13.7,4.154,25.2,132.25,89.14285714,2086
2012-08-25,113.7804348,20.84,0.0,0.0,166.258,3812.495271533787,209.217,3327.776124,88.66666667,49.64516129,7.542913732,2.379,0,27.5,4.154,25.8,132.25,89.57142857,2067
2012-08-26,113.7804348,20.84,0.0,0.0,166.258,3827.647388880934,209.217,3327.776124,85.70833333,49.83870968,7.542913732,2.379,0,10.0,4.154,26.5,132.25,90.0,2141
2012-08-27,113.7804348,20.83,0.0,0.0,165.478,3820.328639080082,209.371,3327.776124,82.375,50.03225806,7.542913732,2.378,0,6.9,4.137,26.8,132.5,88.85714286,2212
2012-08-28,113.7804348,20.84,0.0,0.0,165.618,3812.495271533787,209.517,3327.776124,85.875,50.22580645,7.542913732,2.376,0,5.7,4.109,26.7,132.35,87.71428571,2209
2012-08-29,113.7804348,20.85,0.0,0.0,166.291,3792.9176458359616,208.961,3327.776124,88.70833333,50.41935484,7.542913732,2.379,0,23.0,4.066,25.7,132.35,86.57142857,2412
2012-08-30,113.7804348,20.85,0.0,0.0,165.841,3812.495271533787,210.046,3327.776124,89.95833333,50.61290323,7.542913732,2.384,0,22.3,4.105,25.4,132.375,85.42857143,2398
2012-08-31,113.7804348,20.87,0.0,0.0,165.568,3872.3038860037173,210.185,3327.776124,87.125,50.80645161,7.542913732,2.383,0,6.1,4.097,26.3,132.375,84.28571429,3174
2012-09-01,113.6415,20.87,0.0,0.0,165.568,3827.647388880934,210.185,3327.776124,87.91666667,51.0,7.542913732,2.383,0,5.6,4.097,26.0,132.375,83.14285714,2496
2012-09-02,113.6415,20.87,0.0,0.0,165.568,3792.9176458359616,210.185,3327.776124,87.70833333,51.06666667,7.542913732,2.383,0,6.6,4.097,26.4,132.375,82.0,2508
2012-09-03,113.6415,20.85,0.0,0.0,166.528,3812.495271533787,210.053,3327.776124,89.70833333,51.13333333,7.542913732,2.379,0,16.1,4.097,25.8,132.325,81.28571429,2558
2012-09-04,113.6415,20.84,0.0,0.0,166.597,3820.328639080082,210.45,3327.776124,88.79166667,51.2,7.542913732,2.367,0,19.3,4.098,25.7,132.325,80.57142857,2732
2012-09-05,113.6415,20.87,0.0,0.0,166.279,3820.328639080082,210.953,3327.776124,84.45833333,51.26666667,7.542913732,2.379,0,1.0,4.143,26.8,132.325,79.85714286,2855
2012-09-06,113.6415,20.87,0.0,0.0,166.776,3812.495271533787,211.886,3327.776124,88.66666667,51.33333333,7.542913732,2.391,0,5.5,4.181,26.2,132.4,79.14285714,2771
2012-09-07,113.6415,20.87,0.0,0.0,167.255,3792.9176458359616,211.535,3327.776124,89.16666667,51.4,7.542913732,2.386,0,13.9,4.176,25.7,132.375,78.42857143,2896
2012-09-08,113.6415,20.87,0.0,0.0,167.255,3812.495271533787,211.535,3327.776124,88.41666667,51.46666667,7.542913732,2.386,0,9.5,4.176,26.1,132.375,77.71428571,3000
2012-09-09,113.6415,20.87,0.0,0.0,167.255,3812.495271533787,211.535,3327.776124,87.70833333,51.53333333,7.542913732,2.386,0,9.4,4.176,26.0,132.375,77.0,3115
2012-09-10,113.6415,20.89,0.0,0.0,169.698,3827.647388880934,212.647,3327.776124,85.83333333,51.6,7.542913732,2.395,0,22.9,4.195,26.3,132.3,76.14285714,3184
2012-09-11,113.6415,20.85,0.0,0.0,168.762,3792.9176458359616,212.445,3327.776124,89.375,51.66666667,7.542913732,2.389,0,12.8,4.193,26.0,132.325,75.28571429,2977
2012-09-12,113.6415,20.83,0.0,0.0,170.07,3812.495271533787,212.912,3327.776124,87.79166667,51.73333333,7.542913732,2.382,0,5.8,4.243,26.4,131.9,74.42857143,2884
2012-09-13,113.6415,20.92,0.0,0.0,170.151,3827.647388880934,214.207,3327.776124,91.16666667,51.8,7.542913732,2.433,0,3.2,4.331,26.1,131.85,73.57142857,2552
2012-09-14,113.6415,20.92,0.0,0.0,171.207,3827.647388880934,214.744,3327.776124,87.66666667,51.86666667,7.542913732,2.452,0,2.8,4.314,26.4,132.1,72.71428571,2581
2012-09-15,113.6415,20.92,0.0,0.0,171.207,3827.647388880934,214.744,3327.776124,86.125,51.93333333,7.542913732,2.452,0,5.8,4.314,26.3,132.1,71.85714286,2611
2012-09-16,113.6415,20.92,0.0,0.0,171.207,3792.9176458359616,214.744,3327.776124,85.66666667,52.0,7.542913732,2.452,0,3.0,4.314,26.7,132.1,71.0,2484
2012-09-17,113.6415,20.88,0.0,0.0,173.428,3872.3038860037173,214.307,3327.776124,86.95833333,52.06666667,7.542913732,2.448,0,9.7,4.268,26.5,132.15,70.85714286,2487
2012-09-18,113.6415,20.87,0.0,0.0,173.328,2832.5928506904115,213.651,3327.776124,86.625,52.13333333,7.542913732,2.438,0,5.4,4.222,26.4,131.95,70.71428571,2050
2012-09-19,113.6415,20.88,0.0,0.0,172.109,2832.5928506904115,213.403,3327.776124,84.5,52.2,7.542913732,2.425,0,2.3,4.213,26.6,131.7,70.57142857,2030
2012-09-20,113.6415,20.83,0.0,0.0,171.835,2852.320278745645,213.188,3327.776124,89.33333333,52.26666667,7.542913732,2.461,0,15.8,4.231,25.9,131.6,70.42857143,1864
2012-09-21,113.6415,20.79,0.0,0.0,170.646,2829.185443283004,212.752,3327.776124,85.0,52.33333333,7.542913732,2.454,0,2.5,4.212,26.4,131.35,70.28571429,1823
2012-09-22,113.6415,20.79,0.0,0.0,170.646,2832.5928506904115,212.752,3327.776124,88.5,52.4,7.542913732,2.454,0,20.0,4.212,25.7,131.35,70.14285714,1763
2012-09-23,113.6415,20.79,0.0,0.0,170.646,2829.185443283004,212.752,3327.776124,87.58333333,52.46666667,7.542913732,2.454,0,5.9,4.212,25.9,131.35,70.0,1734
2012-09-24,113.6415,20.78,0.0,0.0,170.447,2813.2145345943254,212.123,3327.776124,89.91666667,52.53333333,7.542913732,2.455,0,25.0,4.201,25.2,131.15,70.28571429,1670
2012-09-25,113.6415,20.79,0.0,0.0,169.59,2824.8698682017875,211.696,3327.776124,84.08333333,52.6,7.542913732,2.444,0,4.1,4.182,26.5,131.025,70.57142857,1746
2012-09-26,113.6415,20.56,0.0,0.0,169.029,2852.320278745645,210.425,3327.776124,78.25,52.66666667,7.542913732,2.449,0,1.7,4.183,27.2,131.0,70.85714286,1823
2012-09-27,113.6415,20.59,0.0,0.0,168.597,2824.8698682017875,209.235,3327.776124,79.5,52.73333333,7.542913732,2.449,0,0.4,4.15,27.1,129.6,71.14285714,1859
2012-09-28,113.6415,20.54,0.0,0.0,167.385,2852.320278745645,208.264,3327.776124,80.91666667,52.8,7.542913732,2.465,0,2.0,4.138,27.1,129.425,71.42857143,1797
2012-09-29,113.6415,20.54,0.0,0.0,167.385,2829.185443283004,208.264,3327.776124,79.625,52.86666667,7.542913732,2.465,0,0.8,4.138,27.3,129.425,71.71428571,2378
2012-09-30,113.6415,20.54,0.0,0.0,167.385,2813.2145345943254,208.264,3327.776124,82.79166667,52.93333333,7.542913732,2.465,0,1.2,4.138,27.1,129.425,72.0,1883
2012-10-01,111.7926087,20.57,0.0,0.0,166.388,2824.8698682017875,208.607,3327.776124,87.16666667,53.0,7.542913732,2.466,0,2.2,4.151,26.7,129.1,73.42857143,2343
2012-10-02,111.7926087,20.59,0.0,0.0,166.377,2824.8698682017875,207.964,3327.776124,80.625,52.83870968,7.542913732,2.477,0,0.1,4.152,27.1,129.3,74.85714286,2595
2012-10-03,111.7926087,20.53,0.0,0.0,167.03,2852.320278745645,208.948,3327.776124,81.04166667,52.67741935,7.542913732,2.493,0,1.0,4.166,27.0,129.375,76.28571429,2637
2012-10-04,111.7926087,20.43,0.0,0.0,166.998,2824.8698682017875,207.154,3327.776124,80.375,52.51612903,7.542913732,2.473,0,1.0,4.141,27.1,129.0,77.71428571,2762
2012-10-05,111.7926087,20.41,0.0,0.0,167.964,2824.8698682017875,205.624,3327.776124,78.25,52.35483871,7.542913732,2.443,0,0.0,4.116,27.0,128.4,79.14285714,3003
2012-10-06,111.7926087,20.41,0.0,0.0,167.964,2824.8698682017875,205.624,3327.776124,80.95833333,52.19354839,7.542913732,2.443,0,0.1,4.116,26.9,128.4,80.57142857,3043
2012-10-07,111.7926087,20.41,0.0,0.0,167.964,2852.320278745645,205.624,3327.776124,87.5,52.03225806,7.542913732,2.443,0,5.6,4.116,26.4,128.4,82.0,2894
2012-10-08,111.7926087,20.41,0.0,0.0,167.356,3812.495271533787,205.32,3327.776124,83.20833333,51.87096774,7.542913732,2.436,0,2.6,4.119,26.7,128.35,81.57142857,3579
2012-10-09,111.7926087,20.44,0.0,0.0,166.425,3792.9176458359616,205.52,3327.776124,89.0,51.70967742,7.542913732,2.421,0,11.0,4.124,26.0,128.325,81.14285714,3361
2012-10-10,111.7926087,20.46,0.0,0.0,165.263,3812.495271533787,206.057,3327.776124,86.25,51.5483871,7.542913732,2.438,0,8.1,4.136,26.4,128.45,80.71428571,3405
2012-10-11,111.7926087,20.5,0.0,0.0,165.232,3827.647388880934,206.445,3327.776124,84.875,51.38709677,7.542913732,2.432,0,3.5,4.129,26.5,128.4,80.28571429,3395
2012-10-12,111.7926087,20.49,0.0,0.0,166.021,3792.9176458359616,206.426,3327.776124,87.0,51.22580645,7.542913732,2.424,0,7.4,4.142,26.5,128.45,79.85714286,3076
2012-10-13,111.7926087,20.49,0.0,0.0,166.021,3792.9176458359616,206.426,3327.776124,82.95833333,51.06451613,7.542913732,2.424,0,6.3,4.142,26.6,128.45,79.42857143,3170
2012-10-14,111.7926087,20.49,0.0,0.0,166.021,3812.495271533787,206.426,3327.776124,84.66666667,50.90322581,7.542913732,2.424,0,7.3,4.142,26.5,128.45,79.0,2997
2012-10-15,111.7926087,20.55,0.0,0.0,166.401,3872.3038860037173,207.51,3327.776124,90.625,50.74193548,7.542913732,2.435,0,21.5,4.175,25.3,128.45,80.14285714,2738
2012-10-16,111.7926087,20.58,0.0,0.0,166.285,3812.495271533787,207.859,3327.776124,85.16666667,50.58064516,7.542913732,2.436,0,10.0,4.185,25.6,128.7,81.28571429,2755
2012-10-17,111.7926087,20.62,0.0,0.0,168.333,3820.328639080082,206.801,3327.776124,91.91666667,50.41935484,7.542913732,2.405,0,14.4,4.185,25.0,128.725,82.42857143,2514
2012-10-18,111.7926087,20.63,0.0,0.0,168.874,3792.9176458359616,206.511,3327.776124,88.0,50.25806452,7.542913732,2.396,0,18.7,4.177,25.5,128.9,83.57142857,2459
2012-10-19,111.7926087,20.74,0.0,0.0,168.427,3820.328639080082,207.695,3327.776124,88.125,50.09677419,7.542913732,2.422,0,19.4,4.17,25.0,129.025,84.71428571,2405
2012-10-20,111.7926087,20.74,0.0,0.0,168.427,3872.3038860037173,207.695,3327.776124,88.0,49.93548387,7.542913732,2.422,0,11.4,4.17,25.7,129.025,85.85714286,2288
2012-10-21,111.7926087,20.74,0.0,0.0,168.427,3872.3038860037173,207.695,3327.776124,87.29166667,49.77419355,7.542913732,2.422,0,19.2,4.17,26.0,129.025,87.0,2205
2012-10-22,111.7926087,20.79,0.0,0.0,168.049,3820.328639080082,207.249,3327.776124,90.16666667,49.61290323,7.542913732,2.418,0,29.6,4.139,25.5,129.7,86.28571429,2055
2012-10-23,111.7926087,20.82,0.0,0.0,169.427,3827.647388880934,208.681,3327.776124,90.04166667,49.4516129,7.542913732,2.421,0,15.3,4.143,25.6,129.9,85.57142857,2019
2012-10-24,111.7926087,20.83,0.0,0.0,168.668,3872.3038860037173,209.573,3327.776124,88.54166667,49.29032258,7.542913732,2.427,0,49.9,4.145,25.9,130.1,84.85714286,1991
2012-10-25,111.7926087,20.77,0.0,0.0,168.733,3792.9176458359616,209.076,3327.776124,89.0,49.12903226,7.542913732,2.424,0,8.2,4.134,26.2,130.0,84.14285714,1863
2012-10-26,111.7926087,20.79,0.0,0.0,168.155,3872.3038860037173,208.141,3327.776124,85.875,48.96774194,7.542913732,2.4,0,4.4,4.123,26.1,129.8,83.42857143,1946
2012-10-27,111.7926087,20.79,0.0,0.0,168.155,3872.3038860037173,208.141,3327.776124,88.0,48.80645161,7.542913732,2.4,0,4.0,4.123,26.2,129.8,82.71428571,2415
2012-10-28,111.7926087,20.79,0.0,0.0,168.155,3812.495271533787,208.141,3327.776124,91.5,48.64516129,7.542913732,2.4,0,69.9,4.123,25.5,129.8,82.0,1880
2012-10-29,111.7926087,20.86,0.0,0.0,168.033,3820.328639080082,209.197,3327.776124,91.875,48.48387097,7.542913732,2.412,0,46.6,4.147,24.8,129.8,81.57142857,2439
2012-10-30,111.7926087,20.88,0.0,0.0,167.5,3820.328639080082,210.087,3327.776124,85.95833333,48.32258065,7.542913732,2.421,0,7.6,4.156,25.7,130.15,81.14285714,2059
2012-10-31,111.7926087,20.83,0.0,0.0,168.681,3872.3038860037173,209.674,3327.776124,91.625,48.16129032,7.542913732,2.423,0,42.6,4.156,25.0,130.25,80.71428571,2088
2012-11-01,109.9118182,20.88,0.0,0.0,168.804,3827.647388880934,208.786,3327.776124,91.66666667,48.0,7.542913732,2.421,0,36.8,4.139,24.8,130.01,80.28571429,3780
2012-11-02,109.9118182,20.89,0.0,0.0,168.272,3812.495271533787,208.407,3327.776124,85.83333333,47.86666667,7.542913732,2.389,0,7.3,4.129,26.0,130.3,79.85714286,3816
2012-11-03,109.9118182,20.89,0.0,0.0,168.272,3812.495271533787,208.407,3327.776124,88.875,47.73333333,7.542913732,2.389,0,4.0,4.129,26.1,130.3,79.42857143,3766
2012-11-04,109.9118182,20.89,0.0,0.0,168.272,3820.328639080082,208.407,3327.776124,87.25,47.6,7.542913732,2.389,0,2.4,4.129,26.1,130.3,79.0,4039
2012-11-05,109.9118182,20.93,0.0,0.0,167.253,3820.328639080082,209.166,3327.776124,83.20833333,47.46666667,7.542913732,2.402,0,0.7,4.166,26.4,130.45,78.71428571,4203
2012-11-06,109.9118182,20.96,0.0,0.0,166.853,3827.647388880934,209.203,3327.776124,83.25,47.33333333,7.542913732,2.414,0,11.5,4.143,26.2,130.7,78.42857143,4508
2012-11-07,109.9118182,20.93,0.0,0.0,167.479,3872.3038860037173,208.792,3327.776124,87.41666667,47.2,7.542913732,2.402,0,14.0,4.146,25.7,130.85,78.14285714,4561
2012-11-08,109.9118182,20.94,0.0,0.0,167.102,3872.3038860037173,207.959,3327.776124,89.875,47.06666667,7.542913732,2.396,0,44.9,4.143,25.3,130.65,77.85714286,4499
2012-11-09,109.9118182,20.95,0.0,0.0,166.559,3827.647388880934,207.241,3327.776124,88.33333333,46.93333333,7.542913732,2.374,0,21.1,4.125,25.8,130.8,77.57142857,4411
2012-11-10,109.9118182,20.95,0.0,0.0,166.559,3820.328639080082,207.241,3327.776124,88.5,46.8,7.542913732,2.374,0,15.0,4.125,25.6,130.8,77.28571429,4478
2012-11-11,109.9118182,20.95,0.0,0.0,166.559,3792.9176458359616,207.241,3327.776124,84.70833333,46.66666667,7.542913732,2.374,0,7.7,4.125,25.9,130.8,77.0,4599
2012-11-12,109.9118182,20.96,0.0,0.0,166.279,3820.328639080082,207.117,3327.776124,81.41666667,46.53333333,7.542913732,2.372,0,0.9,4.11,26.3,130.5,76.85714286,4573
2012-11-13,109.9118182,20.93,0.0,0.0,165.872,3820.328639080082,206.382,3327.776124,83.66666667,46.4,7.542913732,2.368,0,5.4,4.109,26.2,130.5,76.71428571,5390
2012-11-14,109.9118182,20.82,0.0,0.0,165.78,3827.647388880934,205.876,3327.776124,83.20833333,46.26666667,7.542913732,2.375,0,1.9,4.097,26.2,130.275,76.57142857,4189
2012-11-15,109.9118182,20.84,0.0,0.0,165.945,3820.328639080082,206.458,3327.776124,84.0,46.13333333,7.542913732,2.356,0,17.4,4.098,25.8,129.8,76.42857143,3983
2012-11-16,109.9118182,20.88,0.0,0.0,165.865,3827.647388880934,207.029,3327.776124,80.375,46.0,7.542913732,2.367,0,28.2,4.142,24.0,129.95,76.28571429,4241
2012-11-17,109.9118182,20.88,0.0,0.0,165.865,3872.3038860037173,207.029,3327.776124,78.41666667,45.86666667,7.542913732,2.367,0,0.0,4.142,26.4,129.95,76.14285714,3757
2012-11-18,109.9118182,20.88,0.0,0.0,165.865,3872.3038860037173,207.029,3327.776124,81.45833333,45.73333333,7.542913732,2.367,0,0.0,4.142,26.1,129.95,76.0,3503
2012-11-19,109.9118182,20.91,0.0,0.0,165.55,3812.495271533787,207.49,3327.776124,82.16666667,45.6,7.542913732,2.365,0,0.0,4.162,26.1,130.15,75.28571429,3153
2012-11-20,109.9118182,20.91,0.0,0.0,166.761,3812.495271533787,207.855,3327.776124,81.91666667,45.46666667,7.542913732,2.364,0,0.0,4.182,26.4,130.3,74.57142857,3004
2012-11-21,109.9118182,20.93,0.0,0.0,167.012,3820.328639080082,207.856,3327.776124,82.33333333,45.33333333,7.542913732,2.365,0,0.3,4.18,26.6,130.3,73.85714286,2901
2012-11-22,109.9118182,20.9,0.0,0.0,167.123,3872.3038860037173,208.704,3327.776124,82.625,45.2,7.542913732,2.348,0,1.4,4.193,27.0,130.35,73.14285714,2681
2012-11-23,109.9118182,20.91,0.0,0.0,167.962,3820.328639080082,208.598,3327.776124,86.45833333,45.06666667,7.542913732,2.339,0,8.4,4.198,26.5,130.2,72.42857143,2437
2012-11-24,109.9118182,20.91,0.0,0.0,167.962,3827.647388880934,208.598,3327.776124,89.45833333,44.93333333,7.542913732,2.339,0,40.5,4.198,25.4,130.2,71.71428571,2426
2012-11-25,109.9118182,20.91,0.0,0.0,167.962,3792.9176458359616,208.598,3327.776124,87.54166667,44.8,7.542913732,2.339,0,16.5,4.198,26.0,130.2,71.0,2375
2012-11-26,109.9118182,20.92,0.0,0.0,168.902,3792.9176458359616,208.448,3327.776124,87.70833333,44.66666667,7.542913732,2.351,0,10.3,4.192,25.9,130.15,72.0,2368
2012-11-27,109.9118182,20.9,0.0,0.0,168.805,3872.3038860037173,208.422,3327.776124,89.29166667,44.53333333,7.542913732,2.336,0,26.4,4.186,25.6,130.15,73.0,3043
2012-11-28,109.9118182,20.93,0.0,0.0,168.368,3792.9176458359616,209.056,3327.776124,82.16666667,44.4,7.542913732,2.382,0,13.2,4.223,26.1,130.15,74.0,2583
2012-11-29,109.9118182,20.9,0.0,0.0,168.394,3792.9176458359616,208.526,3327.776124,77.29166667,44.26666667,7.542913732,2.398,0,0.0,4.217,26.1,130.35,75.0,2830
2012-11-30,109.9118182,20.79,0.0,0.0,169.142,3812.495271533787,208.285,3327.776124,75.375,44.13333333,7.542913732,2.368,0,0.0,4.191,25.4,130.15,76.0,3105
2012-12-01,109.5690476,20.79,0.0,0.0,169.142,3792.9176458359616,208.285,3327.776124,72.125,44.0,7.542913732,2.368,0,0.0,4.191,25.5,130.15,77.0,3788
2012-12-02,109.5690476,20.79,0.0,0.0,169.142,3792.9176458359616,208.285,3327.776124,74.625,44.4516129,7.542913732,2.368,0,0.0,4.191,25.4,130.15,78.0,3826
2012-12-03,109.5690476,20.61,0.0,0.0,169.279,3812.495271533787,206.576,3327.776124,82.91666667,44.90322581,7.542913732,2.344,0,0.4,4.163,25.3,129.45,78.42857143,3506
2012-12-04,109.5690476,20.67,0.0,0.0,168.945,3872.3038860037173,206.985,3327.776124,88.125,45.35483871,7.542913732,2.363,0,3.8,4.182,25.7,128.3,78.85714286,3388
2012-12-05,109.5690476,20.67,0.0,0.0,168.016,3792.9176458359616,206.676,3327.776124,88.58333333,45.80645161,7.542913732,2.378,0,5.4,4.16,26.0,128.65,79.28571429,3555
2012-12-06,109.5690476,20.63,0.0,0.0,168.19,3812.495271533787,206.169,3327.776124,88.875,46.25806452,7.542913732,2.366,0,17.5,4.17,26.0,128.75,79.71428571,3670
2012-12-07,109.5690476,20.68,0.0,0.0,166.969,3872.3038860037173,207.073,3327.776124,89.375,46.70967742,7.542913732,2.37,0,7.7,4.185,25.9,128.55,80.14285714,3770
2012-12-08,109.5690476,20.68,0.0,0.0,166.969,3827.647388880934,207.073,3327.776124,84.91666667,47.16129032,7.542913732,2.37,0,16.1,4.185,25.9,128.55,80.57142857,4239
2012-12-09,109.5690476,20.68,0.0,0.0,166.969,3820.328639080082,207.073,3327.776124,85.91666667,47.61290323,7.542913732,2.37,0,0.0,4.185,26.0,128.55,81.0,4291
2012-12-10,109.5690476,20.63,0.0,0.0,166.183,3820.328639080082,207.591,3327.776124,82.625,48.06451613,7.542913732,2.372,0,0.6,4.196,26.2,128.825,81.42857143,4385
2012-12-11,109.5690476,20.59,0.0,0.0,166.77,3820.328639080082,207.801,3327.776124,80.91666667,48.51612903,7.542913732,2.378,0,0.0,4.213,25.8,128.85,81.85714286,4600
2012-12-12,109.5690476,20.62,0.0,0.0,167.55,3792.9176458359616,207.026,3327.776124,83.08333333,48.96774194,7.542913732,2.357,0,0.4,4.181,26.1,128.725,82.28571429,4479
2012-12-13,109.5690476,20.6,0.0,0.0,168.212,3792.9176458359616,207.763,3327.776124,78.83333333,49.41935484,7.542913732,2.361,0,0.0,4.186,25.7,128.5,82.71428571,4736
2012-12-14,109.5690476,20.63,0.0,0.0,168.033,3812.495271533787,208.452,3327.776124,75.08333333,49.87096774,7.542913732,2.351,0,0.0,4.153,25.5,128.55,83.14285714,4978
2012-12-15,109.5690476,20.63,0.0,0.0,168.033,3812.495271533787,208.452,3327.776124,82.16666667,50.32258065,7.542913732,2.351,0,3.5,4.153,25.3,128.55,83.57142857,4490
2012-12-16,109.5690476,20.63,0.0,0.0,168.033,3812.495271533787,208.452,3327.776124,83.70833333,50.77419355,7.542913732,2.351,0,5.3,4.153,25.3,128.55,84.0,4328
2012-12-17,109.5690476,20.66,0.0,0.0,169.178,3792.9176458359616,209.174,3327.776124,88.91666667,51.22580645,7.542913732,2.344,0,9.3,4.187,24.5,128.65,85.14285714,3912
2012-12-18,109.5690476,20.61,0.0,0.0,169.336,3792.9176458359616,208.65,3327.776124,85.66666667,51.67741935,7.542913732,2.348,0,8.9,4.175,25.5,128.75,86.28571429,3872
2012-12-19,109.5690476,20.5,0.0,0.0,170.227,3827.647388880934,207.933,3327.776124,87.04166667,52.12903226,7.542913732,2.328,0,2.6,4.163,25.2,128.4,87.42857143,3888
2012-12-20,109.5690476,20.39,0.0,0.0,169.976,3820.328639080082,205.372,3327.776124,85.625,52.58064516,7.542913732,2.306,0,9.3,4.12,26.0,127.75,88.57142857,3766
2012-12-21,109.5690476,20.37,0.0,0.0,169.179,3812.495271533787,204.758,3327.776124,88.125,53.03225806,7.542913732,2.31,0,18.5,4.145,25.6,127.0,89.71428571,3454
2012-12-22,109.5690476,20.37,0.0,0.0,169.179,3820.328639080082,204.758,3327.776124,89.08333333,53.48387097,7.542913732,2.31,0,12.7,4.145,24.6,127.0,90.85714286,3591
2012-12-23,109.5690476,20.37,0.0,0.0,169.179,3820.328639080082,204.758,3327.776124,86.83333333,53.93548387,7.542913732,2.31,0,6.2,4.145,25.1,127.0,92.0,3607
2012-12-24,109.5690476,20.36,0.0,0.0,167.456,3872.3038860037173,204.739,3327.776124,84.375,54.38709677,7.542913732,2.308,0,5.9,4.135,25.6,126.95,91.71428571,3547
2012-12-25,109.5690476,20.37,0.0,0.0,167.441,3812.495271533787,204.896,3327.776124,85.75,54.83870968,7.542913732,2.316,0,1.6,4.152,25.7,126.95,91.42857143,4296
2012-12-26,109.5690476,20.37,0.0,0.0,167.435,3820.328639080082,204.502,3327.776124,87.20833333,55.29032258,7.542913732,2.311,0,2.5,4.177,25.8,127.0,91.14285714,3352
2012-12-27,109.5690476,20.38,0.0,0.0,167.964,3812.495271533787,205.353,3327.776124,91.29166667,55.74193548,7.542913732,2.319,0,29.3,4.183,25.3,127.0,90.85714286,4136
2012-12-28,109.5690476,20.5,0.0,0.0,168.136,3827.647388880934,207.334,3327.776124,90.58333333,56.19354839,7.542913732,2.328,0,11.7,4.179,25.3,127.0,90.57142857,3416
2012-12-29,109.5690476,20.5,0.0,0.0,168.136,3827.647388880934,207.334,3327.776124,88.41666667,56.64516129,7.542913732,2.328,0,6.5,4.179,26.3,127.0,90.28571429,3563
2012-12-30,109.5690476,20.5,0.0,0.0,168.136,3820.328639080082,207.334,3327.776124,89.16666667,57.09677419,7.542913732,2.328,0,12.6,4.179,25.9,127.0,90.0,3801
2012-12-31,109.5690476,20.49,0.0,0.0,167.913,3820.328639080082,207.355,3327.776124,88.04166667,57.5483871,7.542913732,2.334,0,5.0,4.173,25.9,127.7,90.0,4022
2013-01-01,112.5278261,20.44,0.0,0.0,168.519,3872.3038860037173,206.995,3740.615893,83.16666667,58.0,6.908450348,2.348,0,1.6,4.225,26.0,127.65,90.0,3521
2013-01-02,112.5278261,20.46,0.0,0.0,168.389,3820.328639080082,205.288,3740.615893,80.875,57.74193548,6.908450348,2.341,0,0.6,4.215,26.0,127.35,90.0,3704
2013-01-03,112.5278261,20.45,0.0,0.0,167.93,3827.647388880934,204.707,3740.615893,86.08333333,57.48387097,6.908450348,2.319,0,12.5,4.201,25.2,127.5,90.0,3590
2013-01-04,112.5278261,20.45,0.0,0.0,166.382,3812.495271533787,205.318,3740.615893,86.58333333,57.22580645,6.908450348,2.307,0,11.6,4.198,24.8,127.4,90.0,3572
2013-01-05,112.5278261,20.45,0.0,0.0,166.382,3827.647388880934,205.318,3740.615893,82.41666667,56.96774194,6.908450348,2.307,0,0.0,4.198,25.8,127.4,90.0,3857
2013-01-06,112.5278261,20.45,0.0,0.0,166.382,3820.328639080082,205.318,3740.615893,78.08333333,56.70967742,6.908450348,2.307,0,0.0,4.198,26.1,127.4,90.0,4214
2013-01-07,112.5278261,20.43,0.0,0.0,166.531,3872.3038860037173,204.152,3740.615893,89.33333333,56.4516129,6.908450348,2.313,0,63.5,4.197,23.9,127.4,88.42857143,4053
2013-01-08,112.5278261,20.29,0.0,0.0,167.091,3820.328639080082,202.459,3740.615893,87.0,56.19354839,6.908450348,2.304,0,1.8,4.16,25.3,127.15,86.85714286,4053
2013-01-09,112.5278261,20.26,0.0,0.0,166.382,3812.495271533787,203.645,3740.615893,85.29166667,55.93548387,6.908450348,2.317,0,1.0,4.173,26.0,126.3,85.28571429,3990
2013-01-10,112.5278261,20.31,0.0,0.0,165.043,3812.495271533787,203.572,3740.615893,85.58333333,55.67741935,6.908450348,2.301,0,5.7,4.163,26.2,126.1,83.71428571,3818
2013-01-11,112.5278261,20.3,0.0,0.0,167.126,3872.3038860037173,202.96,3740.615893,81.45833333,55.41935484,6.908450348,2.316,0,0.3,4.177,26.4,126.25,82.14285714,3979
2013-01-12,112.5278261,20.3,0.0,0.0,167.126,3827.647388880934,202.96,3740.615893,77.08333333,55.16129032,6.908450348,2.316,0,0.5,4.177,26.0,126.25,80.57142857,4207
2013-01-13,112.5278261,20.3,0.0,0.0,167.126,3872.3038860037173,202.96,3740.615893,71.70833333,54.90322581,6.908450348,2.316,0,0.0,4.177,24.9,126.25,79.0,4689
2013-01-14,112.5278261,20.36,0.0,0.0,168.411,3820.328639080082,203.222,3740.615893,72.08333333,54.64516129,6.908450348,2.317,0,0.0,4.175,24.7,126.25,80.42857143,5607
2013-01-15,112.5278261,20.37,0.0,0.0,168.891,3812.495271533787,202.624,3740.615893,70.04166667,54.38709677,6.908450348,2.316,0,0.0,4.174,25.2,126.5,81.85714286,4297
2013-01-16,112.5278261,20.39,0.0,0.0,168.302,3872.3038860037173,202.8,3740.615893,68.75,54.12903226,6.908450348,2.332,0,0.0,4.201,25.5,126.6,83.28571429,4137
2013-01-17,112.5278261,20.36,0.0,0.0,168.251,3827.647388880934,200.854,3740.615893,70.08333333,53.87096774,6.908450348,2.355,0,0.0,4.181,25.2,126.75,84.71428571,3892
2013-01-18,112.5278261,20.36,0.0,0.0,169.541,3872.3038860037173,200.457,3740.615893,70.58333333,53.61290323,6.908450348,2.356,0,0.0,4.187,25.2,126.55,86.14285714,3667
2013-01-19,112.5278261,20.36,0.0,0.0,169.541,3872.3038860037173,200.457,3740.615893,67.625,53.35483871,6.908450348,2.356,0,0.0,4.187,25.6,126.55,87.57142857,3644
2013-01-20,112.5278261,20.36,0.0,0.0,169.541,3872.3038860037173,200.457,3740.615893,74.70833333,53.09677419,6.908450348,2.356,0,0.0,4.187,26.2,126.55,89.0,3054
2013-01-21,112.5278261,20.37,0.0,0.0,168.495,3872.3038860037173,200.629,3740.615893,74.125,52.83870968,6.908450348,2.358,0,0.0,4.193,26.8,126.675,88.71428571,2771
2013-01-22,112.5278261,20.43,0.0,0.0,168.598,3820.328639080082,201.349,3740.615893,66.0,52.58064516,6.908450348,2.368,0,0.0,4.212,26.6,126.7,88.42857143,2994
2013-01-23,112.5278261,20.45,0.0,0.0,168.764,3792.9176458359616,200.738,3740.615893,77.45833333,52.32258065,6.908450348,2.367,0,3.6,4.231,26.2,127.05,88.14285714,2443
2013-01-24,112.5278261,20.44,0.0,0.0,169.256,3872.3038860037173,200.891,3740.615893,80.875,52.06451613,6.908450348,2.363,0,3.6,4.233,25.6,127.15,87.85714286,2318
2013-01-25,112.5278261,20.43,0.0,0.0,170.05,3792.9176458359616,199.498,3740.615893,80.16666667,51.80645161,6.908450348,2.352,0,1.6,4.212,25.8,127.15,87.57142857,2828
2013-01-26,112.5278261,20.43,0.0,0.0,170.05,3820.328639080082,199.498,3740.615893,72.41666667,51.5483871,6.908450348,2.352,0,0.3,4.212,26.7,127.15,87.28571429,3085
2013-01-27,112.5278261,20.43,0.0,0.0,170.05,3792.9176458359616,199.498,3740.615893,66.25,51.29032258,6.908450348,2.352,0,0.0,4.212,27.0,127.15,87.0,2643
2013-01-28,112.5278261,20.34,0.0,0.0,171.1,3872.3038860037173,199.522,3740.615893,63.45833333,51.03225806,6.908450348,2.36,0,0.0,4.212,27.2,127.15,86.71428571,2783
2013-01-29,112.5278261,20.33,0.0,0.0,171.067,3812.495271533787,199.791,3740.615893,62.25,50.77419355,6.908450348,2.375,0,0.0,4.211,26.9,126.6,86.42857143,2907
2013-01-30,112.5278261,20.32,0.0,0.0,170.828,3827.647388880934,200.354,3740.615893,63.79166667,50.51612903,6.908450348,2.372,0,0.0,4.208,26.6,126.45,86.14285714,3002
2013-01-31,112.5278261,20.28,0.0,0.0,171.536,3872.3038860037173,198.348,3740.615893,59.125,50.25806452,6.908450348,2.375,0,0.0,4.229,27.0,126.35,85.85714286,3224
2013-02-01,116.488,20.26,0.0,0.0,171.608,3812.495271533787,199.093,3740.615893,62.83333333,50.0,6.908450348,2.368,0,0.0,4.2,27.3,126.3,85.57142857,4668
2013-02-02,116.488,20.26,0.0,0.0,171.608,3820.328639080082,199.093,3740.615893,63.41666667,50.07142857,6.908450348,2.368,0,0.0,4.2,27.9,126.3,85.28571429,4688
2013-02-03,116.488,20.26,0.0,0.0,171.608,3820.328639080082,199.093,3740.615893,65.29166667,50.14285714,6.908450348,2.368,0,0.0,4.2,28.0,126.3,85.0,4712
2013-02-04,116.488,20.3,0.0,0.0,172.393,3812.495271533787,197.945,3740.615893,70.29166667,50.21428571,6.908450348,2.384,0,0.0,4.221,27.3,126.3,84.57142857,5795
2013-02-05,116.488,20.28,0.0,0.0,170.72,3827.647388880934,197.93,3740.615893,75.20833333,50.28571429,6.908450348,2.382,0,0.1,4.204,27.3,126.45,84.14285714,4495
2013-02-06,116.488,20.23,0.0,0.0,171.713,3812.495271533787,198.059,3740.615893,83.54166667,50.35714286,6.908450348,2.369,0,23.4,4.17,26.5,126.4,83.71428571,4440
2013-02-07,116.488,20.26,0.0,0.0,170.893,3827.647388880934,199.51,3740.615893,82.70833333,50.42857143,6.908450348,2.357,0,0.7,4.186,26.5,126.1,83.28571429,4556
2013-02-08,116.488,20.28,0.0,0.0,168.942,3812.495271533787,198.031,3740.615893,83.04166667,50.5,6.908450348,2.342,0,8.3,4.191,26.5,126.3,82.85714286,4411
2013-02-09,116.488,20.28,0.0,0.0,168.942,3872.3038860037173,198.031,3740.615893,84.16666667,50.57142857,6.908450348,2.342,0,30.8,4.191,26.7,126.3,82.42857143,4491
2013-02-10,116.488,20.28,0.0,0.0,168.942,3827.647388880934,198.031,3740.615893,76.125,50.64285714,6.908450348,2.342,0,5.5,4.191,27.2,126.3,82.0,4978
2013-02-11,116.488,20.26,0.0,0.0,168.794,3812.495271533787,197.717,3740.615893,79.58333333,50.71428571,6.908450348,2.348,0,10.6,4.205,26.0,126.4,82.28571429,4763
2013-02-12,116.488,20.29,0.0,0.0,169.483,3812.495271533787,196.511,3740.615893,83.45833333,50.78571429,6.908450348,2.35,0,7.9,4.205,25.2,126.3,82.57142857,4630
2013-02-13,116.488,20.32,0.0,0.0,169.855,3792.9176458359616,196.168,3740.615893,87.41666667,50.85714286,6.908450348,2.346,0,11.9,4.206,25.7,126.475,82.85714286,4163
2013-02-14,116.488,20.33,0.0,0.0,170.089,3812.495271533787,196.645,3740.615893,90.04166667,50.92857143,6.908450348,2.332,0,27.8,4.207,25.7,126.65,83.14285714,3812
2013-02-15,116.488,20.31,0.0,0.0,169.128,3792.9176458359616,196.103,3740.615893,87.83333333,51.0,6.908450348,2.337,0,10.5,4.208,26.0,126.7,83.42857143,3650
2013-02-16,116.488,20.31,0.0,0.0,169.128,3827.647388880934,196.103,3740.615893,83.29166667,51.07142857,6.908450348,2.337,0,1.3,4.208,26.6,126.7,83.71428571,3752
2013-02-17,116.488,20.31,0.0,0.0,169.128,3812.495271533787,196.103,3740.615893,83.125,51.14285714,6.908450348,2.337,0,2.9,4.208,26.7,126.7,84.0,3591
2013-02-18,116.488,20.4,0.0,0.0,169.334,3820.328639080082,196.553,3740.615893,84.375,51.21428571,6.908450348,2.354,0,1.0,4.235,26.5,126.8,83.0,3343
2013-02-19,116.488,20.42,0.0,0.0,169.266,3792.9176458359616,194.063,3740.615893,86.70833333,51.28571429,6.908450348,2.349,0,10.8,4.21,25.8,127.4,82.0,3281
2013-02-20,116.488,20.37,0.0,0.0,170.563,3872.3038860037173,193.821,3740.615893,82.625,51.35714286,6.908450348,2.333,0,0.1,4.171,26.4,127.35,81.0,3495
2013-02-21,116.488,20.43,0.0,0.0,169.121,3792.9176458359616,194.241,3740.615893,74.70833333,51.42857143,6.908450348,2.347,0,0.0,4.192,26.6,127.1,80.0,3579
2013-02-22,116.488,20.44,0.0,0.0,167.613,3792.9176458359616,193.254,3740.615893,71.75,51.5,6.908450348,2.359,0,0.1,4.181,26.8,127.4,79.0,3513
2013-02-23,116.488,20.44,0.0,0.0,167.613,3872.3038860037173,193.254,3740.615893,71.58333333,51.57142857,6.908450348,2.359,0,0.0,4.181,25.9,127.4,78.0,3705
2013-02-24,116.488,20.44,0.0,0.0,167.613,3792.9176458359616,193.254,3740.615893,76.29166667,51.64285714,6.908450348,2.359,0,0.0,4.181,26.0,127.4,77.0,3319
2013-02-25,116.488,20.47,0.0,0.0,167.971,3872.3038860037173,192.908,3740.615893,77.83333333,51.71428571,6.908450348,2.357,0,0.0,4.165,26.4,127.4,79.0,4033
2013-02-26,116.488,20.47,0.0,0.0,166.48,3812.495271533787,193.303,3740.615893,76.0,51.78571429,6.908450348,2.373,0,0.0,4.266,26.1,127.5,81.0,3033
2013-02-27,116.488,20.5,0.0,0.0,166.515,3827.647388880934,193.468,3740.615893,71.75,51.85714286,6.908450348,2.346,0,0.0,4.163,26.2,127.5,83.0,3556
2013-02-28,116.488,20.48,0.0,0.0,167.567,3792.9176458359616,191.515,3740.615893,70.75,51.92857143,6.908450348,2.321,0,0.0,4.151,27.0,127.55,85.0,3516
2013-03-01,109.5857143,20.46,0.0,0.0,166.663,3792.9176458359616,192.368,3740.615893,71.66666667,52.0,6.908450348,2.317,0,0.6,4.142,27.7,127.43,87.0,3518
2013-03-02,109.5857143,20.46,0.0,0.0,166.663,3792.9176458359616,192.368,3740.615893,70.875,52.25806452,6.908450348,2.317,0,6.0,4.142,27.9,127.43,89.0,3687
2013-03-03,109.5857143,20.46,0.0,0.0,166.663,3872.3038860037173,192.368,3740.615893,65.91666667,52.51612903,6.908450348,2.317,0,0.0,4.142,27.9,127.43,91.0,4246
2013-03-04,109.5857143,20.5,0.0,0.0,165.933,3820.328639080082,192.812,3740.615893,84.375,52.77419355,6.908450348,2.324,0,31.9,4.16,24.6,127.35,89.42857143,3764
2013-03-05,109.5857143,20.46,0.0,0.0,165.829,3812.495271533787,191.295,3740.615893,85.25,53.03225806,6.908450348,2.322,0,3.0,4.138,26.4,127.5,87.85714286,3630
2013-03-06,109.5857143,20.46,0.0,0.0,166.311,3792.9176458359616,191.054,3740.615893,86.33333333,53.29032258,6.908450348,2.337,0,9.7,4.144,26.7,127.25,86.28571429,3757
2013-03-07,109.5857143,20.36,0.0,0.0,165.291,3820.328639080082,188.819,3740.615893,85.70833333,53.5483871,6.908450348,2.328,0,8.8,4.11,26.9,127.25,84.71428571,3946
2013-03-08,109.5857143,20.34,0.0,0.0,166.748,3872.3038860037173,188.656,3740.615893,88.41666667,53.80645161,6.908450348,2.328,0,6.9,4.122,27.0,126.55,83.14285714,3893
2013-03-09,109.5857143,20.34,0.0,0.0,166.748,3820.328639080082,188.656,3740.615893,86.08333333,54.06451613,6.908450348,2.328,0,10.5,4.122,26.8,126.55,81.57142857,4177
2013-03-10,109.5857143,20.34,0.0,0.0,166.748,3872.3038860037173,188.656,3740.615893,83.25,54.32258065,6.908450348,2.328,0,0.2,4.122,27.5,126.55,80.0,5497
2013-03-11,109.5857143,20.31,0.0,0.0,164.502,3827.647388880934,188.195,3740.615893,84.0,54.58064516,6.908450348,2.331,0,3.5,4.113,27.6,126.5,81.28571429,4072
2013-03-12,109.5857143,20.35,0.0,0.0,165.026,3792.9176458359616,188.638,3740.615893,86.16666667,54.83870968,6.908450348,2.324,0,2.7,4.104,27.0,126.25,82.57142857,4012
2013-03-13,109.5857143,20.31,0.0,0.0,164.51,3792.9176458359616,190.436,3740.615893,84.20833333,55.09677419,6.908450348,2.33,0,2.3,4.111,27.0,126.45,83.85714286,4022
2013-03-14,109.5857143,20.3,0.0,0.0,163.841,3820.328639080082,190.682,3740.615893,84.54166667,55.35483871,6.908450348,2.335,0,2.6,4.119,26.9,126.25,85.14285714,3834
2013-03-15,109.5857143,20.32,0.0,0.0,164.163,3792.9176458359616,190.801,3740.615893,86.125,55.61290323,6.908450348,2.335,0,12.1,4.099,26.4,126.15,86.42857143,3720
2013-03-16,109.5857143,20.32,0.0,0.0,164.163,3872.3038860037173,190.801,3740.615893,85.20833333,55.87096774,6.908450348,2.335,0,6.0,4.099,26.6,126.15,87.71428571,3745
2013-03-17,109.5857143,20.32,0.0,0.0,164.163,3812.495271533787,190.801,3740.615893,85.58333333,56.12903226,6.908450348,2.335,0,3.1,4.099,26.9,126.15,89.0,3517
2013-03-18,109.5857143,20.38,0.0,0.0,164.985,3820.328639080082,191.254,3740.615893,82.375,56.38709677,6.908450348,2.324,0,1.0,4.089,27.3,126.3,88.14285714,3515
2013-03-19,109.5857143,20.4,0.0,0.0,163.615,3820.328639080082,191.323,3740.615893,83.45833333,56.64516129,6.908450348,2.332,0,3.4,4.103,27.0,126.675,87.28571429,3354
2013-03-20,109.5857143,20.44,0.0,0.0,163.069,3872.3038860037173,192.723,3740.615893,80.70833333,56.90322581,6.908450348,2.333,0,0.3,4.104,27.6,126.7,86.42857143,3365
2013-03-21,109.5857143,20.42,0.0,0.0,163.855,3820.328639080082,193.212,3740.615893,81.41666667,57.16129032,6.908450348,2.334,0,2.5,4.112,27.4,127.025,85.57142857,3204
2013-03-22,109.5857143,20.41,0.0,0.0,163.894,3872.3038860037173,192.337,3740.615893,77.91666667,57.41935484,6.908450348,2.334,0,0.0,4.097,27.7,126.85,84.71428571,3262
2013-03-23,109.5857143,20.41,0.0,0.0,163.894,3827.647388880934,192.337,3740.615893,81.875,57.67741935,6.908450348,2.334,0,2.6,4.097,27.0,126.85,83.85714286,3135
2013-03-24,109.5857143,20.41,0.0,0.0,163.894,3812.495271533787,192.337,3740.615893,86.33333333,57.93548387,6.908450348,2.334,0,24.1,4.097,26.6,126.85,83.0,2940
2013-03-25,109.5857143,20.41,0.0,0.0,164.746,3827.647388880934,192.134,3740.615893,88.5,58.19354839,6.908450348,2.327,0,25.7,4.104,26.3,126.75,82.57142857,2849
2013-03-26,109.5857143,20.42,0.0,0.0,162.95,3872.3038860037173,191.981,3740.615893,85.04166667,58.4516129,6.908450348,2.331,0,5.9,4.088,26.8,126.75,82.14285714,3771
2013-03-27,109.5857143,20.4,0.0,0.0,162.93,3820.328639080082,192.603,3740.615893,83.29166667,58.70967742,6.908450348,2.335,0,9.6,4.073,27.3,126.875,81.71428571,3072
2013-03-28,109.5857143,20.41,0.0,0.0,162.147,3827.647388880934,192.755,3740.615893,84.58333333,58.96774194,6.908450348,2.335,0,3.6,4.079,27.1,126.75,81.28571429,3061
2013-03-29,109.5857143,20.36,0.0,0.0,162.469,3820.328639080082,192.482,3740.615893,85.25,59.22580645,6.908450348,2.333,0,12.2,4.067,27.4,126.75,80.85714286,3874
2013-03-30,109.5857143,20.36,0.0,0.0,162.469,3792.9176458359616,192.482,3740.615893,82.41666667,59.48387097,6.908450348,2.333,0,1.8,4.067,27.4,126.75,80.42857143,3363
2013-03-31,109.5857143,20.36,0.0,0.0,162.469,3812.495271533787,192.482,3740.615893,85.41666667,59.74193548,6.908450348,2.333,0,2.8,4.067,27.4,126.75,80.0,3406
2013-04-01,102.96,20.4,0.0,0.0,162.5,3820.328639080082,190.997,3740.615893,85.0,60.0,6.908450348,2.323,0,1.3,4.036,27.8,126.4,81.28571429,2272
2013-04-02,102.96,20.36,0.0,0.0,162.355,3872.3038860037173,190.972,3740.615893,81.875,60.13333333,6.908450348,2.315,0,1.5,3.987,27.9,126.45,82.57142857,2545
2013-04-03,102.96,20.29,0.0,0.0,162.084,3820.328639080082,191.618,3740.615893,78.95833333,60.26666667,6.908450348,2.292,0,0.2,3.98,28.2,126.225,83.85714286,2696
2013-04-04,102.96,20.25,0.0,0.0,162.105,3872.3038860037173,192.639,3740.615893,84.83333333,60.4,6.908450348,2.292,0,2.4,3.987,27.6,125.8,85.14285714,2620
2013-04-05,102.96,20.25,0.0,0.0,162.704,3827.647388880934,191.622,3740.615893,85.79166667,60.53333333,6.908450348,2.3,0,4.5,4.023,27.4,125.6,86.42857143,2636
2013-04-06,102.96,20.25,0.0,0.0,162.704,3792.9176458359616,191.622,3740.615893,84.04166667,60.66666667,6.908450348,2.3,0,1.9,4.023,28.1,125.6,87.71428571,2757
2013-04-07,102.96,20.25,0.0,0.0,162.704,3872.3038860037173,191.622,3740.615893,80.625,60.8,6.908450348,2.3,0,1.0,4.023,28.3,125.6,89.0,3081
2013-04-08,102.96,20.24,0.0,0.0,163.161,3820.328639080082,192.355,3740.615893,80.375,60.93333333,6.908450348,2.304,0,0.7,4.046,28.5,125.6,88.42857143,3030
2013-04-09,102.96,20.24,0.0,0.0,163.519,3820.328639080082,192.118,3740.615893,81.16666667,61.06666667,6.908450348,2.303,0,1.4,4.058,28.1,125.525,87.85714286,3100
2013-04-10,102.96,20.23,0.0,0.0,164.212,3827.647388880934,192.871,3740.615893,86.45833333,61.2,6.908450348,2.309,0,9.1,4.06,26.5,125.35,87.28571429,3178
2013-04-11,102.96,20.25,0.0,0.0,163.82,3872.3038860037173,192.37,3740.615893,80.83333333,61.33333333,6.908450348,2.3,0,0.0,4.037,27.6,125.375,86.71428571,3268
2013-04-12,102.96,20.27,0.0,0.0,164.304,3820.328639080082,191.743,3740.615893,81.45833333,61.46666667,6.908450348,2.299,0,3.2,3.98,27.7,125.4,86.14285714,3203
2013-04-13,102.96,20.27,0.0,0.0,164.304,3827.647388880934,191.743,3740.615893,85.95833333,61.6,6.908450348,2.299,0,5.3,3.98,27.5,125.4,85.57142857,3766
2013-04-14,102.96,20.27,0.0,0.0,164.304,3820.328639080082,191.743,3740.615893,82.0,61.73333333,6.908450348,2.299,0,2.0,3.98,27.8,125.4,85.0,3834
2013-04-15,102.96,20.28,0.0,0.0,164.381,3872.3038860037173,192.683,3740.615893,87.83333333,61.86666667,6.908450348,2.324,0,10.4,4.013,27.0,125.4,83.85714286,3458
2013-04-16,102.96,20.34,0.0,0.0,163.603,3812.495271533787,191.344,3740.615893,83.75,62.0,6.908450348,2.317,0,2.0,3.939,27.9,125.4,82.71428571,2790
2013-04-17,102.96,20.34,0.0,0.0,165.271,3792.9176458359616,192.063,3740.615893,83.70833333,62.13333333,6.908450348,2.327,0,0.4,3.98,28.2,125.55,81.57142857,2644
2013-04-18,102.96,20.39,0.0,0.0,163.649,3827.647388880934,191.831,3740.615893,81.45833333,62.26666667,6.908450348,2.335,0,1.5,3.978,28.2,125.7,80.42857143,2598
2013-04-19,102.96,20.48,0.0,0.0,164.038,3872.3038860037173,193.686,3740.615893,79.16666667,62.4,6.908450348,2.336,0,1.0,4.012,28.4,125.96,79.28571429,2506
2013-04-20,102.96,20.48,0.0,0.0,164.038,3792.9176458359616,193.686,3740.615893,76.58333333,62.53333333,6.908450348,2.336,0,1.1,4.012,28.4,125.96,78.14285714,2524
2013-04-21,102.96,20.48,0.0,0.0,164.038,3812.495271533787,193.686,3740.615893,77.5,62.66666667,6.908450348,2.336,0,0.1,4.012,28.2,125.96,77.0,2461
2013-04-22,102.96,20.53,0.0,0.0,164.403,3812.495271533787,193.294,3740.615893,78.08333333,62.8,6.908450348,2.336,0,1.3,4.01,28.3,126.65,77.14285714,2330
2013-04-23,102.96,20.51,0.0,0.0,165.494,3827.647388880934,193.484,3740.615893,80.66666667,62.93333333,6.908450348,2.336,0,4.2,4.026,27.8,126.85,77.28571429,2266
2013-04-24,102.96,20.54,0.0,0.0,164.899,3820.328639080082,195.581,3740.615893,83.375,63.06666667,6.908450348,2.342,0,4.8,4.067,27.5,126.725,77.42857143,2104
2013-04-25,102.96,20.65,0.0,0.0,164.952,3872.3038860037173,197.054,3740.615893,83.79166667,63.2,6.908450348,2.341,0,11.0,4.069,27.2,126.725,77.57142857,2661
2013-04-26,102.96,20.56,0.0,0.0,164.907,3872.3038860037173,196.475,3740.615893,83.5,63.33333333,6.908450348,2.339,0,10.7,4.092,27.1,127.3,77.71428571,2051
2013-04-27,102.96,20.56,0.0,0.0,164.907,3820.328639080082,196.475,3740.615893,84.33333333,63.46666667,6.908450348,2.339,0,6.1,4.092,27.3,127.3,77.85714286,2039
2013-04-28,102.96,20.56,0.0,0.0,164.907,3812.495271533787,196.475,3740.615893,83.83333333,63.6,6.908450348,2.339,0,4.0,4.092,27.6,127.3,78.0,2079
2013-04-29,102.96,20.56,0.0,0.0,165.852,3792.9176458359616,196.881,3740.615893,87.75,63.73333333,6.908450348,2.361,0,6.3,4.072,27.8,126.75,78.28571429,2021
2013-04-30,102.96,20.56,0.0,0.0,166.036,3820.328639080082,197.16,3740.615893,86.75,63.86666667,6.908450348,2.362,0,9.6,4.043,27.7,126.75,78.57142857,2219
2013-05-01,102.9804348,20.49,0.0,0.0,166.892,3194.803204477489,195.981,3740.615893,87.41666667,64.0,6.908450348,2.343,0,13.3,4.049,26.8,126.75,78.85714286,3661
2013-05-02,102.9804348,20.51,0.0,0.0,167.05,3153.952055749129,196.603,3740.615893,86.75,63.70967742,6.908450348,2.346,0,8.9,4.062,26.8,126.15,79.14285714,2849
2013-05-03,102.9804348,20.5,0.0,0.0,164.808,3153.952055749129,196.481,3740.615893,89.54166667,63.41935484,6.908450348,2.335,0,18.5,4.073,26.3,126.25,79.42857143,2697
2013-05-04,102.9804348,20.5,0.0,0.0,164.808,3173.6154382203163,196.481,3740.615893,90.25,63.12903226,6.908450348,2.335,0,22.1,4.073,26.3,126.25,79.71428571,2791
2013-05-05,102.9804348,20.5,0.0,0.0,164.808,3173.6154382203163,196.481,3740.615893,90.58333333,62.83870968,6.908450348,2.335,0,14.9,4.073,26.3,126.25,80.0,2910
2013-05-06,102.9804348,20.54,0.0,0.0,165.577,3194.803204477489,195.76,3740.615893,89.91666667,62.5483871,6.908450348,2.338,0,15.5,4.069,26.1,126.415,79.0,3078
2013-05-07,102.9804348,20.53,0.0,0.0,165.3,3194.803204477489,195.884,3740.615893,89.16666667,62.25806452,6.908450348,2.332,0,16.6,4.049,26.4,126.415,78.0,3196
2013-05-08,102.9804348,20.54,0.0,0.0,165.332,3173.6154382203163,194.503,3740.615893,81.45833333,61.96774194,6.908450348,2.316,0,0.4,4.036,27.7,126.1,77.0,3449
2013-05-09,102.9804348,20.55,0.0,0.0,165.853,3173.6154382203163,193.9,3740.615893,83.70833333,61.67741935,6.908450348,2.303,0,2.4,4.025,28.2,125.9,76.0,3247
2013-05-10,102.9804348,20.54,0.0,0.0,164.218,3194.803204477489,193.144,3740.615893,82.45833333,61.38709677,6.908450348,2.302,0,2.2,4.028,28.6,126.2,75.0,3128
2013-05-11,102.9804348,20.54,0.0,0.0,164.218,3200.480674175513,193.144,3740.615893,85.41666667,61.09677419,6.908450348,2.302,0,2.2,4.028,28.3,126.2,74.0,2947
2013-05-12,102.9804348,20.54,0.0,0.0,164.218,3200.480674175513,193.144,3740.615893,88.875,60.80645161,6.908450348,2.302,0,5.7,4.028,27.2,126.2,73.0,2857
2013-05-13,102.9804348,20.59,0.0,0.0,163.971,3194.803204477489,192.426,3740.615893,90.16666667,60.51612903,6.908450348,2.308,0,16.0,4.034,26.7,126.25,74.71428571,2727
2013-05-14,102.9804348,20.51,0.0,0.0,163.815,3222.2087562490533,192.0,3740.615893,88.45833333,60.22580645,6.908450348,2.3,0,14.5,4.007,26.9,126.5,76.42857143,2666
2013-05-15,102.9804348,20.44,0.0,0.0,163.438,3194.803204477489,191.95,3740.615893,82.91666667,59.93548387,6.908450348,2.294,0,2.3,4.004,27.9,126.025,78.14285714,2680
2013-05-16,102.9804348,20.57,0.0,0.0,162.409,3194.803204477489,191.604,3740.615893,86.45833333,59.64516129,6.908450348,2.301,0,1.0,4.016,27.9,125.7,79.85714286,2356
2013-05-17,102.9804348,20.58,0.0,0.0,161.927,3222.2087562490533,192.709,3740.615893,86.125,59.35483871,6.908450348,2.295,0,3.5,4.044,27.9,126.3,81.57142857,2121
2013-05-18,102.9804348,20.58,0.0,0.0,161.927,3200.480674175513,192.709,3740.615893,88.45833333,59.06451613,6.908450348,2.295,0,5.4,4.044,27.6,126.3,83.28571429,1981
2013-05-19,102.9804348,20.58,0.0,0.0,161.927,3200.480674175513,192.709,3740.615893,88.04166667,58.77419355,6.908450348,2.295,0,6.6,4.044,26.9,126.3,85.0,1982
2013-05-20,102.9804348,20.6,0.0,0.0,162.156,3173.6154382203163,191.566,3740.615893,89.29166667,58.48387097,6.908450348,2.28,0,22.9,4.046,26.0,126.325,83.71428571,1917
2013-05-21,102.9804348,20.62,0.0,0.0,162.75,3200.480674175513,190.213,3740.615893,89.29166667,58.19354839,6.908450348,2.271,0,12.1,4.024,26.3,126.4,82.42857143,1839
2013-05-22,102.9804348,20.6,0.0,0.0,163.139,3200.480674175513,190.89,3740.615893,86.625,57.90322581,6.908450348,2.268,0,2.7,4.013,27.1,126.4,81.14285714,1797
2013-05-23,102.9804348,20.61,0.0,0.0,162.526,3194.803204477489,191.123,3740.615893,86.04166667,57.61290323,6.908450348,2.264,0,5.9,4.033,27.3,126.35,79.85714286,1695
2013-05-24,102.9804348,20.64,0.0,0.0,163.447,3222.2087562490533,190.82,3740.615893,88.20833333,57.32258065,6.908450348,2.274,0,14.2,4.029,26.7,126.35,78.57142857,2042
2013-05-25,102.9804348,20.64,0.0,0.0,163.447,3222.2087562490533,190.82,3740.615893,86.20833333,57.03225806,6.908450348,2.274,0,10.5,4.029,26.8,126.35,77.28571429,2073
2013-05-26,102.9804348,20.64,0.0,0.0,163.447,3222.2087562490533,190.82,3740.615893,86.04166667,56.74193548,6.908450348,2.274,0,7.1,4.029,27.1,126.35,76.0,1614
2013-05-27,102.9804348,20.65,0.0,0.0,163.389,3173.6154382203163,190.125,3740.615893,84.875,56.4516129,6.908450348,2.253,0,6.1,4.01,26.9,126.35,76.28571429,1634
2013-05-28,102.9804348,20.65,0.0,0.0,163.383,3153.952055749129,191.414,3740.615893,84.125,56.16129032,6.908450348,2.247,0,2.1,4.0,27.1,126.4,76.57142857,1660
2013-05-29,102.9804348,20.63,0.0,0.0,162.493,3173.6154382203163,192.698,3740.615893,84.54166667,55.87096774,6.908450348,2.244,0,5.1,3.987,26.9,126.5,76.85714286,1713
2013-05-30,102.9804348,20.62,0.0,0.0,163.704,3222.2087562490533,192.312,3740.615893,87.25,55.58064516,6.908450348,2.236,0,17.2,3.964,26.4,126.5,77.14285714,1755
2013-05-31,102.9804348,20.63,0.0,0.0,165.082,3222.2087562490533,193.817,3740.615893,90.875,55.29032258,6.908450348,2.232,0,49.6,3.973,25.4,126.525,77.42857143,1776
2013-06-01,103.3585,20.63,0.0,0.0,165.082,3222.2087562490533,193.817,3740.615893,90.33333333,55.0,6.908450348,2.232,0,27.9,3.973,25.5,126.525,77.71428571,3315
2013-06-02,103.3585,20.63,0.0,0.0,165.082,3153.952055749129,193.817,3740.615893,89.08333333,54.7,6.908450348,2.232,0,22.2,3.973,25.9,126.525,78.0,3344
2013-06-03,103.3585,20.64,0.0,0.0,164.47,3222.2087562490533,193.716,3740.615893,83.45833333,54.4,6.908450348,2.239,0,7.6,3.96,26.4,126.5,76.28571429,3596
2013-06-04,103.3585,20.64,0.0,0.0,165.411,3153.952055749129,194.88,3740.615893,86.41666667,54.1,6.908450348,2.225,0,8.9,3.932,26.8,126.5,74.57142857,3539
2013-06-05,103.3585,20.6,0.0,0.0,165.469,3200.480674175513,197.255,3740.615893,87.91666667,53.8,6.908450348,2.221,0,11.0,3.935,26.4,126.5,72.85714286,3670
2013-06-06,103.3585,20.6,0.0,0.0,165.639,3153.952055749129,196.582,3740.615893,88.25,53.5,6.908450348,2.214,0,5.8,3.923,26.4,126.425,71.14285714,3759
2013-06-07,103.3585,20.67,0.0,0.0,167.469,3173.6154382203163,197.415,3740.615893,87.91666667,53.2,6.908450348,2.18,0,8.8,3.925,26.4,126.35,69.42857143,3867
2013-06-08,103.3585,20.67,0.0,0.0,167.469,3153.952055749129,197.415,3740.615893,91.33333333,52.9,6.908450348,2.18,0,38.3,3.925,25.1,126.35,67.71428571,4009
2013-06-09,103.3585,20.67,0.0,0.0,167.469,3194.803204477489,197.415,3740.615893,85.45833333,52.6,6.908450348,2.18,0,3.0,3.925,26.3,126.35,66.0,4229
2013-06-10,103.3585,20.82,0.0,0.0,167.072,3153.952055749129,199.856,3740.615893,87.29166667,52.3,6.908450348,2.189,0,3.7,3.942,26.6,126.775,67.42857143,3839
2013-06-11,103.3585,20.77,0.0,0.0,168.066,3200.480674175513,199.751,3740.615893,88.95833333,52.0,6.908450348,2.203,0,13.5,3.954,26.2,127.7,68.85714286,3738
2013-06-12,103.3585,20.84,0.0,0.0,170.032,3194.803204477489,200.974,3740.615893,89.29166667,51.7,6.908450348,2.204,0,10.8,3.999,25.8,127.4,70.28571429,3723
2013-06-13,103.3585,20.97,0.0,0.0,169.92,3194.803204477489,201.888,3740.615893,89.625,51.4,6.908450348,2.236,0,14.1,4.052,25.8,127.85,71.71428571,3395
2013-06-14,103.3585,21.0,0.0,0.0,171.0,3194.803204477489,202.172,3740.615893,90.04166667,51.1,6.908450348,2.213,0,8.0,4.05,26.2,128.55,73.14285714,3112
2013-06-15,103.3585,21.0,0.0,0.0,171.0,3173.6154382203163,202.172,3740.615893,89.29166667,50.8,6.908450348,2.213,0,21.5,4.05,25.7,128.55,74.57142857,3096
2013-06-16,103.3585,21.0,0.0,0.0,171.0,3222.2087562490533,202.172,3740.615893,87.79166667,50.5,6.908450348,2.213,0,6.7,4.05,26.0,128.55,76.0,3004
2013-06-17,103.3585,20.98,0.0,0.0,171.576,3194.803204477489,201.091,3740.615893,90.95833333,50.2,6.908450348,2.185,0,17.1,4.016,25.4,128.6,75.42857143,2823
2013-06-18,103.3585,20.87,0.0,0.0,171.919,3194.803204477489,197.989,3740.615893,89.79166667,49.9,6.908450348,2.177,0,16.4,3.948,25.6,128.55,74.85714286,2848
2013-06-19,103.3585,20.96,0.0,0.0,172.18,3222.2087562490533,199.214,3740.615893,88.29166667,49.6,6.908450348,2.156,0,13.1,3.886,26.0,127.85,74.28571429,2860
2013-06-20,103.3585,21.01,0.0,0.0,169.976,3222.2087562490533,198.668,3740.615893,87.04166667,49.3,6.908450348,2.174,0,8.7,3.931,26.2,128.45,73.71428571,2583
2013-06-21,103.3585,20.98,0.0,0.0,169.811,3153.952055749129,198.938,3740.615893,88.08333333,49.0,6.908450348,2.155,0,12.8,3.934,26.2,128.85,73.14285714,2342
2013-06-22,103.3585,20.98,0.0,0.0,169.811,3173.6154382203163,198.938,3740.615893,84.91666667,48.7,6.908450348,2.155,0,9.8,3.934,26.2,128.85,72.57142857,2397
2013-06-23,103.3585,20.98,0.0,0.0,169.811,3222.2087562490533,198.938,3740.615893,87.29166667,48.4,6.908450348,2.155,0,15.2,3.934,26.0,128.85,72.0,2872
2013-06-24,103.3585,20.98,0.0,0.0,169.09,3194.803204477489,198.79,3740.615893,88.625,48.1,6.908450348,2.16,0,6.1,3.927,26.2,128.9,72.14285714,2091
2013-06-25,103.3585,21.08,0.0,0.0,169.097,3222.2087562490533,198.483,3740.615893,90.33333333,47.8,6.908450348,2.134,0,8.9,3.934,25.9,128.9,72.28571429,1995
2013-06-26,103.3585,21.24,0.0,0.0,168.633,3173.6154382203163,199.277,3740.615893,88.79166667,47.5,6.908450348,2.17,0,6.3,3.98,26.1,129.6,72.42857143,1970
2013-06-27,103.3585,21.28,0.0,0.0,168.635,3222.2087562490533,198.675,3740.615893,89.16666667,47.2,6.908450348,2.194,0,6.2,3.978,26.1,130.6,72.57142857,1949
2013-06-28,103.3585,21.31,0.0,0.0,170.27,3222.2087562490533,198.886,3740.615893,88.5,46.9,6.908450348,2.201,0,10.0,3.962,25.7,130.6,72.71428571,2049
2013-06-29,103.3585,21.31,0.0,0.0,170.27,3153.952055749129,198.886,3740.615893,88.83333333,46.6,6.908450348,2.201,0,11.1,3.962,25.8,130.6,72.85714286,2075
2013-06-30,103.3585,21.31,0.0,0.0,170.27,3153.952055749129,198.886,3740.615893,88.04166667,46.3,6.908450348,2.201,0,20.9,3.962,25.6,130.6,73.0,2190
2013-07-01,107.7795652,21.31,0.0,0.0,169.911,3200.480674175513,198.07,3740.615893,86.29166667,46.0,6.908450348,2.195,0,8.1,3.938,26.1,130.7,73.28571429,3402
2013-07-02,107.7795652,21.31,0.0,0.0,170.746,3200.480674175513,199.589,3740.615893,89.25,45.96774194,6.908450348,2.169,0,12.0,3.942,25.7,130.7,73.57142857,3390
2013-07-03,107.7795652,21.32,0.0,0.0,169.629,3222.2087562490533,196.841,3740.615893,86.66666667,45.93548387,6.908450348,2.174,0,2.5,3.932,26.1,130.625,73.85714286,3621
2013-07-04,107.7795652,21.3,0.0,0.0,169.943,3222.2087562490533,194.525,3740.615893,85.95833333,45.90322581,6.908450348,2.169,0,2.4,3.92,26.2,130.6,74.14285714,3768
2013-07-05,107.7795652,21.38,0.0,0.0,168.65,3173.6154382203163,196.09,3740.615893,87.5,45.87096774,6.908450348,2.161,0,10.7,3.95,26.2,130.65,74.42857143,3648
2013-07-06,107.7795652,21.38,0.0,0.0,168.65,3153.952055749129,196.09,3740.615893,82.70833333,45.83870968,6.908450348,2.161,0,1.9,3.95,26.7,130.65,74.71428571,4035
2013-07-07,107.7795652,21.38,0.0,0.0,168.65,3200.480674175513,196.09,3740.615893,83.58333333,45.80645161,6.908450348,2.161,0,4.4,3.95,26.7,130.65,75.0,4153
2013-07-08,107.7795652,21.35,0.0,0.0,167.644,3200.480674175513,194.529,3740.615893,86.70833333,45.77419355,6.908450348,2.177,0,13.3,3.966,26.2,131.15,75.71428571,3995
2013-07-09,107.7795652,21.32,0.0,0.0,168.79,3222.2087562490533,196.344,3740.615893,87.70833333,45.74193548,6.908450348,2.184,0,15.3,3.969,25.8,130.85,76.42857143,4151
2013-07-10,107.7795652,21.33,0.0,0.0,167.239,3222.2087562490533,198.69,3740.615893,87.5,45.70967742,6.908450348,2.187,0,21.2,4.022,25.7,130.8,77.14285714,4005
2013-07-11,107.7795652,21.32,0.0,0.0,169.759,3173.6154382203163,197.682,3740.615893,84.41666667,45.67741935,6.908450348,2.185,0,3.0,4.009,26.3,130.85,77.85714286,4097
2013-07-12,107.7795652,21.35,0.0,0.0,171.368,3860.3754355400697,197.841,3740.615893,86.70833333,45.64516129,6.908450348,2.191,0,3.1,4.02,26.5,130.85,78.57142857,4482
2013-07-13,107.7795652,21.35,0.0,0.0,171.368,3851.833720480062,197.841,3740.615893,88.33333333,45.61290323,6.908450348,2.191,0,2.2,4.02,26.2,130.85,79.28571429,4324
2013-07-14,107.7795652,21.35,0.0,0.0,171.368,3852.3892760356175,197.841,3740.615893,85.66666667,45.58064516,6.908450348,2.191,0,2.7,4.02,26.4,130.85,80.0,4314
2013-07-15,107.7795652,21.42,0.0,0.0,170.995,3898.2945275671245,199.216,3740.615893,83.91666667,45.5483871,6.908450348,2.216,0,1.0,4.053,26.5,131.025,79.42857143,4117
2013-07-16,107.7795652,21.45,0.0,0.0,171.151,3914.176880508301,200.21,3740.615893,89.25,45.51612903,6.908450348,2.218,0,15.3,4.071,25.6,131.4,78.85714286,3792
2013-07-17,107.7795652,21.44,0.0,0.0,172.948,3860.3754355400697,200.566,3740.615893,87.95833333,45.48387097,6.908450348,2.204,0,3.4,4.055,25.6,131.6,78.28571429,3833
2013-07-18,107.7795652,21.46,0.0,0.0,172.725,3860.3754355400697,201.08,3740.615893,87.75,45.4516129,6.908450348,2.22,0,5.2,4.068,25.8,131.7,77.71428571,3576
2013-07-19,107.7795652,21.45,0.0,0.0,172.659,3914.176880508301,202.298,3740.615893,87.875,45.41935484,6.908450348,2.205,0,8.5,4.072,25.9,131.7,77.14285714,3324
2013-07-20,107.7795652,21.45,0.0,0.0,172.659,3898.2945275671245,202.298,3740.615893,87.20833333,45.38709677,6.908450348,2.205,0,3.1,4.072,26.0,131.7,76.57142857,3269
2013-07-21,107.7795652,21.45,0.0,0.0,172.659,3173.6154382203163,202.298,3740.615893,88.375,45.35483871,6.908450348,2.205,0,6.5,4.072,26.3,131.7,76.0,2598
2013-07-22,107.7795652,21.46,0.0,0.0,173.087,3200.480674175513,202.41,3740.615893,88.33333333,45.32258065,6.908450348,2.204,0,19.8,4.078,25.6,131.7,76.85714286,3214
2013-07-23,107.7795652,21.46,0.0,0.0,173.653,3200.480674175513,201.629,3740.615893,89.04166667,45.29032258,6.908450348,2.222,0,21.8,4.053,25.4,131.7,77.71428571,2538
2013-07-24,107.7795652,21.46,0.0,0.0,174.154,3153.952055749129,202.629,3740.615893,88.66666667,45.25806452,6.908450348,2.233,0,12.1,4.03,25.8,131.65,78.57142857,2529
2013-07-25,107.7795652,21.47,0.0,0.0,173.784,3222.2087562490533,202.459,3740.615893,88.875,45.22580645,6.908450348,2.229,0,5.3,4.015,25.7,131.65,79.42857143,2495
2013-07-26,107.7795652,21.46,0.0,0.0,174.792,3173.6154382203163,201.868,3740.615893,89.54166667,45.19354839,6.908450348,2.21,0,6.3,4.005,25.7,131.625,80.28571429,2447
2013-07-27,107.7795652,21.46,0.0,0.0,174.792,3200.480674175513,201.868,3740.615893,85.54166667,45.16129032,6.908450348,2.21,0,0.6,4.005,26.5,131.625,81.14285714,2537
2013-07-28,107.7795652,21.46,0.0,0.0,174.792,3222.2087562490533,201.868,3740.615893,85.33333333,45.12903226,6.908450348,2.21,0,1.6,4.005,26.5,131.625,82.0,2637
2013-07-29,107.7795652,21.47,0.0,0.0,174.785,3194.803204477489,200.596,3740.615893,81.58333333,45.09677419,6.908450348,2.165,0,0.9,3.993,26.8,131.6,83.71428571,2789
2013-07-30,107.7795652,21.5,0.0,0.0,174.534,3153.952055749129,200.366,3740.615893,81.25,45.06451613,6.908450348,2.165,0,0.3,3.997,26.9,131.65,85.42857143,2843
2013-07-31,107.7795652,21.47,0.0,0.0,174.607,3222.2087562490533,199.062,3740.615893,80.20833333,45.03225806,6.908450348,2.174,0,2.9,3.976,27.0,131.75,87.14285714,3093
2013-08-01,111.0581818,21.48,0.0,0.0,175.26,3153.952055749129,201.279,3740.615893,88.58333333,45.0,6.908450348,2.154,0,2.2,4.009,26.6,131.65,88.85714286,3728
2013-08-02,111.0581818,21.49,0.0,0.0,173.87,3194.803204477489,202.195,3740.615893,88.29166667,44.96774194,6.908450348,2.163,0,10.7,3.999,26.2,131.65,90.57142857,3852
2013-08-03,111.0581818,21.49,0.0,0.0,173.87,3222.2087562490533,202.195,3740.615893,87.25,44.93548387,6.908450348,2.163,0,5.7,3.999,26.4,131.65,92.28571429,4008
2013-08-04,111.0581818,21.49,0.0,0.0,173.87,3153.952055749129,202.195,3740.615893,88.33333333,44.90322581,6.908450348,2.163,0,37.8,3.999,25.4,131.65,94.0,4298
2013-08-05,111.0581818,21.5,0.0,0.0,174.864,3153.952055749129,201.979,3740.615893,83.29166667,44.87096774,6.908450348,2.165,0,4.5,3.99,25.9,131.65,94.42857143,4748
2013-08-06,111.0581818,21.52,0.0,0.0,174.548,3194.803204477489,203.984,3740.615893,84.20833333,44.83870968,6.908450348,2.152,0,3.3,3.995,26.0,131.6,94.85714286,4894
2013-08-07,111.0581818,21.51,0.0,0.0,175.113,3153.952055749129,204.642,3740.615893,83.25,44.80645161,6.908450348,2.169,0,1.6,4.008,26.2,131.7,95.28571429,5082
2013-08-08,111.0581818,21.51,0.0,0.0,175.649,3173.6154382203163,204.135,3740.615893,84.625,44.77419355,6.908450348,2.17,0,0.2,4.005,26.2,131.7,95.71428571,5091
2013-08-09,111.0581818,21.51,0.0,0.0,176.228,3222.2087562490533,203.654,3740.615893,83.58333333,44.74193548,6.908450348,2.155,0,0.6,3.989,26.2,131.7,96.14285714,6602
2013-08-10,111.0581818,21.51,0.0,0.0,176.228,3222.2087562490533,203.654,3740.615893,86.625,44.70967742,6.908450348,2.155,0,1.0,3.989,26.2,131.7,96.57142857,5045
2013-08-11,111.0581818,21.51,0.0,0.0,176.228,3153.952055749129,203.654,3740.615893,86.45833333,44.67741935,6.908450348,2.155,0,2.1,3.989,26.2,131.7,97.0,4989
2013-08-12,111.0581818,21.51,0.0,0.0,175.727,3173.6154382203163,203.38,3740.615893,86.95833333,44.64516129,6.908450348,2.146,0,3.9,3.981,26.1,131.7,95.14285714,4756
2013-08-13,111.0581818,21.5,0.0,0.0,175.168,3200.480674175513,203.909,3740.615893,85.66666667,44.61290323,6.908450348,2.147,0,1.7,3.976,26.2,131.65,93.28571429,4631
2013-08-14,111.0581818,21.5,0.0,0.0,174.601,3173.6154382203163,205.529,3740.615893,85.25,44.58064516,6.908450348,2.139,0,1.5,3.994,26.1,131.55,91.42857143,4482
2013-08-15,111.0581818,21.55,0.0,0.0,174.382,3173.6154382203163,205.919,3740.615893,87.58333333,44.5483871,6.908450348,2.137,0,1.7,4.002,26.0,131.4,89.57142857,4115
2013-08-16,111.0581818,21.55,0.0,0.0,175.387,3194.803204477489,206.45,3740.615893,87.625,44.51612903,6.908450348,2.089,0,2.5,3.999,25.9,131.75,87.71428571,3941
2013-08-17,111.0581818,21.55,0.0,0.0,175.387,3153.952055749129,206.45,3740.615893,86.58333333,44.48387097,6.908450348,2.089,0,1.1,3.999,25.7,131.75,85.85714286,3863
2013-08-18,111.0581818,21.55,0.0,0.0,175.387,3200.480674175513,206.45,3740.615893,84.875,44.4516129,6.908450348,2.089,0,4.2,3.999,26.1,131.75,84.0,3748
2013-08-19,111.0581818,21.54,0.0,0.0,175.616,3200.480674175513,206.68,3740.615893,86.58333333,44.41935484,6.908450348,2.09,0,1.9,4.004,26.2,131.925,82.57142857,3424
2013-08-20,111.0581818,21.54,0.0,0.0,175.922,3222.2087562490533,206.549,3740.615893,84.75,44.38709677,6.908450348,2.057,0,2.0,3.979,26.4,131.925,81.14285714,4382
2013-08-21,111.0581818,21.55,0.0,0.0,177.004,3194.803204477489,205.621,3740.615893,85.875,44.35483871,6.908450348,2.043,0,4.9,3.991,26.4,131.9,79.71428571,3346
2013-08-22,111.0581818,21.65,0.0,0.0,176.179,3153.952055749129,206.291,3740.615893,87.0,44.32258065,6.908450348,2.097,0,5.3,4.011,26.3,131.91,78.28571429,3076
2013-08-23,111.0581818,21.68,0.0,0.0,176.179,3173.6154382203163,206.709,3740.615893,84.58333333,44.29032258,6.908450348,2.064,0,2.4,4.011,26.5,132.51,76.85714286,2999
2013-08-24,111.0581818,21.68,0.0,0.0,176.179,3153.952055749129,206.709,3740.615893,82.04166667,44.25806452,6.908450348,2.064,0,1.7,4.011,26.7,132.51,75.42857143,3038
2013-08-25,111.0581818,21.68,0.0,0.0,176.179,3153.952055749129,206.709,3740.615893,85.29166667,44.22580645,6.908450348,2.064,0,2.2,4.011,26.5,132.51,74.0,2897
2013-08-26,111.0581818,21.71,0.0,0.0,177.325,3222.2087562490533,206.628,3740.615893,83.95833333,44.19354839,6.908450348,2.004,0,3.8,4.008,26.6,132.71,74.14285714,2920
2013-08-27,111.0581818,21.76,0.0,0.0,177.413,3194.803204477489,206.827,3740.615893,84.04166667,44.16129032,6.908450348,1.936,0,1.8,4.013,26.4,132.91,74.28571429,2973
2013-08-28,111.0581818,21.76,0.0,0.0,178.006,3173.6154382203163,206.514,3740.615893,85.45833333,44.12903226,6.908450348,2.001,0,1.1,4.005,26.5,133.2,74.42857143,3008
2013-08-29,111.0581818,21.72,0.0,0.0,177.682,3200.480674175513,206.121,3740.615893,86.66666667,44.09677419,6.908450348,2.023,0,10.6,3.995,26.5,133.2,74.57142857,2984
2013-08-30,111.0581818,21.74,0.0,0.0,176.37,3200.480674175513,206.833,3740.615893,86.125,44.06451613,6.908450348,2.016,0,18.8,3.984,26.5,132.9,74.71428571,3030
2013-08-31,111.0581818,21.74,0.0,0.0,176.37,3194.803204477489,206.833,3740.615893,85.125,44.03225806,6.908450348,2.016,0,0.3,3.984,26.4,132.9,74.85714286,3319
2013-09-01,111.9628571,21.74,0.0,0.0,176.37,3222.2087562490533,206.833,3740.615893,88.33333333,44.0,6.908450348,2.016,0,10.3,3.984,25.9,132.9,75.0,3011
2013-09-02,111.9628571,21.74,0.0,0.0,175.733,3194.803204477489,207.026,3740.615893,87.25,44.06666667,6.908450348,1.967,0,10.8,3.972,25.9,133.05,75.28571429,3071
2013-09-03,111.9628571,21.73,0.0,0.0,175.519,3222.2087562490533,207.832,3740.615893,86.875,44.13333333,6.908450348,1.983,0,5.8,3.991,25.8,133.05,75.57142857,3148
2013-09-04,111.9628571,21.74,0.0,0.0,175.227,3153.952055749129,207.432,3740.615893,88.45833333,44.2,6.908450348,2.015,0,3.1,3.979,25.8,133.0,75.85714286,3248
2013-09-05,111.9628571,21.72,0.0,0.0,175.673,3222.2087562490533,207.752,3740.615893,88.125,44.26666667,6.908450348,2.037,0,10.1,3.995,25.6,133.05,76.14285714,3439
2013-09-06,111.9628571,21.71,0.0,0.0,174.561,3173.6154382203163,208.582,3740.615893,87.83333333,44.33333333,6.908450348,2.037,0,20.3,4.008,25.2,132.91,76.42857143,3525
2013-09-07,111.9628571,21.71,0.0,0.0,174.561,3173.6154382203163,208.582,3740.615893,85.70833333,44.4,6.908450348,2.037,0,4.8,4.008,25.9,132.91,76.71428571,3719
2013-09-08,111.9628571,21.71,0.0,0.0,174.561,3200.480674175513,208.582,3740.615893,88.20833333,44.46666667,6.908450348,2.037,0,12.2,4.008,25.4,132.91,77.0,3772
2013-09-09,111.9628571,21.71,0.0,0.0,175.175,3222.2087562490533,209.033,3740.615893,86.54166667,44.53333333,6.908450348,2.081,0,14.8,4.033,25.5,132.91,76.42857143,3862
2013-09-10,111.9628571,21.63,0.0,0.0,176.173,3153.952055749129,209.351,3740.615893,85.875,44.6,6.908450348,2.092,0,25.3,4.037,25.8,132.85,75.85714286,3877
2013-09-11,111.9628571,21.63,0.0,0.0,176.272,3222.2087562490533,209.153,3740.615893,90.04166667,44.66666667,6.908450348,2.086,0,20.4,4.053,25.0,132.35,75.28571429,3768
2013-09-12,111.9628571,21.61,0.0,0.0,176.178,3194.803204477489,209.947,3740.615893,91.04166667,44.73333333,6.908450348,2.087,0,23.9,4.074,24.9,132.325,74.71428571,3558
2013-09-13,111.9628571,21.61,0.0,0.0,175.979,3173.6154382203163,210.225,3740.615893,89.70833333,44.8,6.908450348,2.105,0,8.7,4.092,25.4,132.25,74.14285714,3290
2013-09-14,111.9628571,21.61,0.0,0.0,175.979,3200.480674175513,210.225,3740.615893,90.875,44.86666667,6.908450348,2.105,0,15.5,4.092,25.5,132.25,73.57142857,3125
2013-09-15,111.9628571,21.61,0.0,0.0,175.979,3153.952055749129,210.225,3740.615893,84.375,44.93333333,6.908450348,2.105,0,3.4,4.092,26.4,132.25,73.0,3239
2013-09-16,111.9628571,21.6,0.0,0.0,175.813,3222.2087562490533,210.331,3740.615893,89.79166667,45.0,6.908450348,2.087,0,10.0,4.106,25.6,132.25,72.42857143,2906
2013-09-17,111.9628571,21.61,0.0,0.0,176.342,3222.2087562490533,213.612,3740.615893,89.5,45.06666667,6.908450348,2.087,0,24.0,4.161,25.4,132.25,71.85714286,2744
2013-09-18,111.9628571,21.61,0.0,0.0,176.673,3200.480674175513,212.084,3740.615893,88.16666667,45.13333333,6.908450348,2.142,0,17.8,4.179,25.6,132.3,71.28571429,2685
2013-09-19,111.9628571,21.6,0.0,0.0,178.897,3222.2087562490533,211.6,3740.615893,86.83333333,45.2,6.908450348,2.124,0,3.1,4.149,26.4,132.3,70.71428571,3351
2013-09-20,111.9628571,21.58,0.0,0.0,179.002,3153.952055749129,211.922,3740.615893,89.58333333,45.26666667,6.908450348,2.11,0,12.8,4.152,26.1,132.2,70.14285714,2407
2013-09-21,111.9628571,21.58,0.0,0.0,179.002,3222.2087562490533,211.922,3740.615893,84.29166667,45.33333333,6.908450348,2.11,0,3.2,4.152,26.9,132.2,69.57142857,2486
2013-09-22,111.9628571,21.58,0.0,0.0,179.002,3194.803204477489,211.922,3740.615893,86.20833333,45.4,6.908450348,2.11,0,3.2,4.152,26.5,132.2,69.0,2423
2013-09-23,111.9628571,21.59,0.0,0.0,178.788,3194.803204477489,211.52,3740.615893,86.625,45.46666667,6.908450348,2.105,0,3.3,4.146,26.6,132.1,68.28571429,2292
2013-09-24,111.9628571,21.58,0.0,0.0,178.243,3194.803204477489,212.337,3740.615893,83.375,45.53333333,6.908450348,2.115,0,0.5,4.115,26.7,132.175,67.57142857,2396
2013-09-25,111.9628571,21.56,0.0,0.0,178.086,3153.952055749129,211.741,3740.615893,83.375,45.6,6.908450348,2.127,0,2.7,4.082,26.5,132.05,66.85714286,2440
2013-09-26,111.9628571,21.57,0.0,0.0,178.611,3222.2087562490533,213.069,3740.615893,83.70833333,45.66666667,6.908450348,2.112,0,1.0,4.086,26.5,132.0,66.14285714,2417
2013-09-27,111.9628571,21.56,0.0,0.0,178.054,3153.952055749129,213.655,3740.615893,81.5,45.73333333,6.908450348,2.109,0,0.0,4.075,26.6,132.025,65.42857143,2452
2013-09-28,111.9628571,21.56,0.0,0.0,178.054,3200.480674175513,213.655,3740.615893,82.41666667,45.8,6.908450348,2.109,0,2.5,4.075,26.6,132.025,64.71428571,2498
2013-09-29,111.9628571,21.56,0.0,0.0,178.054,3222.2087562490533,213.655,3740.615893,80.95833333,45.86666667,6.908450348,2.109,0,1.0,4.075,26.8,132.025,64.0,2653
2013-09-30,111.9628571,21.48,0.0,0.0,178.524,3200.480674175513,212.924,3740.615893,84.70833333,45.93333333,6.908450348,2.105,0,2.7,4.077,26.7,132.0,65.28571429,2537
2013-10-01,109.6186957,21.47,0.0,0.0,178.543,3792.9176458359616,213.258,3740.615893,87.41666667,46.0,6.908450348,2.105,0,4.6,4.079,26.6,131.475,66.57142857,3374
2013-10-02,109.6186957,21.47,0.0,0.0,177.833,3820.328639080082,212.371,3740.615893,85.29166667,45.93548387,6.908450348,2.129,0,1.0,4.086,26.8,131.45,67.85714286,3551
2013-10-03,109.6186957,21.45,0.0,0.0,178.49,3820.328639080082,210.205,3740.615893,84.29166667,45.87096774,6.908450348,2.137,0,4.4,4.08,26.5,131.45,69.14285714,3754
2013-10-04,109.6186957,21.42,0.0,0.0,179.008,3812.495271533787,211.106,3740.615893,90.16666667,45.80645161,6.908450348,2.122,0,5.4,4.072,25.3,131.3,70.42857143,3701
2013-10-05,109.6186957,21.42,0.0,0.0,179.008,3812.495271533787,211.106,3740.615893,87.70833333,45.74193548,6.908450348,2.122,0,3.4,4.072,25.8,131.3,71.71428571,3987
2013-10-06,109.6186957,21.42,0.0,0.0,179.008,3820.328639080082,211.106,3740.615893,81.04166667,45.67741935,6.908450348,2.122,0,0.6,4.072,26.3,131.3,73.0,4545
2013-10-07,109.6186957,21.43,0.0,0.0,178.017,3872.3038860037173,211.029,3740.615893,80.75,45.61290323,6.908450348,2.118,0,1.0,4.049,26.5,131.15,74.14285714,4672
2013-10-08,109.6186957,21.42,0.0,0.0,178.128,3827.647388880934,209.223,3740.615893,79.41666667,45.5483871,6.908450348,2.119,0,2.1,4.057,26.9,131.2,75.28571429,4755
2013-10-09,109.6186957,21.44,0.0,0.0,178.078,3812.495271533787,209.388,3740.615893,81.75,45.48387097,6.908450348,2.137,0,2.3,4.076,26.7,131.125,76.42857143,4637
2013-10-10,109.6186957,21.42,0.0,0.0,177.353,3872.3038860037173,209.137,3740.615893,88.41666667,45.41935484,6.908450348,2.148,0,5.6,4.068,26.1,131.15,77.57142857,4314
2013-10-11,109.6186957,21.43,0.0,0.0,177.315,3820.328639080082,209.237,3740.615893,84.25,45.35483871,6.908450348,2.127,0,2.1,4.055,26.9,131.075,78.71428571,4245
2013-10-12,109.6186957,21.43,0.0,0.0,177.315,3827.647388880934,209.237,3740.615893,87.54166667,45.29032258,6.908450348,2.127,0,7.6,4.055,25.9,131.075,79.85714286,4185
2013-10-13,109.6186957,21.43,0.0,0.0,177.315,3827.647388880934,209.237,3740.615893,87.0,45.22580645,6.908450348,2.127,0,5.3,4.055,26.4,131.075,81.0,3997
2013-10-14,109.6186957,21.49,0.0,0.0,177.502,3812.495271533787,209.808,3740.615893,82.66666667,45.16129032,6.908450348,2.121,0,1.6,4.06,26.9,130.9,79.28571429,3893
2013-10-15,109.6186957,21.5,0.0,0.0,177.52,3770.786212045794,209.191,3740.615893,82.54166667,45.09677419,6.908450348,2.124,0,2.2,4.091,26.9,131.15,77.57142857,3547
2013-10-16,109.6186957,21.48,0.0,0.0,177.361,3721.6433549029366,211.755,3740.615893,83.54166667,45.03225806,6.908450348,2.143,0,7.3,4.111,26.9,131.15,75.85714286,4235
2013-10-17,109.6186957,21.49,0.0,0.0,177.505,3867.3339140534263,211.795,3740.615893,89.0,44.96774194,6.908450348,2.139,0,29.7,4.111,25.8,131.0,74.14285714,3123
2013-10-18,109.6186957,21.49,0.0,0.0,179.149,3867.3339140534263,211.371,3740.615893,90.04166667,44.90322581,6.908450348,2.126,0,11.5,4.094,25.5,131.0,72.42857143,3815
2013-10-19,109.6186957,21.49,0.0,0.0,179.149,3867.3339140534263,211.371,3740.615893,92.25,44.83870968,6.908450348,2.126,0,31.2,4.094,24.5,131.0,70.71428571,2992
2013-10-20,109.6186957,21.49,0.0,0.0,179.149,3792.9176458359616,211.371,3740.615893,88.75,44.77419355,6.908450348,2.126,0,23.3,4.094,25.4,131.0,69.0,2983
2013-10-21,109.6186957,21.47,0.0,0.0,179.293,3827.647388880934,212.401,3740.615893,88.66666667,44.70967742,6.908450348,2.122,0,12.6,4.128,25.7,130.9,69.57142857,2738
2013-10-22,109.6186957,21.49,0.0,0.0,179.104,3827.647388880934,211.345,3740.615893,89.20833333,44.64516129,6.908450348,2.122,0,7.2,4.118,25.9,130.825,70.14285714,2623
2013-10-23,109.6186957,21.46,0.0,0.0,180.297,3872.3038860037173,211.51,3740.615893,87.29166667,44.58064516,6.908450348,2.124,0,2.3,4.119,26.6,130.75,70.71428571,2603
2013-10-24,109.6186957,21.47,0.0,0.0,180.127,3872.3038860037173,211.209,3740.615893,90.625,44.51612903,6.908450348,2.126,0,5.9,4.107,25.9,130.55,71.28571429,2476
2013-10-25,109.6186957,21.53,0.0,0.0,180.159,3820.328639080082,211.461,3740.615893,87.83333333,44.4516129,6.908450348,2.132,0,10.9,4.104,25.9,130.65,71.85714286,2481
2013-10-26,109.6186957,21.53,0.0,0.0,180.159,3827.647388880934,211.461,3740.615893,83.54166667,44.38709677,6.908450348,2.132,0,0.0,4.104,26.6,130.65,72.42857143,2602
2013-10-27,109.6186957,21.53,0.0,0.0,180.159,3812.495271533787,211.461,3740.615893,89.125,44.32258065,6.908450348,2.132,0,8.6,4.104,25.9,130.65,73.0,2488
2013-10-28,109.6186957,21.5,0.0,0.0,180.362,3792.9176458359616,210.135,3740.615893,86.20833333,44.25806452,6.908450348,2.132,0,2.6,4.077,26.3,131.0,72.71428571,2593
2013-10-29,109.6186957,21.51,0.0,0.0,180.577,3820.328639080082,210.192,3740.615893,89.75,44.19354839,6.908450348,2.139,0,4.4,4.095,26.0,130.95,72.42857143,2561
2013-10-30,109.6186957,21.48,0.0,0.0,179.998,3812.495271533787,209.996,3740.615893,89.20833333,44.12903226,6.908450348,2.124,0,23.4,4.08,25.9,131.05,72.14285714,2692
2013-10-31,109.6186957,21.48,0.0,0.0,180.011,3827.647388880934,208.677,3740.615893,90.95833333,44.06451613,6.908450348,2.122,0,122.6,4.036,25.2,130.9,71.85714286,2896
2013-11-01,108.1504762,21.5,0.0,0.0,177.821,3820.328639080082,209.42,3740.615893,87.16666667,44.0,6.908450348,2.124,0,8.7,4.051,25.7,131.025,71.57142857,3611
2013-11-02,108.1504762,21.5,0.0,0.0,177.821,3872.3038860037173,209.42,3740.615893,89.375,43.86666667,6.908450348,2.124,0,35.4,4.051,25.4,131.025,71.28571429,4673
2013-11-03,108.1504762,21.5,0.0,0.0,177.821,3812.495271533787,209.42,3740.615893,86.58333333,43.73333333,6.908450348,2.124,0,18.9,4.051,25.8,131.025,71.0,3835
2013-11-04,108.1504762,21.51,0.0,0.0,176.72,3812.495271533787,210.437,3740.615893,84.75,43.6,6.908450348,2.128,0,1.6,4.03,26.2,131.15,71.28571429,3932
2013-11-05,108.1504762,21.52,0.0,0.0,177.255,3812.495271533787,210.869,3740.615893,86.20833333,43.46666667,6.908450348,2.101,0,5.4,4.05,26.1,131.15,71.57142857,3999
2013-11-06,108.1504762,21.52,0.0,0.0,176.718,3872.3038860037173,211.032,3740.615893,87.25,43.33333333,6.908450348,2.1,0,14.4,4.039,25.6,131.125,71.85714286,4303
2013-11-07,108.1504762,21.53,0.0,0.0,177.183,3820.328639080082,210.029,3740.615893,86.83333333,43.2,6.908450348,2.099,0,13.3,4.015,25.6,131.1,72.14285714,4471
2013-11-08,108.1504762,21.52,0.0,0.0,175.929,3820.328639080082,209.623,3740.615893,85.08333333,43.06666667,6.908450348,2.073,0,2.5,3.993,26.2,131.125,72.42857143,4445
2013-11-09,108.1504762,21.52,0.0,0.0,175.929,3827.647388880934,209.623,3740.615893,86.70833333,42.93333333,6.908450348,2.073,0,8.0,3.993,26.1,131.125,72.71428571,4463
2013-11-10,108.1504762,21.52,0.0,0.0,175.929,3792.9176458359616,209.623,3740.615893,86.41666667,42.8,6.908450348,2.073,0,12.6,3.993,26.1,131.125,73.0,4457
2013-11-11,108.1504762,21.52,0.0,0.0,175.334,3820.328639080082,208.515,3740.615893,86.08333333,42.66666667,6.908450348,2.057,0,7.1,3.989,26.2,131.1,73.42857143,4295
2013-11-12,108.1504762,21.52,0.0,0.0,175.753,3820.328639080082,210.521,3740.615893,86.625,42.53333333,6.908450348,2.071,0,26.3,4.003,25.9,131.1,73.85714286,4191
2013-11-13,108.1504762,21.53,0.0,0.0,176.146,3820.328639080082,210.693,3740.615893,86.0,42.4,6.908450348,2.078,0,9.7,4.004,25.2,131.1,74.28571429,4272
2013-11-14,108.1504762,21.53,0.0,0.0,176.808,3872.3038860037173,211.433,3740.615893,84.0,42.26666667,6.908450348,2.082,0,0.2,4.027,26.2,131.15,74.71428571,3971
2013-11-15,108.1504762,21.53,0.0,0.0,176.521,3812.495271533787,211.283,3740.615893,78.375,42.13333333,6.908450348,2.101,0,0.2,4.026,26.1,131.15,75.14285714,4053
2013-11-16,108.1504762,21.53,0.0,0.0,176.521,3812.495271533787,211.283,3740.615893,78.41666667,42.0,6.908450348,2.101,0,1.2,4.026,25.2,131.15,75.57142857,4118
2013-11-17,108.1504762,21.53,0.0,0.0,176.521,3812.495271533787,211.283,3740.615893,83.29166667,41.86666667,6.908450348,2.101,0,1.6,4.026,25.8,131.15,76.0,4505
2013-11-18,108.1504762,21.52,0.0,0.0,176.994,3872.3038860037173,211.346,3740.615893,85.125,41.73333333,6.908450348,2.102,0,1.4,4.007,25.8,131.15,75.57142857,3351
2013-11-19,108.1504762,21.52,0.0,0.0,177.118,3827.647388880934,211.137,3740.615893,87.70833333,41.6,6.908450348,2.095,0,4.1,3.984,25.6,131.1,75.14285714,3162
2013-11-20,108.1504762,21.52,0.0,0.0,177.502,3820.328639080082,212.389,3740.615893,82.45833333,41.46666667,6.908450348,2.083,0,0.2,3.974,26.4,131.1,74.71428571,3214
2013-11-21,108.1504762,21.52,0.0,0.0,176.192,3820.328639080082,212.804,3740.615893,81.75,41.33333333,6.908450348,2.091,0,0.1,4.005,26.3,131.1,74.28571429,2989
2013-11-22,108.1504762,21.53,0.0,0.0,176.75,3820.328639080082,211.886,3740.615893,85.04166667,41.2,6.908450348,2.098,0,3.9,3.984,26.2,131.15,73.85714286,2759
2013-11-23,108.1504762,21.53,0.0,0.0,176.75,3812.495271533787,211.886,3740.615893,86.58333333,41.06666667,6.908450348,2.098,0,14.8,3.984,25.7,131.15,73.42857143,2694
2013-11-24,108.1504762,21.53,0.0,0.0,176.75,3827.647388880934,211.886,3740.615893,88.125,40.93333333,6.908450348,2.098,0,15.7,3.984,25.4,131.15,73.0,2634
2013-11-25,108.1504762,21.53,0.0,0.0,177.82,3872.3038860037173,212.754,3740.615893,84.375,40.8,6.908450348,2.099,0,0.5,3.981,26.2,131.15,73.14285714,2634
2013-11-26,108.1504762,21.55,0.0,0.0,177.269,3820.328639080082,213.82,3740.615893,83.625,40.66666667,6.908450348,2.112,0,0.8,3.956,26.2,131.2,73.28571429,2680
2013-11-27,108.1504762,21.54,0.0,0.0,178.065,3872.3038860037173,214.414,3740.615893,81.33333333,40.53333333,6.908450348,2.107,0,0.0,3.958,26.2,131.275,73.42857143,2861
2013-11-28,108.1504762,21.54,0.0,0.0,178.258,3872.3038860037173,214.824,3740.615893,80.83333333,40.4,6.908450348,2.103,0,0.0,3.959,25.5,131.2,73.57142857,2987
2013-11-29,108.1504762,21.51,0.0,0.0,178.504,3827.647388880934,214.359,3740.615893,82.875,40.26666667,6.908450348,2.103,0,1.1,3.944,26.0,131.25,73.71428571,2844
2013-11-30,108.1504762,21.51,0.0,0.0,178.504,3812.495271533787,214.359,3740.615893,81.375,40.13333333,6.908450348,2.103,0,0.3,3.944,26.0,131.25,73.85714286,3017
2013-12-01,111.0704545,21.51,0.0,0.0,178.504,3812.495271533787,214.359,3740.615893,87.625,40.0,6.908450348,2.103,0,18.2,3.944,25.2,131.25,74.0,4735
2013-12-02,111.0704545,21.48,0.0,0.0,178.375,3812.495271533787,214.489,3740.615893,87.91666667,39.93548387,6.908450348,2.098,0,15.7,3.936,25.4,131.05,76.0,4668
2013-12-03,111.0704545,21.48,0.0,0.0,177.462,3872.3038860037173,214.359,3740.615893,82.45833333,39.87096774,6.908450348,2.108,0,6.7,3.951,25.6,130.85,78.0,5169
2013-12-04,111.0704545,21.48,0.0,0.0,177.819,3820.328639080082,213.77,3740.615893,84.95833333,39.80645161,6.908450348,2.119,0,3.2,3.968,25.4,130.83,80.0,5174
2013-12-05,111.0704545,21.52,0.0,0.0,177.844,3872.3038860037173,213.933,3740.615893,84.70833333,39.74193548,6.908450348,2.13,0,3.5,3.993,24.8,130.87,82.0,5519
2013-12-06,111.0704545,21.54,0.0,0.0,178.867,3827.647388880934,214.904,3740.615893,85.375,39.67741935,6.908450348,2.139,0,5.5,4.002,25.3,130.85,84.0,5434
2013-12-07,111.0704545,21.54,0.0,0.0,178.867,3820.328639080082,214.904,3740.615893,83.625,39.61290323,6.908450348,2.139,0,0.8,4.002,25.8,130.85,86.0,5710
2013-12-08,111.0704545,21.54,0.0,0.0,178.867,3872.3038860037173,214.904,3740.615893,84.58333333,39.5483871,6.908450348,2.139,0,0.2,4.002,25.7,130.85,88.0,5893
2013-12-09,111.0704545,21.55,0.0,0.0,179.337,3872.3038860037173,215.114,3740.615893,83.41666667,39.48387097,6.908450348,2.143,0,0.3,3.999,25.8,130.8,88.71428571,5958
2013-12-10,111.0704545,21.54,0.0,0.0,179.7,3827.647388880934,214.185,3740.615893,83.08333333,39.41935484,6.908450348,2.135,0,0.0,3.992,25.1,130.8,89.42857143,6212
2013-12-11,111.0704545,21.56,0.0,0.0,179.994,3827.647388880934,214.022,3740.615893,83.375,39.35483871,6.908450348,2.117,0,0.4,3.988,25.8,130.8,90.14285714,5963
2013-12-12,111.0704545,21.55,0.0,0.0,180.315,3827.647388880934,213.201,3740.615893,85.95833333,39.29032258,6.908450348,2.103,0,2.7,3.976,25.6,130.9,90.85714286,5594
2013-12-13,111.0704545,21.54,0.0,0.0,180.053,3827.647388880934,213.188,3740.615893,90.29166667,39.22580645,6.908450348,2.119,0,9.6,3.971,25.3,130.81,91.57142857,5040
2013-12-14,111.0704545,21.54,0.0,0.0,180.053,3827.647388880934,213.188,3740.615893,86.66666667,39.16129032,6.908450348,2.119,0,18.6,3.971,25.5,130.81,92.28571429,5136
2013-12-15,111.0704545,21.54,0.0,0.0,180.053,3872.3038860037173,213.188,3740.615893,88.20833333,39.09677419,6.908450348,2.119,0,14.6,3.971,25.3,130.81,93.0,4967
2013-12-16,111.0704545,21.55,0.0,0.0,179.772,3792.9176458359616,212.774,3740.615893,78.41666667,39.03225806,6.908450348,2.109,0,0.0,3.967,25.4,130.81,93.71428571,6717
2013-12-17,111.0704545,21.54,0.0,0.0,180.008,3812.495271533787,214.401,3740.615893,74.125,38.96774194,6.908450348,2.106,0,0.0,3.976,24.8,130.825,94.42857143,5578
2013-12-18,111.0704545,21.54,0.0,0.0,180.12,3827.647388880934,214.097,3740.615893,74.95833333,38.90322581,6.908450348,2.104,0,0.0,3.964,25.8,130.8,95.14285714,5159
2013-12-19,111.0704545,21.53,0.0,0.0,179.0,3820.328639080082,213.505,3740.615893,79.79166667,38.83870968,6.908450348,2.108,0,1.6,3.962,25.3,130.75,95.85714286,4595
2013-12-20,111.0704545,21.54,0.0,0.0,178.644,3812.495271533787,213.855,3740.615893,80.0,38.77419355,6.908450348,2.11,0,4.8,3.997,26.2,130.7,96.57142857,4005
2013-12-21,111.0704545,21.54,0.0,0.0,178.644,3812.495271533787,213.855,3740.615893,84.75,38.70967742,6.908450348,2.11,0,8.0,3.997,26.1,130.7,97.28571429,3659
2013-12-22,111.0704545,21.54,0.0,0.0,178.644,3872.3038860037173,213.855,3740.615893,74.45833333,38.64516129,6.908450348,2.11,0,0.3,3.997,26.1,130.7,98.0,4232
2013-12-23,111.0704545,21.54,0.0,0.0,178.686,3827.647388880934,214.192,3740.615893,67.70833333,38.58064516,6.908450348,2.118,0,0.0,4.009,25.3,130.75,98.28571429,4586
2013-12-24,111.0704545,21.54,0.0,0.0,179.076,3827.647388880934,213.865,3740.615893,77.83333333,38.51612903,6.908450348,2.117,0,1.1,4.002,26.3,130.8,98.57142857,3675
2013-12-25,111.0704545,21.52,0.0,0.0,178.986,3820.328639080082,214.54,3740.615893,75.91666667,38.4516129,6.908450348,2.103,0,4.7,4.001,25.9,130.8,98.85714286,4820
2013-12-26,111.0704545,21.55,0.0,0.0,178.935,3812.495271533787,215.483,3740.615893,68.375,38.38709677,6.908450348,2.111,0,0.0,4.009,25.5,130.725,99.14285714,4265
2013-12-27,111.0704545,21.58,0.0,0.0,178.982,3820.328639080082,215.888,3740.615893,71.875,38.32258065,6.908450348,2.113,0,0.0,3.986,25.6,130.75,99.42857143,4060
2013-12-28,111.0704545,21.58,0.0,0.0,178.982,3812.495271533787,215.888,3740.615893,75.04166667,38.25806452,6.908450348,2.113,0,0.4,3.986,25.6,130.75,99.71428571,3965
2013-12-29,111.0704545,21.58,0.0,0.0,178.982,3827.647388880934,215.888,3740.615893,70.25,38.19354839,6.908450348,2.113,0,0.0,3.986,25.9,130.75,100.0,4383
2013-12-30,111.0704545,21.61,0.0,0.0,179.677,3812.495271533787,216.579,3740.615893,68.91666667,38.12903226,6.908450348,2.116,0,0.0,3.976,26.1,130.825,99.28571429,4523
2013-12-31,111.0704545,21.6,0.0,0.0,180.597,3792.9176458359616,216.607,3740.615893,70.29166667,38.06451613,6.908450348,2.112,0,0.0,3.98,26.6,130.8,98.57142857,4524
2014-01-01,107.9269565,21.61,0.0,0.0,179.798,3812.495271533787,215.095,3971.919131,66.29166667,38.0,3.179002282,2.099,0,0.0,3.949,26.9,130.75,97.85714286,3689
2014-01-02,107.9269565,21.6,0.0,0.0,179.834,3827.647388880934,214.564,3971.919131,66.54166667,38.48387097,3.179002282,2.102,0,0.0,3.937,26.5,130.725,97.14285714,3908
2014-01-03,107.9269565,21.6,0.0,0.0,178.728,3827.647388880934,214.502,3971.919131,72.04166667,38.96774194,3.179002282,2.098,0,0.0,3.937,26.4,130.7,96.42857143,3657
2014-01-04,107.9269565,21.6,0.0,0.0,178.728,3812.495271533787,214.502,3971.919131,70.54166667,39.4516129,3.179002282,2.098,0,0.0,3.937,25.8,130.7,95.71428571,4104
2014-01-05,107.9269565,21.6,0.0,0.0,178.728,3827.647388880934,214.502,3971.919131,71.04166667,39.93548387,3.179002282,2.098,0,0.0,3.937,25.0,130.7,95.0,4614
2014-01-06,107.9269565,21.6,0.0,0.0,177.601,3827.647388880934,214.387,3971.919131,80.91666667,40.41935484,3.179002282,2.098,0,0.5,3.944,25.7,130.75,94.71428571,3915
2014-01-07,107.9269565,21.62,0.0,0.0,178.186,3820.328639080082,215.222,3971.919131,86.79166667,40.90322581,3.179002282,2.105,0,8.3,3.944,25.5,130.7,94.42857143,3863
2014-01-08,107.9269565,21.59,0.0,0.0,177.961,3872.3038860037173,215.407,3971.919131,80.91666667,41.38709677,3.179002282,2.105,0,1.7,3.935,26.4,130.85,94.14285714,4318
2014-01-09,107.9269565,21.6,0.0,0.0,177.636,3872.3038860037173,215.426,3971.919131,81.79166667,41.87096774,3.179002282,2.111,0,0.7,3.96,26.4,130.7,93.85714286,4246
2014-01-10,107.9269565,21.63,0.0,0.0,177.844,3792.9176458359616,214.12,3971.919131,72.95833333,42.35483871,3.179002282,2.124,0,0.5,3.926,26.8,130.7,93.57142857,4827
2014-01-11,107.9269565,21.63,0.0,0.0,177.844,3820.328639080082,214.12,3971.919131,74.33333333,42.83870968,3.179002282,2.124,0,0.0,3.926,26.3,130.7,93.28571429,4971
2014-01-12,107.9269565,21.63,0.0,0.0,177.844,3827.647388880934,214.12,3971.919131,75.66666667,43.32258065,3.179002282,2.124,0,3.5,3.926,26.3,130.7,93.0,4879
2014-01-13,107.9269565,21.63,0.0,0.0,178.66,3827.647388880934,214.877,3971.919131,75.75,43.80645161,3.179002282,2.126,0,0.0,3.923,25.8,130.7,91.57142857,4868
2014-01-14,107.9269565,21.62,0.0,0.0,178.693,3812.495271533787,213.969,3971.919131,77.54166667,44.29032258,3.179002282,2.123,0,0.6,3.914,26.7,130.7,90.14285714,5637
2014-01-15,107.9269565,21.58,0.0,0.0,178.791,3827.647388880934,213.706,3971.919131,86.08333333,44.77419355,3.179002282,2.123,0,5.6,3.911,25.9,130.7,88.71428571,5184
2014-01-16,107.9269565,21.6,0.0,0.0,177.817,3872.3038860037173,214.668,3971.919131,79.91666667,45.25806452,3.179002282,2.124,0,0.4,3.888,26.2,130.675,87.28571429,4340
2014-01-17,107.9269565,21.6,0.0,0.0,178.005,3820.328639080082,214.826,3971.919131,72.20833333,45.74193548,3.179002282,2.122,0,0.1,3.871,27.0,130.7,85.85714286,4495
2014-01-18,107.9269565,21.6,0.0,0.0,178.005,3792.9176458359616,214.826,3971.919131,69.58333333,46.22580645,3.179002282,2.122,0,0.3,3.871,26.5,130.7,84.42857143,4727
2014-01-19,107.9269565,21.6,0.0,0.0,178.005,3872.3038860037173,214.826,3971.919131,67.91666667,46.70967742,3.179002282,2.122,0,0.0,3.871,27.0,130.7,83.0,4761
2014-01-20,107.9269565,21.62,0.0,0.0,176.981,3820.328639080082,215.507,3971.919131,64.5,47.19354839,3.179002282,2.114,0,0.0,3.85,27.0,130.74,82.42857143,4799
2014-01-21,107.9269565,21.62,0.0,0.0,177.179,3792.9176458359616,216.801,3971.919131,62.83333333,47.67741935,3.179002282,2.116,0,0.0,3.853,27.6,130.8,81.85714286,4698
2014-01-22,107.9269565,21.6,0.0,0.0,177.385,3872.3038860037173,217.488,3971.919131,65.33333333,48.16129032,3.179002282,2.111,0,0.0,3.828,27.4,130.8,81.28571429,4701
2014-01-23,107.9269565,21.6,0.0,0.0,177.202,3820.328639080082,215.357,3971.919131,66.25,48.64516129,3.179002282,2.084,0,0.0,3.786,27.6,130.725,80.71428571,4534
2014-01-24,107.9269565,21.61,0.0,0.0,179.028,3792.9176458359616,216.801,3971.919131,61.70833333,49.12903226,3.179002282,2.072,0,0.4,3.769,27.7,130.65,80.14285714,4820
2014-01-25,107.9269565,21.61,0.0,0.0,179.028,3820.328639080082,216.801,3971.919131,55.75,49.61290323,3.179002282,2.072,0,0.0,3.769,27.2,130.65,79.57142857,5559
2014-01-26,107.9269565,21.61,0.0,0.0,179.028,3812.495271533787,216.801,3971.919131,55.79166667,50.09677419,3.179002282,2.072,0,0.0,3.769,26.9,130.65,79.0,5765
2014-01-27,107.9269565,21.62,0.0,0.0,178.697,3820.328639080082,216.895,3971.919131,60.0,50.58064516,3.179002282,2.091,0,0.0,3.761,27.4,130.725,80.0,5366
2014-01-28,107.9269565,21.59,0.0,0.0,178.728,3820.328639080082,216.522,3971.919131,65.41666667,51.06451613,3.179002282,2.093,0,0.2,3.725,27.2,130.825,81.0,5329
2014-01-29,107.9269565,21.56,0.0,0.0,178.825,3872.3038860037173,215.418,3971.919131,77.875,51.5483871,3.179002282,2.089,0,13.6,3.741,25.9,130.73,82.0,4954
2014-01-30,107.9269565,21.57,0.0,0.0,178.616,3812.495271533787,214.894,3971.919131,72.16666667,52.03225806,3.179002282,2.086,0,0.1,3.717,27.1,130.675,83.0,5300
2014-01-31,107.9269565,21.55,0.0,0.0,177.143,3872.3038860037173,213.001,3971.919131,69.41666667,52.51612903,3.179002282,2.088,0,0.1,3.685,27.6,130.75,84.0,5747
2014-02-01,108.838,21.55,0.0,0.0,177.143,3812.495271533787,213.001,3971.919131,64.79166667,53.0,3.179002282,2.088,0,0.7,3.685,28.1,130.75,85.0,5408
2014-02-02,108.838,21.55,0.0,0.0,177.143,3792.9176458359616,213.001,3971.919131,62.0,52.71428571,3.179002282,2.088,0,0.2,3.685,28.4,130.75,86.0,5655
2014-02-03,108.838,21.55,0.0,0.0,176.343,3827.647388880934,213.268,3971.919131,56.83333333,52.42857143,3.179002282,2.089,0,0.2,3.73,28.3,130.635,86.0,5956
2014-02-04,108.838,21.56,0.0,0.0,176.683,3792.9176458359616,213.1,3971.919131,62.91666667,52.14285714,3.179002282,2.087,0,0.0,3.748,27.3,130.635,86.0,7296
2014-02-05,108.838,21.56,0.0,0.0,176.612,3827.647388880934,213.254,3971.919131,60.04166667,51.85714286,3.179002282,2.095,0,0.0,3.762,27.1,130.66,86.0,6400
2014-02-06,108.838,21.56,0.0,0.0,176.842,3872.3038860037173,214.581,3971.919131,56.66666667,51.57142857,3.179002282,2.099,0,0.0,3.762,27.2,130.65,86.0,6901
2014-02-07,108.838,21.58,0.0,0.0,177.553,3820.328639080082,214.45,3971.919131,49.41666667,51.28571429,3.179002282,2.094,0,0.0,3.763,26.9,130.75,86.0,7896
2014-02-08,108.838,21.58,0.0,0.0,177.553,3820.328639080082,214.45,3971.919131,55.375,51.0,3.179002282,2.094,0,0.0,3.763,27.0,130.75,86.0,7356
2014-02-09,108.838,21.58,0.0,0.0,177.553,3792.9176458359616,214.45,3971.919131,66.45833333,50.71428571,3.179002282,2.094,0,0.0,3.763,26.8,130.75,86.0,6265
2014-02-10,108.838,21.59,0.0,0.0,178.278,3820.328639080082,215.207,3971.919131,62.08333333,50.42857143,3.179002282,2.103,0,0.0,3.766,26.6,130.75,86.0,6670
2014-02-11,108.838,21.58,0.0,0.0,178.428,3812.495271533787,217.111,3971.919131,64.58333333,50.14285714,3.179002282,2.107,0,0.0,3.756,26.1,130.825,86.0,6483
2014-02-12,108.838,21.58,0.0,0.0,178.425,3872.3038860037173,217.948,3971.919131,66.41666667,49.85714286,3.179002282,2.096,0,0.0,3.729,26.8,130.825,86.0,6105
2014-02-13,108.838,21.56,0.0,0.0,177.85,3820.328639080082,219.087,3971.919131,66.20833333,49.57142857,3.179002282,2.115,0,0.0,3.725,27.4,130.825,86.0,5541
2014-02-14,108.838,21.57,0.0,0.0,178.981,3820.328639080082,218.668,3971.919131,65.66666667,49.28571429,3.179002282,2.115,0,0.0,3.716,28.0,130.825,86.0,6534
2014-02-15,108.838,21.57,0.0,0.0,178.981,3812.495271533787,218.668,3971.919131,66.75,49.0,3.179002282,2.115,0,0.0,3.716,28.2,130.825,86.0,4861
2014-02-16,108.838,21.57,0.0,0.0,178.981,3820.328639080082,218.668,3971.919131,71.20833333,48.71428571,3.179002282,2.115,0,0.2,3.716,28.0,130.825,86.0,4428
2014-02-17,108.838,21.57,0.0,0.0,179.132,3812.495271533787,218.317,3971.919131,70.20833333,48.42857143,3.179002282,2.104,0,0.3,3.69,28.5,130.825,85.85714286,4130
2014-02-18,108.838,21.54,0.0,0.0,179.334,3820.328639080082,218.298,3971.919131,66.79166667,48.14285714,3.179002282,2.103,0,0.5,3.658,29.2,130.85,85.71428571,4137
2014-02-19,108.838,21.52,0.0,0.0,180.024,3812.495271533787,217.997,3971.919131,70.16666667,47.85714286,3.179002282,2.104,0,0.5,3.662,28.5,130.87,85.57142857,3907
2014-02-20,108.838,21.5,0.0,0.0,179.724,3812.495271533787,217.593,3971.919131,75.0,47.57142857,3.179002282,2.107,0,4.9,3.688,27.4,130.925,85.42857143,3528
2014-02-21,108.838,21.49,0.0,0.0,179.609,3872.3038860037173,218.284,3971.919131,72.91666667,47.28571429,3.179002282,2.111,0,0.7,3.688,28.0,130.95,85.28571429,3363
2014-02-22,108.838,21.49,0.0,0.0,179.609,3872.3038860037173,218.284,3971.919131,68.79166667,47.0,3.179002282,2.111,0,0.1,3.688,28.8,130.95,85.14285714,3349
2014-02-23,108.838,21.49,0.0,0.0,179.609,3872.3038860037173,218.284,3971.919131,74.58333333,46.71428571,3.179002282,2.111,0,1.1,3.688,27.7,130.95,85.0,3130
2014-02-24,108.838,21.4,0.0,0.0,179.918,3812.495271533787,218.64,3971.919131,69.75,46.42857143,3.179002282,2.115,0,0.1,3.667,28.7,131.05,84.0,3040
2014-02-25,108.838,21.4,0.0,0.0,179.997,3792.9176458359616,218.493,3971.919131,62.20833333,46.14285714,3.179002282,2.114,0,0.7,3.636,29.4,131.075,83.0,3306
2014-02-26,108.838,21.38,0.0,0.0,180.169,3812.495271533787,218.703,3971.919131,60.0,45.85714286,3.179002282,2.114,0,0.0,3.638,29.4,131.05,82.0,3428
2014-02-27,108.838,21.27,0.0,0.0,179.382,3827.647388880934,218.906,3971.919131,70.875,45.57142857,3.179002282,2.116,0,1.4,3.626,28.2,131.05,81.0,3852
2014-02-28,108.838,21.25,0.0,0.0,179.656,3872.3038860037173,217.713,3971.919131,76.25,45.28571429,3.179002282,2.105,0,1.8,3.576,27.8,130.725,80.0,2953
2014-03-01,107.8680952,21.25,0.0,0.0,179.656,3872.3038860037173,217.713,3971.919131,69.875,45.0,3.179002282,2.105,0,0.5,3.576,28.7,130.725,79.0,4718
2014-03-02,107.8680952,21.25,0.0,0.0,179.656,3827.647388880934,217.713,3971.919131,69.125,44.87096774,3.179002282,2.105,0,0.3,3.576,28.8,130.725,78.0,4825
2014-03-03,107.8680952,21.27,0.0,0.0,180.433,3812.495271533787,217.716,3971.919131,68.625,44.74193548,3.179002282,2.111,0,0.4,3.62,28.6,130.625,78.71428571,4788
2014-03-04,107.8680952,21.31,0.0,0.0,179.413,3827.647388880934,218.388,3971.919131,69.45833333,44.61290323,3.179002282,2.115,0,0.8,3.623,28.8,130.65,79.42857143,4848
2014-03-05,107.8680952,21.34,0.0,0.0,179.559,3827.647388880934,218.543,3971.919131,76.375,44.48387097,3.179002282,2.136,0,4.9,3.614,28.1,130.595,80.14285714,4833
2014-03-06,107.8680952,21.31,0.0,0.0,179.339,3827.647388880934,218.263,3971.919131,78.29166667,44.35483871,3.179002282,2.138,0,1.9,3.588,27.6,130.555,80.85714286,5006
2014-03-07,107.8680952,21.27,0.0,0.0,180.956,3820.328639080082,217.292,3971.919131,78.91666667,44.22580645,3.179002282,2.146,0,10.3,3.588,27.6,130.575,81.57142857,5101
2014-03-08,107.8680952,21.27,0.0,0.0,180.956,3792.9176458359616,217.292,3971.919131,76.58333333,44.09677419,3.179002282,2.146,0,0.5,3.588,28.0,130.575,82.28571429,5332
2014-03-09,107.8680952,21.27,0.0,0.0,180.956,3792.9176458359616,217.292,3971.919131,68.04166667,43.96774194,3.179002282,2.146,0,1.0,3.588,28.5,130.575,83.0,6016
2014-03-10,107.8680952,21.27,0.0,0.0,181.212,3792.9176458359616,216.977,3971.919131,69.75,43.83870968,3.179002282,2.143,0,0.1,3.582,28.2,130.545,82.57142857,5849
2014-03-11,107.8680952,21.25,0.0,0.0,181.158,3812.495271533787,217.051,3971.919131,64.04166667,43.70967742,3.179002282,2.133,0,0.0,3.58,28.9,130.575,82.14285714,6089
2014-03-12,107.8680952,21.3,0.0,0.0,180.971,3792.9176458359616,217.289,3971.919131,66.58333333,43.58064516,3.179002282,2.137,0,0.8,3.572,28.6,130.6,81.71428571,5843
2014-03-13,107.8680952,21.24,0.0,0.0,181.58,3872.3038860037173,217.412,3971.919131,63.125,43.4516129,3.179002282,2.134,0,0.0,3.572,29.2,130.7,81.28571429,5792
2014-03-14,107.8680952,21.14,0.0,0.0,181.267,3820.328639080082,217.273,3971.919131,59.45833333,43.32258065,3.179002282,2.138,0,0.8,3.599,28.9,130.605,80.85714286,5641
2014-03-15,107.8680952,21.14,0.0,0.0,181.267,3872.3038860037173,217.273,3971.919131,65.375,43.19354839,3.179002282,2.138,0,0.2,3.599,28.4,130.605,80.42857143,5199
2014-03-16,107.8680952,21.14,0.0,0.0,181.267,3872.3038860037173,217.273,3971.919131,61.08333333,43.06451613,3.179002282,2.138,0,0.0,3.599,29.5,130.605,80.0,6448
2014-03-17,107.8680952,21.09,0.0,0.0,181.731,3820.328639080082,216.688,3971.919131,68.45833333,42.93548387,3.179002282,2.137,0,3.8,3.603,28.6,130.6,79.57142857,4382
2014-03-18,107.8680952,21.08,0.0,0.0,181.822,3812.495271533787,216.045,3971.919131,78.58333333,42.80645161,3.179002282,2.142,0,26.0,3.61,27.6,130.59,79.14285714,3756
2014-03-19,107.8680952,20.97,0.0,0.0,181.964,3872.3038860037173,215.562,3971.919131,83.375,42.67741935,3.179002282,2.129,0,4.0,3.589,26.8,130.6,78.71428571,3617
2014-03-20,107.8680952,20.98,0.0,0.0,180.659,3820.328639080082,215.355,3971.919131,85.75,42.5483871,3.179002282,2.145,0,9.0,3.604,27.1,130.6,78.28571429,3159
2014-03-21,107.8680952,21.09,0.0,0.0,179.954,3792.9176458359616,215.54,3971.919131,82.29166667,42.41935484,3.179002282,2.15,0,3.8,3.62,27.8,130.625,77.85714286,2967
2014-03-22,107.8680952,21.09,0.0,0.0,179.954,3872.3038860037173,215.54,3971.919131,80.66666667,42.29032258,3.179002282,2.15,0,1.2,3.62,27.7,130.625,77.42857143,3036
2014-03-23,107.8680952,21.09,0.0,0.0,179.954,3792.9176458359616,215.54,3971.919131,79.45833333,42.16129032,3.179002282,2.15,0,0.0,3.62,27.8,130.625,77.0,2947
2014-03-24,107.8680952,21.07,0.0,0.0,180.178,3820.328639080082,215.952,3971.919131,80.125,42.03225806,3.179002282,2.16,0,0.4,3.681,27.5,130.65,77.0,2726
2014-03-25,107.8680952,21.05,0.0,0.0,180.806,3820.328639080082,216.786,3971.919131,73.04166667,41.90322581,3.179002282,2.173,0,0.0,3.677,28.4,130.65,77.0,2894
2014-03-26,107.8680952,21.04,0.0,0.0,180.65,3872.3038860037173,217.073,3971.919131,73.16666667,41.77419355,3.179002282,2.17,0,0.0,3.67,28.3,130.7,77.0,2961
2014-03-27,107.8680952,21.04,0.0,0.0,180.144,3827.647388880934,217.459,3971.919131,73.54166667,41.64516129,3.179002282,2.182,0,0.8,3.65,28.6,130.7,77.0,2887
2014-03-28,107.8680952,21.02,0.0,0.0,179.589,3827.647388880934,217.792,3971.919131,76.04166667,41.51612903,3.179002282,2.178,0,0.1,3.729,28.3,130.7,77.0,2630
2014-03-29,107.8680952,21.02,0.0,0.0,179.589,3872.3038860037173,217.792,3971.919131,73.79166667,41.38709677,3.179002282,2.178,0,0.0,3.729,28.8,130.7,77.0,2775
2014-03-30,107.8680952,21.02,0.0,0.0,179.589,3812.495271533787,217.792,3971.919131,72.83333333,41.25806452,3.179002282,2.178,0,0.8,3.729,28.8,130.7,77.0,2879
2014-03-31,107.8680952,21.06,0.0,0.0,179.752,3820.328639080082,217.348,3971.919131,70.375,41.12903226,3.179002282,2.178,0,0.5,3.73,28.5,130.7,79.14285714,3104
2014-04-01,108.0036364,21.06,0.0,0.0,179.987,3872.3038860037173,217.334,3971.919131,71.20833333,41.0,3.179002282,2.182,0,0.9,3.687,28.7,130.7,81.28571429,3722
2014-04-02,108.0036364,21.04,0.0,0.0,180.281,3872.3038860037173,216.86,3971.919131,81.08333333,41.2,3.179002282,2.171,0,4.4,3.672,28.0,130.715,83.42857143,3466
2014-04-03,108.0036364,21.02,0.0,0.0,179.962,3872.3038860037173,216.529,3971.919131,76.66666667,41.4,3.179002282,2.174,0,0.9,3.697,28.5,130.65,85.57142857,3628
2014-04-04,108.0036364,21.04,0.0,0.0,179.252,3820.328639080082,217.13,3971.919131,81.83333333,41.6,3.179002282,2.175,0,37.3,3.67,27.3,130.6,87.71428571,3644
2014-04-05,108.0036364,21.04,0.0,0.0,179.252,3827.647388880934,217.13,3971.919131,86.625,41.8,3.179002282,2.175,0,15.5,3.67,26.6,130.6,89.85714286,3777
2014-04-06,108.0036364,21.04,0.0,0.0,179.252,3812.495271533787,217.13,3971.919131,85.625,42.0,3.179002282,2.175,0,16.8,3.67,26.8,130.6,92.0,3988
2014-04-07,108.0036364,21.07,0.0,0.0,178.962,3820.328639080082,218.721,3971.919131,83.75,42.2,3.179002282,2.173,0,7.2,3.653,27.3,130.73,91.85714286,4169
2014-04-08,108.0036364,21.06,0.0,0.0,179.636,3820.328639080082,219.324,3971.919131,82.29166667,42.4,3.179002282,2.171,0,0.9,3.67,27.4,130.595,91.71428571,4377
2014-04-09,108.0036364,21.02,0.0,0.0,180.168,3872.3038860037173,219.221,3971.919131,79.875,42.6,3.179002282,2.174,0,0.0,3.673,27.7,130.6,91.57142857,4674
2014-04-10,108.0036364,21.03,0.0,0.0,180.953,3827.647388880934,218.539,3971.919131,81.75,42.8,3.179002282,2.17,0,2.7,3.664,27.5,130.605,91.42857143,4594
2014-04-11,108.0036364,21.0,0.0,0.0,181.384,3820.328639080082,218.487,3971.919131,85.04166667,43.0,3.179002282,2.168,0,5.8,3.629,26.9,130.6,91.28571429,4496
2014-04-12,108.0036364,21.0,0.0,0.0,181.384,3820.328639080082,218.487,3971.919131,84.66666667,43.2,3.179002282,2.168,0,2.3,3.629,27.2,130.6,91.14285714,4432
2014-04-13,108.0036364,21.0,0.0,0.0,181.384,3812.495271533787,218.487,3971.919131,83.95833333,43.4,3.179002282,2.168,0,3.7,3.629,27.5,130.6,91.0,5446
2014-04-14,108.0036364,20.99,0.0,0.0,181.338,3820.328639080082,218.493,3971.919131,85.33333333,43.6,3.179002282,2.168,0,4.2,3.601,26.9,130.6,89.28571429,5352
2014-04-15,108.0036364,20.99,0.0,0.0,180.495,3812.495271533787,219.34,3971.919131,82.70833333,43.8,3.179002282,2.163,0,2.8,3.624,27.1,130.6,87.57142857,4136
2014-04-16,108.0036364,21.0,0.0,0.0,180.411,3820.328639080082,219.333,3971.919131,85.91666667,44.0,3.179002282,2.166,0,3.5,3.684,26.8,130.575,85.85714286,3771
2014-04-17,108.0036364,20.98,0.0,0.0,180.403,3827.647388880934,219.523,3971.919131,86.08333333,44.2,3.179002282,2.166,0,3.0,3.667,27.0,130.61,84.14285714,3593
2014-04-18,108.0036364,20.98,0.0,0.0,180.438,3792.9176458359616,219.337,3971.919131,84.0,44.4,3.179002282,2.156,0,4.3,3.66,27.6,130.61,82.42857143,4298
2014-04-19,108.0036364,20.98,0.0,0.0,180.438,3872.3038860037173,219.337,3971.919131,81.79166667,44.6,3.179002282,2.156,0,3.9,3.66,27.8,130.61,80.71428571,3486
2014-04-20,108.0036364,20.98,0.0,0.0,180.438,3792.9176458359616,219.337,3971.919131,81.04166667,44.8,3.179002282,2.156,0,2.0,3.66,27.9,130.61,79.0,3381
2014-04-21,108.0036364,20.94,0.0,0.0,180.438,3792.9176458359616,219.715,3971.919131,83.45833333,45.0,3.179002282,2.149,0,3.0,3.659,27.7,130.62,77.71428571,3132
2014-04-22,108.0036364,20.94,0.0,0.0,180.157,3812.495271533787,219.222,3971.919131,87.0,45.2,3.179002282,2.138,0,22.4,3.657,26.7,130.6,76.42857143,3043
2014-04-23,108.0036364,20.9,0.0,0.0,180.293,3792.9176458359616,219.505,3971.919131,85.875,45.4,3.179002282,2.137,0,5.9,3.651,26.9,130.625,75.14285714,3037
2014-04-24,108.0036364,20.89,0.0,0.0,180.485,3792.9176458359616,219.498,3971.919131,88.375,45.6,3.179002282,2.154,0,14.0,3.626,26.4,130.615,73.85714286,2976
2014-04-25,108.0036364,20.89,0.0,0.0,180.673,3812.495271533787,219.557,3971.919131,85.95833333,45.8,3.179002282,2.154,0,2.7,3.644,27.3,130.615,72.57142857,2848
2014-04-26,108.0036364,20.89,0.0,0.0,180.673,3827.647388880934,219.557,3971.919131,86.58333333,46.0,3.179002282,2.154,0,5.3,3.644,27.6,130.615,71.28571429,2867
2014-04-27,108.0036364,20.89,0.0,0.0,180.673,3827.647388880934,219.557,3971.919131,88.04166667,46.2,3.179002282,2.154,0,59.7,3.644,26.9,130.615,70.0,2975
2014-04-28,108.0036364,20.87,0.0,0.0,180.679,3872.3038860037173,219.784,3971.919131,87.41666667,46.4,3.179002282,2.162,0,10.1,3.665,27.0,130.63,71.42857143,2988
2014-04-29,108.0036364,20.87,0.0,0.0,180.923,3827.647388880934,220.429,3971.919131,90.16666667,46.6,3.179002282,2.165,0,13.8,3.666,26.2,130.61,72.85714286,3086
2014-04-30,108.0036364,20.87,0.0,0.0,180.399,3872.3038860037173,220.69,3971.919131,89.66666667,46.8,3.179002282,2.168,0,10.6,3.667,26.4,130.64,74.28571429,3249
2014-05-01,109.8322727,20.87,0.0,0.0,181.165,3792.9176458359616,220.319,3971.919131,86.29166667,47.0,3.179002282,2.17,0,4.7,3.644,27.2,130.64,75.71428571,4421
2014-05-02,109.8322727,20.94,0.0,0.0,181.191,3812.495271533787,220.563,3971.919131,86.33333333,46.70967742,3.179002282,2.171,0,6.0,3.66,27.0,130.625,77.14285714,3464
2014-05-03,109.8322727,20.94,0.0,0.0,181.191,3872.3038860037173,220.563,3971.919131,87.58333333,46.41935484,3.179002282,2.171,0,8.8,3.66,26.6,130.625,78.57142857,3636
2014-05-04,109.8322727,20.94,0.0,0.0,181.191,3827.647388880934,220.563,3971.919131,90.5,46.12903226,3.179002282,2.171,0,18.1,3.66,25.9,130.625,80.0,3701
2014-05-05,109.8322727,20.98,0.0,0.0,181.183,3792.9176458359616,221.692,3971.919131,92.66666667,45.83870968,3.179002282,2.177,0,32.3,3.688,25.5,130.61,79.57142857,3623
2014-05-06,109.8322727,20.95,0.0,0.0,181.457,3820.328639080082,221.445,3971.919131,91.70833333,45.5483871,3.179002282,2.176,0,36.7,3.739,25.5,130.595,79.14285714,3704
2014-05-07,109.8322727,20.95,0.0,0.0,181.88,3812.495271533787,220.985,3971.919131,89.5,45.25806452,3.179002282,2.179,0,10.2,3.715,26.2,130.615,78.71428571,3907
2014-05-08,109.8322727,20.94,0.0,0.0,181.712,3872.3038860037173,219.737,3971.919131,87.0,44.96774194,3.179002282,2.175,0,14.6,3.701,26.6,130.505,78.28571429,4075
2014-05-09,109.8322727,20.9,0.0,0.0,180.632,3872.3038860037173,219.881,3971.919131,89.08333333,44.67741935,3.179002282,2.171,0,8.7,3.723,26.9,130.4,77.85714286,3703
2014-05-10,109.8322727,20.9,0.0,0.0,180.632,3872.3038860037173,219.881,3971.919131,87.0,44.38709677,3.179002282,2.171,0,4.0,3.723,27.5,130.4,77.42857143,3732
2014-05-11,109.8322727,20.9,0.0,0.0,180.632,3827.647388880934,219.881,3971.919131,82.625,44.09677419,3.179002282,2.171,0,1.8,3.723,27.8,130.4,77.0,3843
2014-05-12,109.8322727,20.92,0.0,0.0,179.423,3872.3038860037173,219.285,3971.919131,85.875,43.80645161,3.179002282,2.192,0,4.4,3.737,27.5,130.35,76.28571429,3469
2014-05-13,109.8322727,20.92,0.0,0.0,179.322,3872.3038860037173,218.51,3971.919131,85.25,43.51612903,3.179002282,2.191,0,1.0,3.758,27.6,130.325,75.57142857,3292
2014-05-14,109.8322727,20.92,0.0,0.0,178.604,3812.495271533787,218.803,3971.919131,87.625,43.22580645,3.179002282,2.192,0,7.9,3.748,27.2,130.325,74.85714286,3873
2014-05-15,109.8322727,20.91,0.0,0.0,178.74,3820.328639080082,219.19,3971.919131,80.83333333,42.93548387,3.179002282,2.225,0,3.3,3.752,27.9,130.325,74.14285714,3971
2014-05-16,109.8322727,20.9,0.0,0.0,178.688,3827.647388880934,219.164,3971.919131,77.5,42.64516129,3.179002282,2.233,0,1.1,3.768,28.5,130.35,73.42857143,2980
2014-05-17,109.8322727,20.9,0.0,0.0,178.688,3792.9176458359616,219.164,3971.919131,78.41666667,42.35483871,3.179002282,2.233,0,0.0,3.768,28.0,130.35,72.71428571,2859
2014-05-18,109.8322727,20.9,0.0,0.0,178.688,3872.3038860037173,219.164,3971.919131,82.625,42.06451613,3.179002282,2.233,0,0.7,3.768,27.8,130.35,72.0,2635
2014-05-19,109.8322727,20.9,0.0,0.0,178.508,3872.3038860037173,219.526,3971.919131,81.75,41.77419355,3.179002282,2.225,0,1.5,3.778,27.9,130.35,70.14285714,2458
2014-05-20,109.8322727,20.91,0.0,0.0,178.697,3820.328639080082,220.337,3971.919131,88.66666667,41.48387097,3.179002282,2.221,0,2.6,3.797,27.3,130.375,68.28571429,2132
2014-05-21,109.8322727,20.91,0.0,0.0,178.653,3827.647388880934,219.949,3971.919131,86.54166667,41.19354839,3.179002282,2.237,0,12.6,3.8,26.9,130.365,66.42857143,2180
2014-05-22,109.8322727,20.91,0.0,0.0,178.431,3812.495271533787,219.541,3971.919131,85.66666667,40.90322581,3.179002282,2.228,0,3.8,3.821,27.5,130.375,64.57142857,1969
2014-05-23,109.8322727,20.9,0.0,0.0,178.04,3792.9176458359616,219.626,3971.919131,87.91666667,40.61290323,3.179002282,2.221,0,2.4,3.815,27.5,130.4,62.71428571,1787
2014-05-24,109.8322727,20.9,0.0,0.0,178.04,3792.9176458359616,219.626,3971.919131,88.66666667,40.32258065,3.179002282,2.221,0,7.6,3.815,27.3,130.4,60.85714286,1744
2014-05-25,109.8322727,20.9,0.0,0.0,178.04,3792.9176458359616,219.626,3971.919131,87.79166667,40.03225806,3.179002282,2.221,0,11.3,3.815,27.0,130.4,59.0,1765
2014-05-26,109.8322727,20.87,0.0,0.0,177.787,3820.328639080082,219.209,3971.919131,86.0,39.74193548,3.179002282,2.209,0,3.4,3.789,27.7,130.4,59.71428571,1735
2014-05-27,109.8322727,20.85,0.0,0.0,177.944,3827.647388880934,217.918,3971.919131,88.625,39.4516129,3.179002282,2.212,0,7.3,3.772,27.0,130.4,60.42857143,1760
2014-05-28,109.8322727,20.9,0.0,0.0,177.794,3827.647388880934,217.983,3971.919131,88.75,39.16129032,3.179002282,2.213,0,14.5,3.762,26.4,130.4,61.14285714,1858
2014-05-29,109.8322727,20.87,0.0,0.0,177.227,3872.3038860037173,218.446,3971.919131,88.25,38.87096774,3.179002282,2.203,0,11.6,3.734,26.7,130.4,61.85714286,1881
2014-05-30,109.8322727,20.86,0.0,0.0,177.37,3812.495271533787,218.284,3971.919131,87.45833333,38.58064516,3.179002282,2.204,0,9.5,3.717,26.6,130.4,62.57142857,1919
2014-05-31,109.8322727,20.86,0.0,0.0,177.37,3820.328639080082,218.284,3971.919131,88.54166667,38.29032258,3.179002282,2.204,0,4.7,3.717,26.7,130.4,63.28571429,1970
2014-06-01,112.2409524,20.86,0.0,0.0,177.37,3536.05574912892,218.284,3971.919131,90.375,38.0,3.179002282,2.204,0,4.8,3.717,26.9,130.4,64.0,3588
2014-06-02,112.2409524,20.84,0.0,0.0,177.748,3564.2287705326034,218.355,3971.919131,89.41666667,37.93333333,3.179002282,2.197,0,21.3,3.714,26.3,130.35,64.14285714,3786
2014-06-03,112.2409524,20.85,0.0,0.0,177.231,3470.1937731819717,218.174,3971.919131,89.0,37.86666667,3.179002282,2.199,0,6.9,3.726,26.5,130.365,64.28571429,3863
2014-06-04,112.2409524,20.83,0.0,0.0,177.655,3470.1937731819717,219.222,3971.919131,86.79166667,37.8,3.179002282,2.199,0,6.0,3.756,27.3,130.335,64.42857143,3946
2014-06-05,112.2409524,20.84,0.0,0.0,177.243,3470.1937731819717,218.895,3971.919131,84.91666667,37.73333333,3.179002282,2.202,0,6.4,3.782,27.7,130.33,64.57142857,4031
2014-06-06,112.2409524,20.88,0.0,0.0,178.031,3536.05574912892,218.901,3971.919131,85.04166667,37.66666667,3.179002282,2.2,0,3.9,3.791,27.7,130.275,64.71428571,4061
2014-06-07,112.2409524,20.88,0.0,0.0,178.031,3536.05574912892,218.901,3971.919131,86.5,37.6,3.179002282,2.2,0,2.8,3.791,27.8,130.275,64.85714286,4155
2014-06-08,112.2409524,20.88,0.0,0.0,178.031,3668.5456657163973,218.901,3971.919131,87.83333333,37.53333333,3.179002282,2.2,0,12.8,3.791,27.7,130.275,65.0,4233
2014-06-09,112.2409524,20.93,0.0,0.0,177.728,3470.1937731819717,218.272,3971.919131,83.375,37.46666667,3.179002282,2.2,0,4.5,3.79,27.6,130.275,67.14285714,4553
2014-06-10,112.2409524,20.91,0.0,0.0,177.096,3564.2287705326034,218.681,3971.919131,85.5,37.4,3.179002282,2.195,0,7.5,3.787,27.5,130.265,69.28571429,4383
2014-06-11,112.2409524,20.95,0.0,0.0,176.489,3575.600199104032,220.511,3971.919131,85.54166667,37.33333333,3.179002282,2.197,0,10.9,3.791,27.3,130.26,71.42857143,4345
2014-06-12,112.2409524,20.97,0.0,0.0,176.281,3470.1937731819717,220.945,3971.919131,90.375,37.26666667,3.179002282,2.181,0,27.9,3.788,26.3,130.26,73.57142857,5180
2014-06-13,112.2409524,20.92,0.0,0.0,176.542,3575.600199104032,221.194,3971.919131,88.375,37.2,3.179002282,2.164,0,3.7,3.761,27.4,130.24,75.71428571,3792
2014-06-14,112.2409524,20.92,0.0,0.0,176.542,3668.5456657163973,221.194,3971.919131,85.41666667,37.13333333,3.179002282,2.164,0,1.1,3.761,27.8,130.24,77.85714286,3792
2014-06-15,112.2409524,20.92,0.0,0.0,176.542,3470.1937731819717,221.194,3971.919131,82.91666667,37.06666667,3.179002282,2.164,0,1.6,3.761,27.8,130.24,80.0,3873
2014-06-16,112.2409524,20.92,0.0,0.0,176.377,3564.2287705326034,220.959,3971.919131,83.16666667,37.0,3.179002282,2.159,0,1.3,3.739,27.7,130.24,77.71428571,3675
2014-06-17,112.2409524,20.91,0.0,0.0,176.794,3575.600199104032,221.377,3971.919131,81.41666667,36.93333333,3.179002282,2.16,0,1.4,3.789,27.6,130.24,75.42857143,3510
2014-06-18,112.2409524,20.92,0.0,0.0,176.423,3470.1937731819717,222.071,3971.919131,84.79166667,36.86666667,3.179002282,2.169,0,4.4,3.791,27.7,130.275,73.14285714,3231
2014-06-19,112.2409524,20.93,0.0,0.0,177.115,3470.1937731819717,221.656,3971.919131,89.91666667,36.8,3.179002282,2.165,0,4.8,3.781,26.5,130.335,70.85714286,3049
2014-06-20,112.2409524,20.93,0.0,0.0,177.366,3668.5456657163973,221.86,3971.919131,89.25,36.73333333,3.179002282,2.166,0,3.2,3.822,26.8,130.29,68.57142857,2762
2014-06-21,112.2409524,20.93,0.0,0.0,177.366,3536.05574912892,221.86,3971.919131,88.70833333,36.66666667,3.179002282,2.166,0,4.5,3.822,26.9,130.29,66.28571429,2699
2014-06-22,112.2409524,20.93,0.0,0.0,177.366,3668.5456657163973,221.86,3971.919131,87.75,36.6,3.179002282,2.166,0,1.6,3.822,27.4,130.29,64.0,2608
2014-06-23,112.2409524,20.91,0.0,0.0,177.188,3470.1937731819717,221.305,3971.919131,86.25,36.53333333,3.179002282,2.166,0,3.5,3.853,27.4,130.295,63.42857143,2499
2014-06-24,112.2409524,20.9,0.0,0.0,177.26,3668.5456657163973,221.337,3971.919131,84.29166667,36.46666667,3.179002282,2.169,0,3.5,3.86,27.4,130.29,62.85714286,2480
2014-06-25,112.2409524,20.94,0.0,0.0,177.266,3668.5456657163973,221.903,3971.919131,85.70833333,36.4,3.179002282,2.164,0,3.5,3.865,27.2,130.325,62.28571429,2427
2014-06-26,112.2409524,20.96,0.0,0.0,177.633,3575.600199104032,222.034,3971.919131,83.95833333,36.33333333,3.179002282,2.171,0,4.3,3.862,27.3,130.32,61.71428571,2465
2014-06-27,112.2409524,21.01,0.0,0.0,177.385,3564.2287705326034,222.928,3971.919131,87.875,36.26666667,3.179002282,2.17,0,5.0,3.834,26.8,130.34,61.14285714,2403
2014-06-28,112.2409524,21.01,0.0,0.0,177.385,3668.5456657163973,222.928,3971.919131,89.375,36.2,3.179002282,2.17,0,1.8,3.834,26.6,130.34,60.57142857,2437
2014-06-29,112.2409524,21.01,0.0,0.0,177.385,3575.600199104032,222.928,3971.919131,88.66666667,36.13333333,3.179002282,2.17,0,4.8,3.834,26.6,130.34,60.0,2543
2014-06-30,112.2409524,21.02,0.0,0.0,177.901,3564.2287705326034,223.456,3971.919131,86.66666667,36.06666667,3.179002282,2.169,0,7.8,3.792,26.3,130.325,61.28571429,2806
2014-07-01,107.4626087,20.98,0.0,0.0,178.441,3812.495271533787,223.666,3971.919131,88.70833333,36.0,3.179002282,2.183,0,21.2,3.802,26.0,130.295,62.57142857,4234
2014-07-02,107.4626087,20.97,0.0,0.0,178.237,3820.328639080082,223.464,3971.919131,84.625,35.96774194,3.179002282,2.181,0,5.0,3.799,27.2,130.3,63.85714286,4395
2014-07-03,107.4626087,21.0,0.0,0.0,177.996,3812.495271533787,223.52,3971.919131,83.16666667,35.93548387,3.179002282,2.181,0,1.5,3.787,27.5,130.265,65.14285714,4500
2014-07-04,107.4626087,21.0,0.0,0.0,177.303,3792.9176458359616,223.137,3971.919131,85.45833333,35.90322581,3.179002282,2.173,0,3.1,3.783,27.1,130.26,66.42857143,4470
2014-07-05,107.4626087,21.0,0.0,0.0,177.303,3792.9176458359616,223.137,3971.919131,85.45833333,35.87096774,3.179002282,2.173,0,8.4,3.783,27.0,130.26,67.71428571,4785
2014-07-06,107.4626087,21.0,0.0,0.0,177.303,3872.3038860037173,223.137,3971.919131,85.95833333,35.83870968,3.179002282,2.173,0,7.2,3.783,26.8,130.26,69.0,5120
2014-07-07,107.4626087,21.01,0.0,0.0,177.095,3792.9176458359616,223.181,3971.919131,86.25,35.80645161,3.179002282,2.18,0,3.4,3.807,27.0,130.28,70.14285714,4966
2014-07-08,107.4626087,21.0,0.0,0.0,177.252,3812.495271533787,223.416,3971.919131,84.95833333,35.77419355,3.179002282,2.179,0,2.8,3.837,27.1,130.275,71.28571429,5088
2014-07-09,107.4626087,20.99,0.0,0.0,177.343,3820.328639080082,223.102,3971.919131,87.58333333,35.74193548,3.179002282,2.163,0,6.4,3.824,26.6,130.215,72.42857143,5169
2014-07-10,107.4626087,20.99,0.0,0.0,177.678,3812.495271533787,222.961,3971.919131,87.16666667,35.70967742,3.179002282,2.167,0,17.1,3.809,26.2,130.225,73.57142857,5287
2014-07-11,107.4626087,20.98,0.0,0.0,177.236,3820.328639080082,222.474,3971.919131,83.45833333,35.67741935,3.179002282,2.166,0,1.8,3.793,27.0,130.2,74.71428571,5263
2014-07-12,107.4626087,20.98,0.0,0.0,177.236,3812.495271533787,222.474,3971.919131,85.875,35.64516129,3.179002282,2.166,0,3.8,3.793,26.4,130.2,75.85714286,6486
2014-07-13,107.4626087,20.98,0.0,0.0,177.236,3820.328639080082,222.474,3971.919131,83.75,35.61290323,3.179002282,2.166,0,1.8,3.793,27.0,130.2,77.0,5020
2014-07-14,107.4626087,20.97,0.0,0.0,177.189,3827.647388880934,223.193,3971.919131,87.33333333,35.58064516,3.179002282,2.165,0,7.9,3.784,26.5,130.22,76.28571429,4629
2014-07-15,107.4626087,20.99,0.0,0.0,177.36,3827.647388880934,223.123,3971.919131,87.5,35.5483871,3.179002282,2.166,0,1.8,3.765,26.8,130.195,75.57142857,4490
2014-07-16,107.4626087,20.98,0.0,0.0,176.701,3820.328639080082,222.606,3971.919131,87.375,35.51612903,3.179002282,2.163,0,1.2,3.69,26.9,130.2,74.85714286,4539
2014-07-17,107.4626087,20.98,0.0,0.0,176.102,3872.3038860037173,222.58,3971.919131,84.41666667,35.48387097,3.179002282,2.161,0,2.4,3.703,27.0,130.175,74.14285714,4431
2014-07-18,107.4626087,20.98,0.0,0.0,176.088,3812.495271533787,222.451,3971.919131,87.29166667,35.4516129,3.179002282,2.162,0,4.2,3.704,26.7,130.255,73.42857143,3980
2014-07-19,107.4626087,20.98,0.0,0.0,176.088,3827.647388880934,222.451,3971.919131,89.125,35.41935484,3.179002282,2.162,0,4.2,3.704,26.6,130.255,72.71428571,3830
2014-07-20,107.4626087,20.98,0.0,0.0,176.088,3827.647388880934,222.451,3971.919131,86.125,35.38709677,3.179002282,2.162,0,2.2,3.704,27.0,130.255,72.0,3821
2014-07-21,107.4626087,21.0,0.0,0.0,176.163,3820.328639080082,222.317,3971.919131,84.125,35.35483871,3.179002282,2.168,0,1.9,3.722,27.0,130.275,73.0,3681
2014-07-22,107.4626087,21.01,0.0,0.0,176.178,3792.9176458359616,222.0,3971.919131,87.16666667,35.32258065,3.179002282,2.17,0,5.0,3.734,26.7,130.28,74.0,3412
2014-07-23,107.4626087,21.03,0.0,0.0,175.428,3792.9176458359616,221.25,3971.919131,88.20833333,35.29032258,3.179002282,2.166,0,6.0,3.712,26.7,130.255,75.0,3318
2014-07-24,107.4626087,21.03,0.0,0.0,175.389,3820.328639080082,221.05,3971.919131,87.95833333,35.25806452,3.179002282,2.168,0,3.8,3.706,26.8,130.25,76.0,3218
2014-07-25,107.4626087,21.04,0.0,0.0,175.369,3872.3038860037173,221.158,3971.919131,85.83333333,35.22580645,3.179002282,2.167,0,2.0,3.662,27.3,130.225,77.0,3270
2014-07-26,107.4626087,21.04,0.0,0.0,175.369,3827.647388880934,221.158,3971.919131,86.0,35.19354839,3.179002282,2.167,0,6.1,3.662,27.0,130.225,78.0,3330
2014-07-27,107.4626087,21.04,0.0,0.0,175.369,3792.9176458359616,221.158,3971.919131,88.45833333,35.16129032,3.179002282,2.167,0,16.4,3.662,26.1,130.225,79.0,3377
2014-07-28,107.4626087,21.07,0.0,0.0,174.912,3872.3038860037173,220.643,3971.919131,86.20833333,35.12903226,3.179002282,2.166,0,8.0,3.634,26.6,130.215,79.57142857,3516
2014-07-29,107.4626087,21.1,0.0,0.0,175.016,3872.3038860037173,220.269,3971.919131,87.375,35.09677419,3.179002282,2.168,0,6.0,3.661,26.8,130.215,80.14285714,4394
2014-07-30,107.4626087,21.09,0.0,0.0,174.618,3827.647388880934,219.898,3971.919131,85.41666667,35.06451613,3.179002282,2.151,0,1.7,3.645,26.9,130.225,80.71428571,3698
2014-07-31,107.4626087,21.07,0.0,0.0,174.462,4561.857285074308,219.045,3971.919131,87.0,35.03225806,3.179002282,2.127,0,2.4,3.642,26.3,130.225,81.28571429,4254
2014-08-01,102.4019048,21.08,0.0,0.0,174.358,4205.408305482472,219.599,3971.919131,87.91666667,35.0,3.179002282,2.137,0,8.2,3.631,26.2,130.225,81.85714286,4252
2014-08-02,102.4019048,21.08,0.0,0.0,174.358,4349.403980166176,219.599,3971.919131,89.33333333,35.06451613,3.179002282,2.137,0,10.3,3.631,26.0,130.225,82.42857143,4632
2014-08-03,102.4019048,21.08,0.0,0.0,174.358,4205.50012904891,219.599,3971.919131,88.5,35.12903226,3.179002282,2.137,0,9.4,3.631,26.0,130.225,83.0,4691
2014-08-04,102.4019048,21.1,0.0,0.0,174.899,4365.037166085946,219.881,3971.919131,88.0,35.19354839,3.179002282,2.14,0,10.3,3.606,26.3,130.225,82.71428571,5040
2014-08-05,102.4019048,21.13,0.0,0.0,174.788,4365.037166085946,219.471,3971.919131,87.79166667,35.25806452,3.179002282,2.117,0,8.9,3.598,26.5,130.215,82.42857143,5305
2014-08-06,102.4019048,21.13,0.0,0.0,174.176,4205.408305482472,219.151,3971.919131,88.41666667,35.32258065,3.179002282,2.126,0,4.8,3.584,26.7,130.215,82.14285714,5236
2014-08-07,102.4019048,21.15,0.0,0.0,174.26,4205.408305482472,218.391,3971.919131,85.75,35.38709677,3.179002282,2.129,0,3.2,3.601,26.9,130.195,81.85714286,5498
2014-08-08,102.4019048,21.16,0.0,0.0,173.986,4205.408305482472,218.567,3971.919131,87.95833333,35.4516129,3.179002282,2.128,0,12.5,3.626,26.1,130.2,81.57142857,5450
2014-08-09,102.4019048,21.16,0.0,0.0,173.986,3827.647388880934,218.567,3971.919131,83.29166667,35.51612903,3.179002282,2.128,0,2.0,3.626,26.5,130.2,81.28571429,5597
2014-08-10,102.4019048,21.16,0.0,0.0,173.986,3792.9176458359616,218.567,3971.919131,88.29166667,35.58064516,3.179002282,2.128,0,8.3,3.626,26.1,130.2,81.0,6706
2014-08-11,102.4019048,21.14,0.0,0.0,174.611,3812.495271533787,218.912,3971.919131,87.79166667,35.64516129,3.179002282,2.132,0,14.2,3.598,25.7,130.2,79.85714286,5427
2014-08-12,102.4019048,21.16,0.0,0.0,174.279,3872.3038860037173,217.336,3971.919131,87.04166667,35.70967742,3.179002282,2.132,0,8.1,3.618,25.9,130.2,78.71428571,5326
2014-08-13,102.4019048,21.16,0.0,0.0,174.071,3792.9176458359616,217.223,3971.919131,86.08333333,35.77419355,3.179002282,2.142,0,10.7,3.613,26.2,130.235,77.57142857,5137
2014-08-14,102.4019048,21.18,0.0,0.0,174.053,3792.9176458359616,217.347,3971.919131,85.70833333,35.83870968,3.179002282,2.142,0,11.9,3.604,26.1,130.175,76.42857143,4978
2014-08-15,102.4019048,21.19,0.0,0.0,173.972,3792.9176458359616,217.723,3971.919131,88.75,35.90322581,3.179002282,2.141,0,19.7,3.607,25.7,130.175,75.28571429,4596
2014-08-16,102.4019048,21.19,0.0,0.0,173.972,3812.495271533787,217.723,3971.919131,87.95833333,35.96774194,3.179002282,2.141,0,11.9,3.607,26.2,130.175,74.14285714,4446
2014-08-17,102.4019048,21.19,0.0,0.0,173.972,3827.647388880934,217.723,3971.919131,89.95833333,36.03225806,3.179002282,2.141,0,16.3,3.607,25.5,130.175,73.0,4354
2014-08-18,102.4019048,21.2,0.0,0.0,174.421,3827.647388880934,216.312,3971.919131,89.29166667,36.09677419,3.179002282,2.145,0,12.0,3.599,25.4,130.155,72.71428571,4227
2014-08-19,102.4019048,21.2,0.0,0.0,173.927,3872.3038860037173,216.032,3971.919131,87.79166667,36.16129032,3.179002282,2.148,0,9.2,3.583,25.7,130.175,72.42857143,4195
2014-08-20,102.4019048,21.16,0.0,0.0,173.393,3827.647388880934,215.849,3971.919131,86.41666667,36.22580645,3.179002282,2.146,0,2.6,3.615,26.0,130.175,72.14285714,3974
2014-08-21,102.4019048,21.16,0.0,0.0,172.618,3792.9176458359616,215.705,3971.919131,88.79166667,36.29032258,3.179002282,2.153,0,8.5,3.601,25.9,130.19,71.85714286,3657
2014-08-22,102.4019048,21.15,0.0,0.0,172.918,3872.3038860037173,215.827,3971.919131,91.91666667,36.35483871,3.179002282,2.149,0,30.6,3.603,25.0,130.17,71.57142857,3529
2014-08-23,102.4019048,21.15,0.0,0.0,172.918,3872.3038860037173,215.827,3971.919131,87.66666667,36.41935484,3.179002282,2.149,0,9.4,3.603,25.8,130.17,71.28571429,3571
2014-08-24,102.4019048,21.15,0.0,0.0,172.918,3792.9176458359616,215.827,3971.919131,86.66666667,36.48387097,3.179002282,2.149,0,1.7,3.603,26.4,130.17,71.0,3410
2014-08-25,102.4019048,21.16,0.0,0.0,172.391,3872.3038860037173,215.376,3971.919131,84.75,36.5483871,3.179002282,2.155,0,1.0,3.601,26.7,130.185,71.85714286,3405
2014-08-26,102.4019048,21.19,0.0,0.0,171.746,3812.495271533787,215.826,3971.919131,82.0,36.61290323,3.179002282,2.154,0,0.1,3.599,26.7,130.215,72.71428571,3508
2014-08-27,102.4019048,21.2,0.0,0.0,171.48,3820.328639080082,215.965,3971.919131,78.91666667,36.67741935,3.179002282,2.152,0,0.0,3.541,26.7,130.2,73.57142857,3928
2014-08-28,102.4019048,21.2,0.0,0.0,171.773,3820.328639080082,216.163,3971.919131,76.875,36.74193548,3.179002282,2.152,0,0.2,3.514,26.9,130.205,74.42857143,4138
2014-08-29,102.4019048,21.2,0.0,0.0,171.649,3812.495271533787,216.238,3971.919131,83.33333333,36.80645161,3.179002282,2.151,0,1.8,3.488,26.4,130.23,75.28571429,3923
2014-08-30,102.4019048,21.2,0.0,0.0,171.649,3820.328639080082,216.238,3971.919131,86.16666667,36.87096774,3.179002282,2.151,0,5.2,3.488,26.3,130.23,76.14285714,3991
2014-08-31,102.4019048,21.2,0.0,0.0,171.649,3872.3038860037173,216.238,3971.919131,84.70833333,36.93548387,3.179002282,2.151,0,1.8,3.488,27.0,130.23,77.0,4192
2014-09-01,97.85272727,21.18,0.0,0.0,171.024,3827.647388880934,214.471,3971.919131,88.5,37.0,3.179002282,2.146,0,10.2,3.477,26.0,130.205,75.42857143,3530
2014-09-02,97.85272727,21.2,0.0,0.0,170.933,3872.3038860037173,214.375,3971.919131,89.54166667,36.9,3.179002282,2.153,0,12.4,3.534,25.5,130.215,73.85714286,3524
2014-09-03,97.85272727,21.21,0.0,0.0,171.012,3827.647388880934,212.658,3971.919131,89.16666667,36.8,3.179002282,2.157,0,8.0,3.52,25.4,130.22,72.28571429,3711
2014-09-04,97.85272727,21.2,0.0,0.0,171.252,3792.9176458359616,212.586,3971.919131,89.20833333,36.7,3.179002282,2.156,0,11.5,3.524,25.5,130.205,70.71428571,3725
2014-09-05,97.85272727,21.21,0.0,0.0,168.55,3827.647388880934,209.726,3971.919131,86.875,36.6,3.179002282,2.16,0,10.6,3.514,25.6,130.205,69.14285714,3910
2014-09-06,97.85272727,21.21,0.0,0.0,168.55,3827.647388880934,209.726,3971.919131,88.08333333,36.5,3.179002282,2.16,0,14.5,3.514,25.4,130.205,67.57142857,4087
2014-09-07,97.85272727,21.21,0.0,0.0,168.55,3812.495271533787,209.726,3971.919131,89.125,36.4,3.179002282,2.16,0,21.1,3.514,25.6,130.205,66.0,4120
2014-09-08,97.85272727,21.22,0.0,0.0,168.622,3827.647388880934,209.739,3971.919131,84.58333333,36.3,3.179002282,2.149,0,3.6,3.51,26.0,130.22,65.28571429,5557
2014-09-09,97.85272727,21.25,0.0,0.0,167.945,3827.647388880934,211.135,3971.919131,85.58333333,36.2,3.179002282,2.137,0,5.6,3.491,26.3,130.22,64.57142857,4320
2014-09-10,97.85272727,21.25,0.0,0.0,168.472,3827.647388880934,211.762,3971.919131,88.33333333,36.1,3.179002282,2.138,0,25.3,3.468,25.7,130.23,63.85714286,4392
2014-09-11,97.85272727,21.23,0.0,0.0,168.218,3812.495271533787,211.922,3971.919131,86.95833333,36.0,3.179002282,2.148,0,3.8,3.446,26.4,130.275,63.14285714,4231
2014-09-12,97.85272727,21.21,0.0,0.0,168.394,3792.9176458359616,211.445,3971.919131,85.45833333,35.9,3.179002282,2.132,0,4.3,3.397,26.5,130.265,62.42857143,4228
2014-09-13,97.85272727,21.21,0.0,0.0,168.394,3827.647388880934,211.445,3971.919131,88.29166667,35.8,3.179002282,2.132,0,4.9,3.397,25.9,130.265,61.71428571,4105
2014-09-14,97.85272727,21.21,0.0,0.0,168.394,3872.3038860037173,211.445,3971.919131,86.125,35.7,3.179002282,2.132,0,7.5,3.397,26.2,130.265,61.0,4073
2014-09-15,97.85272727,21.2,0.0,0.0,168.889,3872.3038860037173,212.057,3971.919131,87.79166667,35.6,3.179002282,2.134,0,15.5,3.399,25.9,130.26,61.71428571,3821
2014-09-16,97.85272727,21.22,0.0,0.0,168.576,3792.9176458359616,212.062,3971.919131,84.625,35.5,3.179002282,2.139,0,3.0,3.383,26.8,130.28,62.42857143,3676
2014-09-17,97.85272727,21.22,0.0,0.0,168.843,3872.3038860037173,213.719,3971.919131,87.41666667,35.4,3.179002282,2.145,0,5.7,3.389,26.2,130.295,63.14285714,3548
2014-09-18,97.85272727,21.22,0.0,0.0,167.631,3872.3038860037173,212.249,3971.919131,85.16666667,35.3,3.179002282,2.141,0,2.2,3.391,26.9,130.305,63.85714286,3302
2014-09-19,97.85272727,21.22,0.0,0.0,168.393,3792.9176458359616,213.168,3971.919131,84.25,35.2,3.179002282,2.138,0,6.1,3.37,27.0,130.31,64.57142857,3155
2014-09-20,97.85272727,21.22,0.0,0.0,168.393,3872.3038860037173,213.168,3971.919131,80.75,35.1,3.179002282,2.138,0,2.7,3.37,26.8,130.31,65.28571429,3336
2014-09-21,97.85272727,21.22,0.0,0.0,168.393,3792.9176458359616,213.168,3971.919131,80.95833333,35.0,3.179002282,2.138,0,1.9,3.37,27.0,130.31,66.0,3141
2014-09-22,97.85272727,21.24,0.0,0.0,167.175,3827.647388880934,213.616,3971.919131,87.75,34.9,3.179002282,2.135,0,3.7,3.376,26.6,130.29,65.57142857,2704
2014-09-23,97.85272727,21.23,0.0,0.0,167.423,3820.328639080082,212.904,3971.919131,89.83333333,34.8,3.179002282,2.138,0,8.2,3.413,26.1,130.345,65.14285714,2539
2014-09-24,97.85272727,21.24,0.0,0.0,167.454,3812.495271533787,212.65,3971.919131,88.66666667,34.7,3.179002282,2.125,0,11.6,3.386,25.9,130.3,64.71428571,2594
2014-09-25,97.85272727,21.27,0.0,0.0,166.524,3872.3038860037173,211.731,3971.919131,89.20833333,34.6,3.179002282,2.131,0,12.3,3.329,25.6,130.32,64.28571429,2661
2014-09-26,97.85272727,21.21,0.0,0.0,166.165,3872.3038860037173,211.83,3971.919131,91.0,34.5,3.179002282,2.119,0,18.5,3.304,25.4,130.32,63.85714286,2581
2014-09-27,97.85272727,21.21,0.0,0.0,166.165,3820.328639080082,211.83,3971.919131,84.41666667,34.4,3.179002282,2.119,0,2.7,3.304,26.4,130.32,63.42857143,2741
2014-09-28,97.85272727,21.21,0.0,0.0,166.165,3812.495271533787,211.83,3971.919131,86.54166667,34.3,3.179002282,2.119,0,8.7,3.304,26.5,130.32,63.0,2688
2014-09-29,97.85272727,21.24,0.0,0.0,165.305,3820.328639080082,211.352,3971.919131,86.5,34.2,3.179002282,2.105,0,10.5,3.292,26.2,130.425,64.14285714,2746
2014-09-30,97.85272727,21.24,0.0,0.0,165.444,3792.9176458359616,211.074,3971.919131,88.83333333,34.1,3.179002282,2.113,0,13.1,3.287,25.9,130.355,65.28571429,2789
2014-10-01,87.58478261,21.24,0.0,0.0,164.664,3792.9176458359616,210.511,3971.919131,87.0,34.0,3.179002282,2.119,0,10.0,3.296,26.0,130.405,66.42857143,3896
2014-10-02,87.58478261,21.23,0.0,0.0,164.623,3827.647388880934,208.106,3971.919131,90.25,33.83870968,3.179002282,2.118,0,12.1,3.26,25.6,130.4,67.57142857,3918
2014-10-03,87.58478261,21.23,0.0,0.0,165.197,3872.3038860037173,209.663,3971.919131,89.66666667,33.67741935,3.179002282,2.118,0,22.0,3.281,25.6,130.355,68.71428571,3957
2014-10-04,87.58478261,21.23,0.0,0.0,165.197,3820.328639080082,209.663,3971.919131,88.33333333,33.51612903,3.179002282,2.118,0,15.9,3.281,25.9,130.355,69.85714286,4122
2014-10-05,87.58478261,21.23,0.0,0.0,165.197,3872.3038860037173,209.663,3971.919131,88.33333333,33.35483871,3.179002282,2.118,0,6.1,3.281,26.3,130.355,71.0,5451
2014-10-06,87.58478261,21.23,0.0,0.0,163.165,3872.3038860037173,209.821,3971.919131,88.45833333,33.19354839,3.179002282,2.126,0,7.8,3.264,26.1,130.355,71.0,4375
2014-10-07,87.58478261,21.23,0.0,0.0,164.958,3820.328639080082,210.766,3971.919131,89.25,33.03225806,3.179002282,2.125,0,22.2,3.261,25.4,130.36,71.0,4686
2014-10-08,87.58478261,21.26,0.0,0.0,165.159,3872.3038860037173,210.118,3971.919131,88.54166667,32.87096774,3.179002282,2.135,0,21.8,3.248,25.9,130.36,71.0,6187
2014-10-09,87.58478261,21.26,0.0,0.0,166.0,3827.647388880934,209.57,3971.919131,90.0,32.70967742,3.179002282,2.127,0,12.9,3.229,25.9,130.35,71.0,4800
2014-10-10,87.58478261,21.31,0.0,0.0,165.421,3820.328639080082,209.99,3971.919131,89.75,32.5483871,3.179002282,2.14,0,12.4,3.229,26.0,130.35,71.0,4658
2014-10-11,87.58478261,21.31,0.0,0.0,165.421,3872.3038860037173,209.99,3971.919131,81.66666667,32.38709677,3.179002282,2.14,0,3.2,3.229,27.4,130.35,71.0,4968
2014-10-12,87.58478261,21.31,0.0,0.0,165.421,3820.328639080082,209.99,3971.919131,87.41666667,32.22580645,3.179002282,2.14,0,7.6,3.229,26.5,130.35,71.0,4574
2014-10-13,87.58478261,21.33,0.0,0.0,164.606,3872.3038860037173,207.792,3971.919131,87.375,32.06451613,3.179002282,2.128,0,4.4,3.192,26.7,130.55,70.14285714,4387
2014-10-14,87.58478261,21.33,0.0,0.0,166.49,3820.328639080082,209.321,3971.919131,85.375,31.90322581,3.179002282,2.129,0,2.9,3.233,26.6,130.65,69.28571429,4280
2014-10-15,87.58478261,21.36,0.0,0.0,165.389,3812.495271533787,210.431,3971.919131,86.08333333,31.74193548,3.179002282,2.115,0,27.9,3.2,26.6,130.65,68.42857143,4127
2014-10-16,87.58478261,21.33,0.0,0.0,167.716,3812.495271533787,210.275,3971.919131,90.33333333,31.58064516,3.179002282,2.129,0,162.4,3.206,25.4,130.8,67.57142857,3960
2014-10-17,87.58478261,21.34,0.0,0.0,167.548,3827.647388880934,211.277,3971.919131,90.375,31.41935484,3.179002282,2.134,0,22.3,3.184,25.3,130.65,66.71428571,3797
2014-10-18,87.58478261,21.34,0.0,0.0,167.548,3872.3038860037173,211.277,3971.919131,94.0,31.25806452,3.179002282,2.134,0,46.3,3.184,24.4,130.65,65.85714286,3673
2014-10-19,87.58478261,21.34,0.0,0.0,167.548,3872.3038860037173,211.277,3971.919131,91.41666667,31.09677419,3.179002282,2.134,0,11.7,3.184,25.4,130.65,65.0,3504
2014-10-20,87.58478261,21.36,0.0,0.0,166.742,3792.9176458359616,210.658,3971.919131,89.91666667,30.93548387,3.179002282,2.138,0,5.7,3.193,25.9,130.7,65.0,3193
2014-10-21,87.58478261,21.37,0.0,0.0,167.283,3812.495271533787,209.861,3971.919131,88.04166667,30.77419355,3.179002282,2.136,0,16.3,3.16,25.8,130.75,65.0,3286
2014-10-22,87.58478261,21.37,0.0,0.0,166.255,3820.328639080082,209.686,3971.919131,86.79166667,30.61290323,3.179002282,2.138,0,8.3,3.137,26.1,130.75,65.0,4107
2014-10-23,87.58478261,21.39,0.0,0.0,165.385,3872.3038860037173,210.544,3971.919131,89.875,30.4516129,3.179002282,2.139,0,29.5,3.122,25.4,130.8,65.0,3088
2014-10-24,87.58478261,21.39,0.0,0.0,165.416,3792.9176458359616,210.937,3971.919131,86.58333333,30.29032258,3.179002282,2.134,0,4.6,3.097,26.4,130.85,65.0,2938
2014-10-25,87.58478261,21.39,0.0,0.0,165.416,3812.495271533787,210.937,3971.919131,86.79166667,30.12903226,3.179002282,2.134,0,10.1,3.097,26.2,130.85,65.0,2944
2014-10-26,87.58478261,21.39,0.0,0.0,165.416,3792.9176458359616,210.937,3971.919131,85.375,29.96774194,3.179002282,2.134,0,6.8,3.097,26.3,130.85,65.0,3000
2014-10-27,87.58478261,21.41,0.0,0.0,165.793,3872.3038860037173,211.148,3971.919131,87.41666667,29.80645161,3.179002282,2.139,0,9.4,3.084,26.0,130.85,65.14285714,2997
2014-10-28,87.58478261,21.42,0.0,0.0,166.16,3792.9176458359616,209.584,3971.919131,89.25,29.64516129,3.179002282,2.136,0,16.3,3.032,25.8,130.9,65.28571429,3072
2014-10-29,87.58478261,21.41,0.0,0.0,166.695,3827.647388880934,209.447,3971.919131,87.125,29.48387097,3.179002282,2.131,0,13.4,3.148,26.0,130.9,65.42857143,3020
2014-10-30,87.58478261,21.39,0.0,0.0,165.359,3827.647388880934,209.207,3971.919131,90.5,29.32258065,3.179002282,2.13,0,8.6,3.04,25.3,130.9,65.57142857,3213
2014-10-31,87.58478261,21.39,0.0,0.0,165.104,3827.647388880934,208.994,3971.919131,89.125,29.16129032,3.179002282,2.131,0,15.4,3.001,25.4,130.775,65.71428571,3398
2014-11-01,79.2295,21.39,0.0,0.0,165.104,3820.328639080082,208.994,3971.919131,80.33333333,29.0,3.179002282,2.131,0,0.5,3.001,26.0,130.775,65.85714286,3782
2014-11-02,79.2295,21.39,0.0,0.0,165.104,3827.647388880934,208.994,3971.919131,90.58333333,29.03333333,3.179002282,2.131,0,13.9,3.001,25.2,130.775,66.0,3471
2014-11-03,79.2295,21.41,0.0,0.0,163.789,3872.3038860037173,209.486,3971.919131,91.33333333,29.06666667,3.179002282,2.132,0,23.0,3.003,25.3,130.85,65.85714286,3426
2014-11-04,79.2295,21.41,0.0,0.0,163.333,3812.495271533787,209.093,3971.919131,89.33333333,29.1,3.179002282,2.13,0,13.7,2.915,25.3,130.9,65.71428571,3841
2014-11-05,79.2295,21.41,0.0,0.0,164.221,3872.3038860037173,207.195,3971.919131,89.75,29.13333333,3.179002282,2.128,0,11.3,2.794,25.7,130.875,65.57142857,4451
2014-11-06,79.2295,21.38,0.0,0.0,163.411,3820.328639080082,207.784,3971.919131,87.5,29.16666667,3.179002282,2.128,0,3.6,2.804,26.3,130.875,65.42857143,5688
2014-11-07,79.2295,21.39,0.0,0.0,161.958,3827.647388880934,207.372,3971.919131,82.20833333,29.2,3.179002282,2.129,0,0.0,2.853,26.2,130.9,65.28571429,4761
2014-11-08,79.2295,21.39,0.0,0.0,161.958,3872.3038860037173,207.372,3971.919131,81.16666667,29.23333333,3.179002282,2.129,0,0.0,2.853,26.4,130.9,65.14285714,5030
2014-11-09,79.2295,21.39,0.0,0.0,161.958,3820.328639080082,207.372,3971.919131,79.29166667,29.26666667,3.179002282,2.129,0,0.0,2.853,26.9,130.9,65.0,5105
2014-11-10,79.2295,21.37,0.0,0.0,163.029,3812.495271533787,208.38,3971.919131,84.75,29.3,3.179002282,2.128,0,1.0,2.823,26.0,130.9,65.57142857,4943
2014-11-11,79.2295,21.37,0.0,0.0,162.591,3812.495271533787,206.58,3971.919131,83.29166667,29.33333333,3.179002282,2.133,0,2.6,2.912,26.7,130.9,66.14285714,4546
2014-11-12,79.2295,21.38,0.0,0.0,163.298,3872.3038860037173,205.736,3971.919131,87.16666667,29.36666667,3.179002282,2.126,0,17.7,2.804,26.0,130.9,66.71428571,4815
2014-11-13,79.2295,21.37,0.0,0.0,162.827,3872.3038860037173,205.271,3971.919131,88.20833333,29.4,3.179002282,2.123,0,9.7,2.776,25.9,130.95,67.28571429,4603
2014-11-14,79.2295,21.39,0.0,0.0,163.38,3812.495271533787,204.897,3971.919131,87.58333333,29.43333333,3.179002282,2.119,0,9.8,2.78,26.0,131.0,67.85714286,4317
2014-11-15,79.2295,21.39,0.0,0.0,163.38,3820.328639080082,204.897,3971.919131,86.75,29.46666667,3.179002282,2.119,0,2.5,2.78,26.3,131.0,68.42857143,4255
2014-11-16,79.2295,21.39,0.0,0.0,163.38,3820.328639080082,204.897,3971.919131,87.54166667,29.5,3.179002282,2.119,0,20.9,2.78,25.8,131.0,69.0,4184
2014-11-17,79.2295,21.41,0.0,0.0,164.058,3812.495271533787,204.877,3971.919131,86.70833333,29.53333333,3.179002282,2.123,0,4.9,2.794,26.4,131.0,68.0,3847
2014-11-18,79.2295,21.42,0.0,0.0,163.095,3872.3038860037173,205.552,3971.919131,88.625,29.56666667,3.179002282,2.116,0,13.0,2.797,25.9,131.05,67.0,3700
2014-11-19,79.2295,21.41,0.0,0.0,164.298,3812.495271533787,205.716,3971.919131,89.16666667,29.6,3.179002282,2.117,0,20.0,2.839,25.5,131.075,66.0,3529
2014-11-20,79.2295,21.4,0.0,0.0,164.551,3812.495271533787,205.205,3971.919131,88.625,29.63333333,3.179002282,2.122,0,22.1,2.868,25.5,131.075,65.0,3336
2014-11-21,79.2295,21.34,0.0,0.0,164.361,3827.647388880934,205.821,3971.919131,90.08333333,29.66666667,3.179002282,2.119,0,16.0,2.912,25.7,131.075,64.0,2978
2014-11-22,79.2295,21.34,0.0,0.0,164.361,3872.3038860037173,205.821,3971.919131,91.04166667,29.7,3.179002282,2.119,0,14.2,2.912,25.4,131.075,63.0,2948
2014-11-23,79.2295,21.34,0.0,0.0,164.361,3812.495271533787,205.821,3971.919131,92.79166667,29.73333333,3.179002282,2.119,0,23.0,2.912,25.0,131.075,62.0,2826
2014-11-24,79.2295,21.36,0.0,0.0,162.409,3820.328639080082,205.932,3971.919131,87.125,29.76666667,3.179002282,2.119,0,13.5,2.831,25.4,131.05,63.28571429,3017
2014-11-25,79.2295,21.36,0.0,0.0,163.059,3820.328639080082,207.073,3971.919131,85.58333333,29.8,3.179002282,2.122,0,7.8,2.765,24.2,131.1,64.57142857,3442
2014-11-26,79.2295,21.36,0.0,0.0,163.541,3812.495271533787,206.371,3971.919131,87.70833333,29.83333333,3.179002282,2.12,0,13.4,2.696,25.0,131.125,65.85714286,3402
2014-11-27,79.2295,21.35,0.0,0.0,163.985,3812.495271533787,205.231,3971.919131,88.54166667,29.86666667,3.179002282,2.108,0,15.1,2.603,25.1,131.15,67.14285714,3572
2014-11-28,79.2295,21.31,0.0,0.0,163.505,3792.9176458359616,206.221,3971.919131,89.83333333,29.9,3.179002282,2.116,0,11.5,2.561,25.3,131.15,68.42857143,3555
2014-11-29,79.2295,21.31,0.0,0.0,163.505,3812.495271533787,206.221,3971.919131,86.375,29.93333333,3.179002282,2.116,0,4.2,2.561,25.1,131.15,69.71428571,3954
2014-11-30,79.2295,21.31,0.0,0.0,163.505,3792.9176458359616,206.221,3971.919131,83.54166667,29.96666667,3.179002282,2.116,0,0.6,2.561,24.7,131.15,71.0,4403
2014-12-01,62.90391304,21.32,0.0,0.0,163.308,3812.495271533787,204.988,3971.919131,86.91666667,30.0,3.179002282,2.122,0,3.9,2.433,25.9,131.1,70.42857143,5114
2014-12-02,62.90391304,21.32,0.0,0.0,163.482,3827.647388880934,205.722,3971.919131,89.54166667,30.0,3.179002282,2.12,0,10.4,2.452,25.3,131.1,69.85714286,5161
2014-12-03,62.90391304,21.31,0.0,0.0,162.341,3827.647388880934,205.552,3971.919131,84.83333333,30.0,3.179002282,2.123,0,2.3,2.411,25.8,131.15,69.28571429,5726
2014-12-04,62.90391304,21.32,0.0,0.0,161.459,3827.647388880934,204.378,3971.919131,77.04166667,30.0,3.179002282,2.118,0,0.0,2.492,25.5,131.15,68.71428571,6283
2014-12-05,62.90391304,21.25,0.0,0.0,162.351,3827.647388880934,205.368,3971.919131,77.375,30.0,3.179002282,2.122,0,0.0,2.441,25.8,131.15,68.14285714,6629
2014-12-06,62.90391304,21.25,0.0,0.0,162.351,3812.495271533787,205.368,3971.919131,84.20833333,30.0,3.179002282,2.122,0,7.1,2.441,25.8,131.15,67.57142857,7933
2014-12-07,62.90391304,21.25,0.0,0.0,162.351,3827.647388880934,205.368,3971.919131,86.375,30.0,3.179002282,2.122,0,1.8,2.441,25.8,131.15,67.0,6391
2014-12-08,62.90391304,21.2,0.0,0.0,161.124,3792.9176458359616,205.525,3971.919131,89.45833333,30.0,3.179002282,2.119,0,10.6,2.425,25.7,131.2,67.85714286,6075
2014-12-09,62.90391304,21.23,0.0,0.0,161.599,3872.3038860037173,206.109,3971.919131,90.79166667,30.0,3.179002282,2.111,0,12.2,2.39,25.7,131.15,68.71428571,6331
2014-12-10,62.90391304,21.2,0.0,0.0,162.298,3827.647388880934,206.397,3971.919131,90.33333333,30.0,3.179002282,2.1,0,16.0,2.325,25.6,131.15,69.57142857,6755
2014-12-11,62.90391304,21.2,0.0,0.0,163.256,3827.647388880934,206.214,3971.919131,88.5,30.0,3.179002282,2.098,0,16.1,2.253,25.6,131.2,70.42857143,7195
2014-12-12,62.90391304,21.2,0.0,0.0,162.832,3792.9176458359616,205.242,3971.919131,87.0,30.0,3.179002282,2.078,0,10.8,1.99,25.8,131.175,71.28571429,8279
2014-12-13,62.90391304,21.2,0.0,0.0,162.832,3820.328639080082,205.242,3971.919131,87.83333333,30.0,3.179002282,2.078,0,14.0,1.99,25.8,131.175,72.14285714,8055
2014-12-14,62.90391304,21.2,0.0,0.0,162.832,3872.3038860037173,205.242,3971.919131,83.54166667,30.0,3.179002282,2.078,0,0.7,1.99,26.6,131.175,73.0,8129
2014-12-15,62.90391304,21.19,0.0,0.0,163.471,3827.647388880934,206.541,3971.919131,86.5,30.0,3.179002282,2.06,0,3.3,1.914,26.0,131.25,74.85714286,7975
2014-12-16,62.90391304,21.17,0.0,0.0,163.242,3792.9176458359616,204.344,3971.919131,88.45833333,30.0,3.179002282,2.065,0,3.2,2.18,26.0,131.15,76.71428571,6087
2014-12-17,62.90391304,21.13,0.0,0.0,164.089,3827.647388880934,205.747,3971.919131,90.79166667,30.0,3.179002282,2.084,0,46.4,2.12,25.5,131.2,78.57142857,6205
2014-12-18,62.90391304,21.09,0.0,0.0,161.94,3812.495271533787,205.085,3971.919131,89.58333333,30.0,3.179002282,2.075,0,34.2,2.252,25.5,131.3,80.42857143,5252
2014-12-19,62.90391304,21.1,0.0,0.0,161.315,3872.3038860037173,205.085,3971.919131,88.66666667,30.0,3.179002282,2.076,0,5.5,2.353,25.6,131.2,82.28571429,4707
2014-12-20,62.90391304,21.1,0.0,0.0,161.315,3812.495271533787,205.085,3971.919131,92.20833333,30.0,3.179002282,2.076,0,38.4,2.353,23.8,131.2,84.14285714,4711
2014-12-21,62.90391304,21.1,0.0,0.0,161.315,3872.3038860037173,205.085,3971.919131,86.41666667,30.0,3.179002282,2.076,0,2.2,2.353,25.2,131.2,86.0,4738
2014-12-22,62.90391304,21.08,0.0,0.0,160.438,3792.9176458359616,203.733,3971.919131,93.375,30.0,3.179002282,2.069,0,29.8,2.405,24.0,131.25,85.71428571,4025
2014-12-23,62.90391304,21.12,0.0,0.0,160.525,3872.3038860037173,204.219,3971.919131,93.75,30.0,3.179002282,2.066,0,54.7,2.451,23.9,131.25,85.42857143,3871
2014-12-24,62.90391304,21.18,0.0,0.0,159.764,3872.3038860037173,203.936,3971.919131,91.41666667,30.0,3.179002282,2.066,0,28.9,2.472,24.5,131.25,85.14285714,3754
2014-12-25,62.90391304,21.12,0.0,0.0,160.053,3792.9176458359616,204.101,3971.919131,93.54166667,30.0,3.179002282,2.064,0,81.0,2.431,23.9,131.25,84.85714286,4681
2014-12-26,62.90391304,21.09,0.0,0.0,160.42,3820.328639080082,203.628,3971.919131,87.91666667,30.0,3.179002282,2.061,0,21.3,2.22,23.7,131.2,84.57142857,4682
2014-12-27,62.90391304,21.09,0.0,0.0,160.42,3827.647388880934,203.628,3971.919131,78.45833333,30.0,3.179002282,2.061,0,0.0,2.22,23.8,131.2,84.28571429,5546
2014-12-28,62.90391304,21.09,0.0,0.0,160.42,3820.328639080082,203.628,3971.919131,90.41666667,30.0,3.179002282,2.061,0,8.0,2.22,24.2,131.2,84.0,4611
2014-12-29,62.90391304,21.16,0.0,0.0,159.756,3792.9176458359616,204.212,3971.919131,83.54166667,30.0,3.179002282,2.071,0,0.3,2.361,25.4,131.25,83.0,4354
2014-12-30,62.90391304,21.14,0.0,0.0,159.495,3792.9176458359616,204.344,3971.919131,85.5,30.0,3.179002282,2.081,0,0.9,2.26,25.8,131.25,82.0,4625
2014-12-31,62.90391304,21.15,0.0,0.0,159.567,3827.647388880934,204.035,3971.919131,87.875,30.0,3.179002282,2.072,0,2.1,2.261,25.5,131.2,81.0,4792
2015-01-01,48.93318182,21.16,0.0,0.0,158.732,3827.647388880934,201.25,4057.715835,88.33333333,30.0,3.768367831,2.075,0,0.5,2.235,25.8,131.25,80.0,3143
2015-01-02,48.93318182,21.11,0.0,0.0,158.865,3792.9176458359616,200.226,4057.715835,82.33333333,30.29032258,3.768367831,2.073,0,0.0,2.173,25.5,131.3,79.0,3651
2015-01-03,48.93318182,21.11,0.0,0.0,158.865,3792.9176458359616,200.226,4057.715835,80.54166667,30.58064516,3.768367831,2.073,0,0.0,2.173,25.6,131.3,78.0,3939
2015-01-04,48.93318182,21.11,0.0,0.0,158.865,3812.495271533787,200.226,4057.715835,81.83333333,30.87096774,3.768367831,2.073,0,0.1,2.173,26.1,131.3,77.0,5054
2015-01-05,48.93318182,21.17,0.0,0.0,157.593,3812.495271533787,199.242,4057.715835,83.04166667,31.16129032,3.768367831,2.068,0,1.0,2.082,26.4,131.3,77.42857143,4239
2015-01-06,48.93318182,21.16,0.0,0.0,156.687,3820.328639080082,198.628,4057.715835,81.125,31.4516129,3.768367831,2.077,0,3.4,2.09,26.3,131.5,77.85714286,4601
2015-01-07,48.93318182,21.16,0.0,0.0,156.34,3820.328639080082,198.465,4057.715835,79.91666667,31.74193548,3.768367831,2.099,0,0.5,2.197,25.9,131.45,78.28571429,4708
2015-01-08,48.93318182,21.18,0.0,0.0,155.623,3812.495271533787,199.361,4057.715835,76.70833333,32.03225806,3.768367831,2.109,0,0.0,2.137,25.7,131.525,78.71428571,5270
2015-01-09,48.93318182,21.21,0.0,0.0,155.101,3792.9176458359616,199.594,4057.715835,75.125,32.32258065,3.768367831,2.119,0,0.0,2.082,25.7,131.5,79.14285714,5608
2015-01-10,48.93318182,21.21,0.0,0.0,155.101,3820.328639080082,199.594,4057.715835,68.29166667,32.61290323,3.768367831,2.119,0,0.0,2.082,25.6,131.5,79.57142857,6477
2015-01-11,48.93318182,21.21,0.0,0.0,155.101,3812.495271533787,199.594,4057.715835,66.04166667,32.90322581,3.768367831,2.119,0,0.0,2.082,25.3,131.5,80.0,6816
2015-01-12,48.93318182,21.23,0.0,0.0,155.716,3820.328639080082,199.416,4057.715835,62.0,33.19354839,3.768367831,2.122,0,0.0,2.014,25.2,131.55,79.85714286,7493
2015-01-13,48.93318182,21.23,0.0,0.0,155.663,3792.9176458359616,200.384,4057.715835,59.95833333,33.48387097,3.768367831,2.119,0,0.0,2.044,25.6,131.55,79.71428571,7214
2015-01-14,48.93318182,21.26,0.0,0.0,154.867,3872.3038860037173,199.825,4057.715835,71.75,33.77419355,3.768367831,2.12,0,0.0,2.017,25.8,131.55,79.57142857,6012
2015-01-15,48.93318182,21.17,0.0,0.0,155.091,3820.328639080082,199.04,4057.715835,77.33333333,34.06451613,3.768367831,2.123,0,2.1,2.017,26.1,131.55,79.42857143,6572
2015-01-16,48.93318182,21.2,0.0,0.0,153.0,3792.9176458359616,199.296,4057.715835,76.20833333,34.35483871,3.768367831,2.139,0,1.1,2.029,26.9,131.375,79.28571429,4694
2015-01-17,48.93318182,21.2,0.0,0.0,153.0,3812.495271533787,199.296,4057.715835,74.91666667,34.64516129,3.768367831,2.139,0,0.4,2.029,27.0,131.375,79.14285714,4679
2015-01-18,48.93318182,21.2,0.0,0.0,153.0,3792.9176458359616,199.296,4057.715835,69.29166667,34.93548387,3.768367831,2.139,0,0.0,2.029,27.4,131.375,79.0,4890
2015-01-19,48.93318182,21.22,0.0,0.0,151.995,3820.328639080082,199.687,4057.715835,62.75,35.22580645,3.768367831,2.139,0,0.2,2.021,27.6,131.875,79.42857143,5129
2015-01-20,48.93318182,21.23,0.0,0.0,153.055,3827.647388880934,199.699,4057.715835,60.25,35.51612903,3.768367831,2.142,0,0.0,2.019,27.0,131.85,79.85714286,5472
2015-01-21,48.93318182,21.25,0.0,0.0,152.293,3812.495271533787,198.057,4057.715835,59.29166667,35.80645161,3.768367831,2.142,0,0.0,2.056,27.6,131.875,80.28571429,5111
2015-01-22,48.93318182,21.17,0.0,0.0,153.113,3827.647388880934,197.674,4057.715835,64.79166667,36.09677419,3.768367831,2.146,0,0.0,2.056,26.9,131.95,80.71428571,4750
2015-01-23,48.93318182,21.11,0.0,0.0,149.981,3792.9176458359616,199.063,4057.715835,70.29166667,36.38709677,3.768367831,2.147,0,0.0,1.926,27.4,131.875,81.14285714,4308
2015-01-24,48.93318182,21.11,0.0,0.0,149.981,3820.328639080082,199.063,4057.715835,72.95833333,36.67741935,3.768367831,2.147,0,9.6,1.926,27.3,131.875,81.57142857,4179
2015-01-25,48.93318182,21.11,0.0,0.0,149.981,3812.495271533787,199.063,4057.715835,67.125,36.96774194,3.768367831,2.147,0,0.8,1.926,27.6,131.875,82.0,4504
2015-01-26,48.93318182,21.15,0.0,0.0,147.805,3827.647388880934,200.715,4057.715835,63.125,37.25806452,3.768367831,2.151,0,0.0,1.953,27.6,132.0,82.71428571,4604
2015-01-27,48.93318182,21.17,0.0,0.0,148.355,3792.9176458359616,200.243,4057.715835,64.66666667,37.5483871,3.768367831,2.156,0,0.2,1.946,27.9,132.075,83.42857143,4559
2015-01-28,48.93318182,21.17,0.0,0.0,150.315,3792.9176458359616,199.224,4057.715835,66.45833333,37.83870968,3.768367831,2.14,0,0.0,1.919,28.2,132.3,84.14285714,4722
2015-01-29,48.93318182,21.16,0.0,0.0,149.34,3792.9176458359616,199.243,4057.715835,76.875,38.12903226,3.768367831,2.132,0,10.9,1.91,26.7,132.225,84.85714286,4402
2015-01-30,48.93318182,21.14,0.0,0.0,149.678,3827.647388880934,199.055,4057.715835,82.08333333,38.41935484,3.768367831,2.144,0,5.0,1.937,26.3,132.225,85.57142857,4241
2015-01-31,48.93318182,21.14,0.0,0.0,149.678,3792.9176458359616,199.055,4057.715835,69.33333333,38.70967742,3.768367831,2.144,0,0.0,1.937,27.2,132.225,86.28571429,5205
2015-02-01,58.254,21.14,0.0,0.0,149.678,3792.9176458359616,199.055,4057.715835,65.41666667,39.0,3.768367831,2.144,0,0.0,1.937,27.1,132.225,87.0,7121
2015-02-02,58.254,21.15,0.0,0.0,149.262,3872.3038860037173,200.729,4057.715835,69.29166667,38.89285714,3.768367831,2.149,0,1.2,2.029,27.5,132.35,86.85714286,6216
2015-02-03,58.254,21.18,0.0,0.0,150.111,3820.328639080082,200.941,4057.715835,74.33333333,38.78571429,3.768367831,2.14,0,7.6,1.949,26.5,132.35,86.71428571,8310
2015-02-04,58.254,21.17,0.0,0.0,151.951,3820.328639080082,202.86,4057.715835,73.58333333,38.67857143,3.768367831,2.145,0,0.5,1.989,27.0,132.35,86.57142857,8492
2015-02-05,58.254,21.3,0.0,0.0,150.171,3812.495271533787,202.765,4057.715835,74.29166667,38.57142857,3.768367831,2.146,0,0.7,1.982,26.8,132.35,86.42857143,6826
2015-02-06,58.254,21.27,0.0,0.0,151.899,3820.328639080082,202.214,4057.715835,77.25,38.46428571,3.768367831,2.138,0,9.9,2.018,26.9,133.0,86.28571429,6577
2015-02-07,58.254,21.27,0.0,0.0,151.899,3792.9176458359616,202.214,4057.715835,68.41666667,38.35714286,3.768367831,2.138,0,0.0,2.018,27.6,133.0,86.14285714,7598
2015-02-08,58.254,21.27,0.0,0.0,151.899,3820.328639080082,202.214,4057.715835,66.41666667,38.25,3.768367831,2.138,0,0.0,2.018,27.7,133.0,86.0,8079
2015-02-09,58.254,21.29,0.0,0.0,150.496,3792.9176458359616,202.726,4057.715835,74.875,38.14285714,3.768367831,2.132,0,10.1,2.03,26.8,132.9,85.42857143,7095
2015-02-10,58.254,21.29,0.0,0.0,150.502,3827.647388880934,202.513,4057.715835,82.625,38.03571429,3.768367831,2.13,0,13.0,2.037,26.4,132.9,84.85714286,6468
2015-02-11,58.254,21.3,0.0,0.0,150.456,3872.3038860037173,204.614,4057.715835,81.04166667,37.92857143,3.768367831,2.14,0,7.1,2.038,26.6,132.9,84.28571429,6571
2015-02-12,58.254,21.3,0.0,0.0,150.623,3827.647388880934,204.66,4057.715835,81.83333333,37.82142857,3.768367831,2.141,0,5.2,2.093,26.8,133.0,83.71428571,5882
2015-02-13,58.254,21.28,0.0,0.0,151.66,3872.3038860037173,204.335,4057.715835,83.91666667,37.71428571,3.768367831,2.142,0,6.8,2.105,26.4,132.9,83.14285714,5531
2015-02-14,58.254,21.28,0.0,0.0,151.66,3820.328639080082,204.335,4057.715835,79.125,37.60714286,3.768367831,2.142,0,0.0,2.105,26.7,132.9,82.57142857,5638
2015-02-15,58.254,21.28,0.0,0.0,151.66,3820.328639080082,204.335,4057.715835,75.625,37.5,3.768367831,2.142,0,0.0,2.105,25.9,132.9,82.0,6014
2015-02-16,58.254,21.26,0.0,0.0,151.313,3820.328639080082,204.209,4057.715835,60.54166667,37.39285714,3.768367831,2.14,0,0.0,2.128,26.1,133.0,81.85714286,6929
2015-02-17,58.254,21.25,0.0,0.0,151.015,3872.3038860037173,205.131,4057.715835,63.0,37.28571429,3.768367831,2.142,0,0.0,2.158,25.9,133.0,81.71428571,8044
2015-02-18,58.254,21.25,0.0,0.0,151.779,3872.3038860037173,204.877,4057.715835,70.70833333,37.17857143,3.768367831,2.139,0,0.0,2.147,25.7,132.9,81.57142857,5589
2015-02-19,58.254,21.26,0.0,0.0,151.473,3827.647388880934,204.827,4057.715835,69.625,37.07142857,3.768367831,2.141,0,0.0,2.15,25.8,132.925,81.42857143,5291
2015-02-20,58.254,21.26,0.0,0.0,151.089,3820.328639080082,205.565,4057.715835,66.54166667,36.96428571,3.768367831,2.14,0,0.0,2.085,26.8,133.0,81.28571429,5168
2015-02-21,58.254,21.26,0.0,0.0,151.089,3872.3038860037173,205.565,4057.715835,59.16666667,36.85714286,3.768367831,2.14,0,0.0,2.085,28.5,133.0,81.14285714,5271
2015-02-22,58.254,21.26,0.0,0.0,151.089,3872.3038860037173,205.565,4057.715835,62.625,36.75,3.768367831,2.14,0,0.0,2.085,28.3,133.0,81.0,4892
2015-02-23,58.254,21.27,0.0,0.0,151.361,3872.3038860037173,205.622,4057.715835,67.91666667,36.64285714,3.768367831,2.14,0,0.7,2.105,27.7,133.0,81.0,4351
2015-02-24,58.254,21.26,0.0,0.0,150.722,3812.495271533787,206.607,4057.715835,77.83333333,36.53571429,3.768367831,2.151,0,4.3,2.168,27.1,133.05,81.0,3514
2015-02-25,58.254,21.26,0.0,0.0,150.892,3872.3038860037173,204.977,4057.715835,73.375,36.42857143,3.768367831,2.155,0,1.2,2.176,27.7,133.05,81.0,3676
2015-02-26,58.254,21.24,0.0,0.0,151.165,3812.495271533787,205.511,4057.715835,79.95833333,36.32142857,3.768367831,2.159,0,4.0,2.158,27.0,133.05,81.0,3386
2015-02-27,58.254,21.22,0.0,0.0,148.989,3820.328639080082,204.495,4057.715835,80.41666667,36.21428571,3.768367831,2.152,0,7.5,2.127,26.5,133.15,81.0,3402
2015-02-28,58.254,21.22,0.0,0.0,148.989,3827.647388880934,204.495,4057.715835,76.70833333,36.10714286,3.768367831,2.152,0,1.4,2.127,27.1,133.15,81.0,3610
2015-03-01,56.52454545,21.22,0.0,0.0,148.989,3812.495271533787,204.495,4057.715835,76.33333333,36.0,3.768367831,2.152,0,0.8,2.127,27.2,133.15,81.0,5437
2015-03-02,56.52454545,21.22,0.0,0.0,149.068,3820.328639080082,204.532,4057.715835,78.5,36.12903226,3.768367831,2.154,0,3.8,2.151,27.4,133.1,81.0,5178
2015-03-03,56.52454545,21.2,0.0,0.0,148.865,3792.9176458359616,202.935,4057.715835,78.0,36.25806452,3.768367831,2.134,0,1.2,2.146,27.3,133.15,81.0,5390
2015-03-04,56.52454545,21.22,0.0,0.0,148.809,3820.328639080082,202.63,4057.715835,82.08333333,36.38709677,3.768367831,2.131,0,1.7,2.185,26.7,132.95,81.0,5381
2015-03-05,56.52454545,21.24,0.0,0.0,147.295,3812.495271533787,199.998,4057.715835,76.58333333,36.51612903,3.768367831,2.129,0,0.1,2.201,27.4,132.95,81.0,7229
2015-03-06,56.52454545,21.25,0.0,0.0,146.651,3872.3038860037173,201.361,4057.715835,73.04166667,36.64516129,3.768367831,2.125,0,0.0,2.19,28.4,133.0,81.0,5993
2015-03-07,56.52454545,21.25,0.0,0.0,146.651,3872.3038860037173,201.361,4057.715835,70.875,36.77419355,3.768367831,2.125,0,0.0,2.19,28.4,133.0,81.0,6566
2015-03-08,56.52454545,21.25,0.0,0.0,146.651,3820.328639080082,201.361,4057.715835,71.66666667,36.90322581,3.768367831,2.125,0,1.2,2.19,28.4,133.0,81.0,6662
2015-03-09,56.52454545,21.26,0.0,0.0,144.232,3820.328639080082,200.658,4057.715835,72.95833333,37.03225806,3.768367831,2.123,0,0.7,2.132,28.0,133.1,81.14285714,6741
2015-03-10,56.52454545,21.26,0.0,0.0,144.447,3872.3038860037173,198.779,4057.715835,68.875,37.16129032,3.768367831,2.121,0,0.4,2.161,28.0,133.15,81.28571429,7202
2015-03-11,56.52454545,21.25,0.0,0.0,142.444,3792.9176458359616,198.086,4057.715835,70.16666667,37.29032258,3.768367831,2.128,0,0.0,2.176,28.0,133.15,81.42857143,6746
2015-03-12,56.52454545,21.26,0.0,0.0,140.433,3812.495271533787,196.189,4057.715835,68.875,37.41935484,3.768367831,2.109,0,2.8,2.138,28.3,133.1,81.57142857,6571
2015-03-13,56.52454545,21.26,0.0,0.0,141.558,3820.328639080082,197.442,4057.715835,80.83333333,37.5483871,3.768367831,2.121,0,25.2,2.141,26.9,133.05,81.71428571,5664
2015-03-14,56.52454545,21.26,0.0,0.0,141.558,3812.495271533787,197.442,4057.715835,89.375,37.67741935,3.768367831,2.121,0,13.4,2.141,25.8,133.05,81.85714286,5139
2015-03-15,56.52454545,21.26,0.0,0.0,141.558,3792.9176458359616,197.442,4057.715835,80.75,37.80645161,3.768367831,2.121,0,0.5,2.141,26.8,133.05,82.0,5448
2015-03-16,56.52454545,21.31,0.0,0.0,139.636,3812.495271533787,196.33,4057.715835,79.33333333,37.93548387,3.768367831,2.126,0,0.1,2.164,27.4,133.15,81.42857143,4964
2015-03-17,56.52454545,21.37,0.0,0.0,140.719,3792.9176458359616,199.432,4057.715835,80.33333333,38.06451613,3.768367831,2.124,0,1.7,2.243,27.4,133.15,80.85714286,4508
2015-03-18,56.52454545,21.51,0.0,0.0,141.119,3872.3038860037173,196.651,4057.715835,83.625,38.19354839,3.768367831,2.133,0,2.5,2.216,27.1,133.15,80.28571429,4461
2015-03-19,56.52454545,21.48,0.0,0.0,144.688,3812.495271533787,199.297,4057.715835,77.45833333,38.32258065,3.768367831,2.136,0,0.6,2.248,27.6,133.3,79.71428571,4553
2015-03-20,56.52454545,21.45,0.0,0.0,142.098,3812.495271533787,199.317,4057.715835,78.16666667,38.4516129,3.768367831,2.142,0,0.4,2.268,27.3,133.3,79.14285714,4173
2015-03-21,56.52454545,21.45,0.0,0.0,142.098,3820.328639080082,199.317,4057.715835,75.875,38.58064516,3.768367831,2.142,0,0.0,2.268,27.8,133.3,78.57142857,4174
2015-03-22,56.52454545,21.45,0.0,0.0,142.098,3792.9176458359616,199.317,4057.715835,76.20833333,38.70967742,3.768367831,2.142,0,0.1,2.268,27.9,133.3,78.0,4021
2015-03-23,56.52454545,21.48,0.0,0.0,144.257,3820.328639080082,197.971,4057.715835,73.66666667,38.83870968,3.768367831,2.138,0,0.1,2.31,28.5,133.3,78.85714286,3890
2015-03-24,56.52454545,21.46,0.0,0.0,145.917,3792.9176458359616,198.357,4057.715835,71.91666667,38.96774194,3.768367831,2.136,0,0.0,2.32,28.7,133.3,79.71428571,3905
2015-03-25,56.52454545,21.41,0.0,0.0,145.65,3812.495271533787,197.505,4057.715835,65.875,39.09677419,3.768367831,2.117,0,0.6,2.319,29.1,133.3,80.57142857,4184
2015-03-26,56.52454545,21.42,0.0,0.0,146.25,3812.495271533787,198.02,4057.715835,68.54166667,39.22580645,3.768367831,2.129,0,0.2,2.293,29.1,133.0,81.42857143,4096
2015-03-27,56.52454545,21.45,0.0,0.0,144.757,3812.495271533787,197.216,4057.715835,79.58333333,39.35483871,3.768367831,2.13,0,21.9,2.311,27.8,133.1,82.28571429,3562
2015-03-28,56.52454545,21.45,0.0,0.0,144.757,3872.3038860037173,197.216,4057.715835,88.16666667,39.48387097,3.768367831,2.13,0,31.2,2.311,26.7,133.1,83.14285714,3485
2015-03-29,56.52454545,21.45,0.0,0.0,144.757,3827.647388880934,197.216,4057.715835,85.41666667,39.61290323,3.768367831,2.13,0,11.8,2.311,26.7,133.1,84.0,3753
2015-03-30,56.52454545,21.48,0.0,0.0,144.926,3827.647388880934,197.339,4057.715835,82.75,39.74193548,3.768367831,2.138,0,5.5,2.288,27.1,133.15,85.28571429,3989
2015-03-31,56.52454545,21.48,0.0,0.0,144.242,3812.495271533787,197.368,4057.715835,85.29166667,39.87096774,3.768367831,2.143,0,18.1,2.311,26.7,133.175,86.57142857,3986
2015-04-01,59.82636364,21.49,0.0,0.0,142.91,3827.647388880934,197.442,4057.715835,86.16666667,40.0,3.768367831,2.145,0,25.5,2.365,26.5,133.15,87.85714286,4888
2015-04-02,59.82636364,21.5,0.0,0.0,143.322,3792.9176458359616,198.674,4057.715835,83.79166667,39.83333333,3.768367831,2.149,0,7.6,2.355,27.0,133.15,89.14285714,4961
2015-04-03,59.82636364,21.5,0.0,0.0,144.913,3820.328639080082,198.134,4057.715835,84.29166667,39.66666667,3.768367831,2.14,0,7.4,2.405,27.2,133.15,90.42857143,6098
2015-04-04,59.82636364,21.5,0.0,0.0,144.913,3820.328639080082,198.134,4057.715835,85.25,39.5,3.768367831,2.14,0,2.3,2.405,27.5,133.15,91.71428571,4896
2015-04-05,59.82636364,21.5,0.0,0.0,144.913,3792.9176458359616,198.134,4057.715835,81.375,39.33333333,3.768367831,2.14,0,1.2,2.405,28.2,133.15,93.0,5259
2015-04-06,59.82636364,21.47,0.0,0.0,146.172,3872.3038860037173,197.014,4057.715835,81.58333333,39.16666667,3.768367831,2.136,0,1.8,2.418,27.6,133.15,92.71428571,5593
2015-04-07,59.82636364,21.44,0.0,0.0,145.446,3827.647388880934,197.725,4057.715835,86.54166667,39.0,3.768367831,2.138,0,25.1,2.479,26.8,133.05,92.42857143,5260
2015-04-08,59.82636364,21.45,0.0,0.0,143.887,3812.495271533787,195.85,4057.715835,85.04166667,38.83333333,3.768367831,2.136,0,7.7,2.566,26.4,133.0,92.14285714,5188
2015-04-09,59.82636364,21.43,0.0,0.0,143.38,3820.328639080082,194.672,4057.715835,80.66666667,38.66666667,3.768367831,2.136,0,5.1,2.482,27.6,133.1,91.85714286,5505
2015-04-10,59.82636364,21.4,0.0,0.0,141.878,3827.647388880934,195.264,4057.715835,84.375,38.5,3.768367831,2.132,0,4.5,2.557,27.2,133.05,91.57142857,4829
2015-04-11,59.82636364,21.4,0.0,0.0,141.878,3820.328639080082,195.264,4057.715835,81.375,38.33333333,3.768367831,2.132,0,1.8,2.557,27.5,133.05,91.28571429,4943
2015-04-12,59.82636364,21.4,0.0,0.0,141.878,3827.647388880934,195.264,4057.715835,84.625,38.16666667,3.768367831,2.132,0,4.2,2.557,27.2,133.05,91.0,4666
2015-04-13,59.82636364,21.42,0.0,0.0,141.087,3812.495271533787,196.648,4057.715835,87.91666667,38.0,3.768367831,2.137,0,10.3,2.614,26.7,133.05,89.14285714,5121
2015-04-14,59.82636364,21.45,0.0,0.0,140.601,3812.495271533787,197.548,4057.715835,81.91666667,37.83333333,3.768367831,2.134,0,2.9,2.675,27.1,133.05,87.28571429,5040
2015-04-15,59.82636364,21.48,0.0,0.0,141.745,3792.9176458359616,198.792,4057.715835,84.0,37.66666667,3.768367831,2.136,0,6.9,2.672,26.8,133.1,85.42857143,3854
2015-04-16,59.82636364,21.48,0.0,0.0,142.237,3792.9176458359616,199.138,4057.715835,83.58333333,37.5,3.768367831,2.128,0,2.5,2.565,27.3,133.1,83.57142857,3865
2015-04-17,59.82636364,21.47,0.0,0.0,143.236,3812.495271533787,198.48,4057.715835,87.20833333,37.33333333,3.768367831,2.109,0,5.4,2.496,27.2,133.1,81.71428571,3626
2015-04-18,59.82636364,21.47,0.0,0.0,143.236,3827.647388880934,198.48,4057.715835,82.45833333,37.16666667,3.768367831,2.109,0,3.3,2.496,27.4,133.1,79.85714286,3771
2015-04-19,59.82636364,21.47,0.0,0.0,143.236,3820.328639080082,198.48,4057.715835,83.08333333,37.0,3.768367831,2.109,0,5.9,2.496,27.3,133.1,78.0,3612
2015-04-20,59.82636364,21.46,0.0,0.0,143.841,3812.495271533787,198.591,4057.715835,87.70833333,36.83333333,3.768367831,2.117,0,31.9,2.473,26.3,133.15,78.57142857,3391
2015-04-21,59.82636364,21.48,0.0,0.0,142.996,3812.495271533787,200.061,4057.715835,89.33333333,36.66666667,3.768367831,2.113,0,58.7,2.55,25.6,133.05,79.14285714,3100
2015-04-22,59.82636364,21.51,0.0,0.0,142.836,3872.3038860037173,200.73,4057.715835,80.29166667,36.5,3.768367831,2.107,0,0.1,2.623,27.3,133.05,79.71428571,3055
2015-04-23,59.82636364,21.5,0.0,0.0,142.716,3812.495271533787,202.235,4057.715835,82.75,36.33333333,3.768367831,2.092,0,2.3,2.615,27.5,133.3,80.28571429,2728
2015-04-24,59.82636364,21.41,0.0,0.0,144.317,3827.647388880934,202.901,4057.715835,83.5,36.16666667,3.768367831,2.102,0,2.9,2.571,27.5,133.15,80.85714286,2708
2015-04-25,59.82636364,21.41,0.0,0.0,144.317,3812.495271533787,202.901,4057.715835,87.54166667,36.0,3.768367831,2.102,0,10.0,2.571,26.8,133.15,81.42857143,2598
2015-04-26,59.82636364,21.41,0.0,0.0,144.317,3820.328639080082,202.901,4057.715835,84.91666667,35.83333333,3.768367831,2.102,0,6.7,2.571,27.1,133.15,82.0,2687
2015-04-27,59.82636364,21.46,0.0,0.0,144.788,3872.3038860037173,204.226,4057.715835,81.95833333,35.66666667,3.768367831,2.112,0,2.0,2.582,27.3,133.15,80.57142857,2769
2015-04-28,59.82636364,21.48,0.0,0.0,144.981,3812.495271533787,205.558,4057.715835,86.375,35.5,3.768367831,2.098,0,7.6,2.615,27.2,133.15,79.14285714,2543
2015-04-29,59.82636364,21.49,0.0,0.0,146.219,3792.9176458359616,204.629,4057.715835,86.20833333,35.33333333,3.768367831,2.098,0,9.0,2.578,27.2,133.15,77.71428571,2733
2015-04-30,59.82636364,21.49,0.0,0.0,148.216,3820.328639080082,201.83,4057.715835,85.91666667,35.16666667,3.768367831,2.092,0,6.7,2.574,26.8,133.3,76.28571429,2930
2015-05-01,65.19380952,21.47,0.0,0.0,149.623,3812.495271533787,201.557,4057.715835,84.16666667,35.0,3.768367831,2.099,0,6.0,2.558,27.2,133.3,74.85714286,4957
2015-05-02,65.19380952,21.47,0.0,0.0,149.623,3827.647388880934,201.557,4057.715835,84.91666667,34.96774194,3.768367831,2.099,0,2.7,2.558,27.5,133.3,73.42857143,3977
2015-05-03,65.19380952,21.47,0.0,0.0,149.623,3812.495271533787,201.557,4057.715835,84.16666667,34.93548387,3.768367831,2.099,0,3.9,2.558,27.4,133.3,72.0,5260
2015-05-04,65.19380952,21.45,0.0,0.0,149.316,3827.647388880934,202.079,4057.715835,87.45833333,34.90322581,3.768367831,2.1,0,7.9,2.631,27.1,133.3,71.14285714,4917
2015-05-05,65.19380952,21.53,0.0,0.0,148.577,3812.495271533787,203.521,4057.715835,88.33333333,34.87096774,3.768367831,2.099,0,3.6,2.644,26.8,133.1,70.28571429,4004
2015-05-06,65.19380952,21.5,0.0,0.0,148.885,3820.328639080082,203.451,4057.715835,86.875,34.83870968,3.768367831,2.083,0,7.6,2.665,26.7,133.5,69.42857143,4281
2015-05-07,65.19380952,21.5,0.0,0.0,151.57,3812.495271533787,206.345,4057.715835,83.875,34.80645161,3.768367831,2.095,0,3.5,2.613,27.4,133.45,68.57142857,4719
2015-05-08,65.19380952,21.48,0.0,0.0,150.351,3812.495271533787,207.918,4057.715835,87.625,34.77419355,3.768367831,2.084,0,10.2,2.603,27.1,133.5,67.71428571,4493
2015-05-09,65.19380952,21.48,0.0,0.0,150.351,3820.328639080082,207.918,4057.715835,89.83333333,34.74193548,3.768367831,2.084,0,27.2,2.603,26.2,133.5,66.85714286,4682
2015-05-10,65.19380952,21.48,0.0,0.0,150.351,3792.9176458359616,207.918,4057.715835,90.08333333,34.70967742,3.768367831,2.084,0,26.9,2.603,26.4,133.5,66.0,4621
2015-05-11,65.19380952,21.53,0.0,0.0,149.58,3827.647388880934,209.521,4057.715835,91.16666667,34.67741935,3.768367831,2.084,0,16.1,2.675,25.8,133.4,66.57142857,4315
2015-05-12,65.19380952,21.55,0.0,0.0,148.808,3820.328639080082,210.518,4057.715835,87.29166667,34.64516129,3.768367831,2.089,0,3.1,2.718,26.9,133.7,67.14285714,4066
2015-05-13,65.19380952,21.54,0.0,0.0,149.938,3792.9176458359616,210.774,4057.715835,85.83333333,34.61290323,3.768367831,2.108,0,5.1,2.671,26.9,133.7,67.71428571,4227
2015-05-14,65.19380952,21.53,0.0,0.0,151.85,3792.9176458359616,210.06,4057.715835,89.25,34.58064516,3.768367831,2.106,0,5.6,2.697,26.9,133.6,68.28571429,3810
2015-05-15,65.19380952,21.52,0.0,0.0,152.438,3827.647388880934,208.961,4057.715835,85.95833333,34.5483871,3.768367831,2.096,0,3.6,2.712,27.7,133.6,68.85714286,3663
2015-05-16,65.19380952,21.52,0.0,0.0,152.438,3872.3038860037173,208.961,4057.715835,88.625,34.51612903,3.768367831,2.096,0,6.6,2.712,26.9,133.6,69.42857143,3591
2015-05-17,65.19380952,21.52,0.0,0.0,152.438,3820.328639080082,208.961,4057.715835,89.25,34.48387097,3.768367831,2.096,0,9.0,2.712,26.7,133.6,70.0,3423
2015-05-18,65.19380952,21.54,0.0,0.0,153.005,3827.647388880934,207.369,4057.715835,87.45833333,34.4516129,3.768367831,2.097,0,12.2,2.698,27.3,133.5,70.0,3283
2015-05-19,65.19380952,21.54,0.0,0.0,151.062,3820.328639080082,207.659,4057.715835,88.91666667,34.41935484,3.768367831,2.102,0,11.6,2.689,26.9,133.7,70.0,3113
2015-05-20,65.19380952,21.58,0.0,0.0,149.069,3820.328639080082,209.48,4057.715835,85.79166667,34.38709677,3.768367831,2.104,0,3.9,2.676,27.3,133.65,70.0,3086
2015-05-21,65.19380952,21.58,0.0,0.0,148.258,3872.3038860037173,207.179,4057.715835,87.58333333,34.35483871,3.768367831,2.107,0,16.0,2.676,27.1,133.75,70.0,2896
2015-05-22,65.19380952,21.6,0.0,0.0,148.63,3812.495271533787,207.228,4057.715835,84.66666667,34.32258065,3.768367831,2.11,0,11.3,2.681,27.4,133.75,70.0,2788
2015-05-23,65.19380952,21.6,0.0,0.0,148.63,3792.9176458359616,207.228,4057.715835,85.0,34.29032258,3.768367831,2.11,0,7.7,2.681,27.4,133.75,70.0,2726
2015-05-24,65.19380952,21.6,0.0,0.0,148.63,3792.9176458359616,207.228,4057.715835,85.5,34.25806452,3.768367831,2.11,0,5.8,2.681,27.3,133.75,70.0,2667
2015-05-25,65.19380952,21.62,0.0,0.0,147.359,3792.9176458359616,206.383,4057.715835,81.875,34.22580645,3.768367831,2.097,0,1.3,2.639,28.0,133.95,69.57142857,2673
2015-05-26,65.19380952,21.61,0.0,0.0,147.044,3820.328639080082,205.757,4057.715835,87.29166667,34.19354839,3.768367831,2.099,0,6.4,2.593,27.5,134.15,69.14285714,2625
2015-05-27,65.19380952,21.61,0.0,0.0,145.868,3812.495271533787,205.241,4057.715835,83.41666667,34.16129032,3.768367831,2.102,0,3.3,2.547,27.8,134.0,68.71428571,2843
2015-05-28,65.19380952,21.62,0.0,0.0,146.127,3872.3038860037173,204.892,4057.715835,84.16666667,34.12903226,3.768367831,2.102,0,2.6,2.559,27.9,134.0,68.28571429,2838
2015-05-29,65.19380952,21.61,0.0,0.0,146.724,3812.495271533787,203.618,4057.715835,88.20833333,34.09677419,3.768367831,2.106,0,6.9,2.498,27.5,134.0,67.85714286,2837
2015-05-30,65.19380952,21.61,0.0,0.0,146.724,3792.9176458359616,203.618,4057.715835,90.33333333,34.06451613,3.768367831,2.106,0,11.5,2.498,27.1,134.0,67.42857143,2933
2015-05-31,65.19380952,21.61,0.0,0.0,146.724,3792.9176458359616,203.618,4057.715835,89.625,34.03225806,3.768367831,2.106,0,15.0,2.498,26.4,134.0,67.0,3215
2015-06-01,62.62,21.61,0.0,0.0,147.239,3827.647388880934,205.533,4057.715835,86.25,34.0,3.768367831,2.103,0,10.7,2.538,26.9,133.95,66.57142857,3246
2015-06-02,62.62,21.64,0.0,0.0,146.374,3820.328639080082,205.768,4057.715835,86.0,34.13333333,3.768367831,2.096,0,7.4,2.47,27.2,133.95,66.14285714,4345
2015-06-03,62.62,21.62,0.0,0.0,149.414,3827.647388880934,205.974,4057.715835,88.91666667,34.26666667,3.768367831,2.096,0,10.7,2.374,27.0,134.125,65.71428571,3833
2015-06-04,62.62,21.6,0.0,0.0,151.192,3827.647388880934,204.638,4057.715835,90.0,34.4,3.768367831,2.101,0,18.8,2.384,25.9,134.05,65.28571429,4153
2015-06-05,62.62,21.6,0.0,0.0,150.652,3792.9176458359616,205.735,4057.715835,87.41666667,34.53333333,3.768367831,2.096,0,7.9,2.393,26.6,134.0,64.85714286,4218
2015-06-06,62.62,21.6,0.0,0.0,150.652,3792.9176458359616,205.735,4057.715835,83.04166667,34.66666667,3.768367831,2.096,0,0.5,2.393,27.3,134.0,64.42857143,4637
2015-06-07,62.62,21.6,0.0,0.0,150.652,3872.3038860037173,205.735,4057.715835,81.625,34.8,3.768367831,2.096,0,0.8,2.393,27.8,134.0,64.0,4956
2015-06-08,62.62,21.58,0.0,0.0,148.914,3792.9176458359616,206.019,4057.715835,83.70833333,34.93333333,3.768367831,2.092,0,2.4,2.405,27.5,134.025,64.28571429,4698
2015-06-09,62.62,21.59,0.0,0.0,151.328,3827.647388880934,208.07,4057.715835,85.79166667,35.06666667,3.768367831,2.101,0,2.7,2.466,27.3,133.9,64.57142857,4658
2015-06-10,62.62,21.59,0.0,0.0,151.087,3792.9176458359616,207.903,4057.715835,83.70833333,35.2,3.768367831,2.095,0,1.2,2.445,27.5,133.975,64.85714286,4850
2015-06-11,62.62,21.62,0.0,0.0,151.747,3827.647388880934,208.795,4057.715835,87.875,35.33333333,3.768367831,2.094,0,12.3,2.449,26.5,133.975,65.14285714,4741
2015-06-12,62.62,21.61,0.0,0.0,150.829,3820.328639080082,209.366,4057.715835,86.33333333,35.46666667,3.768367831,2.094,0,6.2,2.462,26.6,134.2,65.42857143,4527
2015-06-13,62.62,21.61,0.0,0.0,150.829,3827.647388880934,209.366,4057.715835,85.70833333,35.6,3.768367831,2.094,0,2.8,2.462,27.0,134.2,65.71428571,4424
2015-06-14,62.62,21.61,0.0,0.0,150.829,3792.9176458359616,209.366,4057.715835,82.75,35.73333333,3.768367831,2.094,0,4.5,2.462,27.6,134.2,66.0,4344
2015-06-15,62.62,21.6,0.0,0.0,151.237,3812.495271533787,209.846,4057.715835,87.20833333,35.86666667,3.768367831,2.09,0,9.7,2.48,26.8,134.2,66.0,3985
2015-06-16,62.62,21.6,0.0,0.0,151.425,3872.3038860037173,212.313,4057.715835,87.54166667,36.0,3.768367831,2.095,0,13.1,2.5,26.8,134.1,66.0,3868
2015-06-17,62.62,21.63,0.0,0.0,150.829,3827.647388880934,213.282,4057.715835,87.95833333,36.13333333,3.768367831,2.112,0,16.4,2.511,26.5,134.1,66.0,3727
2015-06-18,62.62,21.63,0.0,0.0,152.036,3792.9176458359616,213.322,4057.715835,88.875,36.26666667,3.768367831,2.115,0,8.4,2.487,26.7,134.3,66.0,3536
2015-06-19,62.62,21.58,0.0,0.0,152.565,3872.3038860037173,212.095,4057.715835,85.875,36.4,3.768367831,2.11,0,3.6,2.484,27.3,134.3,66.0,3493
2015-06-20,62.62,21.58,0.0,0.0,152.565,3792.9176458359616,212.095,4057.715835,87.45833333,36.53333333,3.768367831,2.11,0,1.3,2.484,27.3,134.3,66.0,3299
2015-06-21,62.62,21.58,0.0,0.0,152.565,3792.9176458359616,212.095,4057.715835,86.83333333,36.66666667,3.768367831,2.11,0,2.6,2.484,27.4,134.3,66.0,3242
2015-06-22,62.62,21.59,0.0,0.0,152.471,3792.9176458359616,210.784,4057.715835,81.58333333,36.8,3.768367831,2.107,0,2.1,2.49,27.7,134.025,65.42857143,3288
2015-06-23,62.62,21.64,0.0,0.0,151.998,3827.647388880934,210.963,4057.715835,85.875,36.93333333,3.768367831,2.114,0,2.4,2.475,27.4,134.005,64.85714286,3118
2015-06-24,62.62,21.63,0.0,0.0,149.683,3792.9176458359616,211.507,4057.715835,85.75,37.06666667,3.768367831,2.115,0,1.7,2.454,27.7,134.32,64.28571429,2990
2015-06-25,62.62,21.55,0.0,0.0,150.505,3827.647388880934,210.817,4057.715835,87.375,37.2,3.768367831,2.109,0,2.6,2.443,27.4,134.32,63.71428571,2956
2015-06-26,62.62,21.56,0.0,0.0,150.499,3820.328639080082,210.66,4057.715835,86.5,37.33333333,3.768367831,2.101,0,9.0,2.402,27.0,133.835,63.14285714,3091
2015-06-27,62.62,21.56,0.0,0.0,150.499,3827.647388880934,210.66,4057.715835,90.75,37.46666667,3.768367831,2.101,0,30.5,2.402,26.2,133.835,62.57142857,3111
2015-06-28,62.62,21.56,0.0,0.0,150.499,3872.3038860037173,210.66,4057.715835,90.45833333,37.6,3.768367831,2.101,0,18.8,2.402,25.8,133.835,62.0,3319
2015-06-29,62.62,21.6,0.0,0.0,149.44,3872.3038860037173,210.374,4057.715835,90.0,37.73333333,3.768367831,2.106,0,14.4,2.421,25.8,133.85,63.28571429,3308
2015-06-30,62.62,21.59,0.0,0.0,150.394,3872.3038860037173,209.149,4057.715835,89.45833333,37.86666667,3.768367831,2.107,0,13.5,2.399,26.2,133.915,64.57142857,3506
2015-07-01,56.82956522,21.54,0.0,0.0,149.147,3812.495271533787,208.615,4057.715835,85.58333333,38.0,3.768367831,2.111,0,2.2,2.408,27.1,133.915,65.85714286,7226
2015-07-02,56.82956522,21.54,0.0,0.0,148.023,3827.647388880934,208.1,4057.715835,88.08333333,37.83870968,3.768367831,2.108,0,1.6,2.389,27.1,133.65,67.14285714,5548
2015-07-03,56.82956522,21.57,0.0,0.0,148.144,3827.647388880934,208.995,4057.715835,86.83333333,37.67741935,3.768367831,2.117,0,7.9,2.355,27.1,133.65,68.42857143,5834
2015-07-04,56.82956522,21.57,0.0,0.0,148.144,3827.647388880934,208.995,4057.715835,88.29166667,37.51612903,3.768367831,2.117,0,13.3,2.355,26.7,133.65,69.71428571,6091
2015-07-05,56.82956522,21.57,0.0,0.0,148.144,3812.495271533787,208.995,4057.715835,86.0,37.35483871,3.768367831,2.117,0,8.4,2.355,27.0,133.65,71.0,6491
2015-07-06,56.82956522,21.57,0.0,0.0,148.539,3827.647388880934,207.061,4057.715835,81.375,37.19354839,3.768367831,2.11,0,3.0,2.363,27.6,133.915,71.14285714,6930
2015-07-07,56.82956522,21.53,0.0,0.0,148.07,3827.647388880934,205.334,4057.715835,81.04166667,37.03225806,3.768367831,2.106,0,1.5,2.325,27.4,133.92,71.28571429,7448
2015-07-08,56.82956522,21.53,0.0,0.0,147.48,3812.495271533787,205.577,4057.715835,80.70833333,36.87096774,3.768367831,2.111,0,1.9,2.338,27.4,133.655,71.42857143,7536
2015-07-09,56.82956522,21.53,0.0,0.0,148.077,3872.3038860037173,207.506,4057.715835,80.66666667,36.70967742,3.768367831,2.11,0,1.7,2.372,27.3,133.665,71.57142857,7487
2015-07-10,56.82956522,21.57,0.0,0.0,147.546,3872.3038860037173,207.391,4057.715835,87.91666667,36.5483871,3.768367831,2.11,0,16.3,2.368,26.5,133.655,71.71428571,6785
2015-07-11,56.82956522,21.57,0.0,0.0,147.546,3792.9176458359616,207.391,4057.715835,88.70833333,36.38709677,3.768367831,2.11,0,25.7,2.368,26.2,133.655,71.85714286,6661
2015-07-12,56.82956522,21.57,0.0,0.0,147.546,3820.328639080082,207.391,4057.715835,85.45833333,36.22580645,3.768367831,2.11,0,2.0,2.368,27.4,133.655,72.0,6478
2015-07-13,56.82956522,21.57,0.0,0.0,149.219,3812.495271533787,209.366,4057.715835,82.5,36.06451613,3.768367831,2.116,0,2.3,2.374,27.5,133.9,71.71428571,6405
2015-07-14,56.82956522,21.56,0.0,0.0,147.337,3827.647388880934,209.301,4057.715835,85.04166667,35.90322581,3.768367831,2.108,0,3.6,2.354,27.5,133.9,71.42857143,5924
2015-07-15,56.82956522,21.53,0.0,0.0,147.444,3812.495271533787,208.645,4057.715835,85.625,35.74193548,3.768367831,2.106,0,10.2,2.347,27.0,133.85,71.14285714,5819
2015-07-16,56.82956522,21.53,0.0,0.0,146.546,3820.328639080082,208.669,4057.715835,85.375,35.58064516,3.768367831,2.106,0,2.4,2.348,26.9,133.665,70.85714286,5514
2015-07-17,56.82956522,21.55,0.0,0.0,145.368,3812.495271533787,208.344,4057.715835,86.75,35.41935484,3.768367831,2.105,0,15.7,2.339,26.1,133.685,70.57142857,5186
2015-07-18,56.82956522,21.55,0.0,0.0,145.368,3820.328639080082,208.344,4057.715835,85.95833333,35.25806452,3.768367831,2.105,0,5.3,2.339,26.7,133.685,70.28571429,6280
2015-07-19,56.82956522,21.55,0.0,0.0,145.368,3872.3038860037173,208.344,4057.715835,88.16666667,35.09677419,3.768367831,2.105,0,6.7,2.339,26.7,133.685,70.0,4679
2015-07-20,56.82956522,21.56,0.0,0.0,144.761,3792.9176458359616,208.259,4057.715835,84.75,34.93548387,3.768367831,2.105,0,0.7,2.351,26.4,133.85,71.0,4562
2015-07-21,56.82956522,21.56,0.0,0.0,144.919,3792.9176458359616,209.04,4057.715835,87.20833333,34.77419355,3.768367831,2.106,0,7.3,2.35,26.6,133.855,72.0,4205
2015-07-22,56.82956522,21.57,0.0,0.0,146.397,3812.495271533787,207.749,4057.715835,88.75,34.61290323,3.768367831,2.095,0,27.5,2.321,26.0,133.88,73.0,4262
2015-07-23,56.82956522,21.53,0.0,0.0,146.377,3872.3038860037173,207.423,4057.715835,85.45833333,34.4516129,3.768367831,2.086,0,5.8,2.287,26.1,133.915,74.0,4405
2015-07-24,56.82956522,21.53,0.0,0.0,147.072,3827.647388880934,208.025,4057.715835,84.29166667,34.29032258,3.768367831,2.083,0,10.6,2.228,26.4,133.7,75.0,4376
2015-07-25,56.82956522,21.53,0.0,0.0,147.072,3820.328639080082,208.025,4057.715835,87.08333333,34.12903226,3.768367831,2.083,0,7.1,2.228,26.3,133.7,76.0,4177
2015-07-26,56.82956522,21.53,0.0,0.0,147.072,3827.647388880934,208.025,4057.715835,87.0,33.96774194,3.768367831,2.083,0,9.6,2.228,26.2,133.7,77.0,4231
2015-07-27,56.82956522,21.53,0.0,0.0,146.857,3827.647388880934,208.763,4057.715835,84.83333333,33.80645161,3.768367831,2.096,0,0.3,2.233,26.7,133.705,76.71428571,4179
2015-07-28,56.82956522,21.54,0.0,0.0,148.326,3872.3038860037173,208.718,4057.715835,84.29166667,33.64516129,3.768367831,2.096,0,1.6,2.286,26.6,133.715,76.42857143,4248
2015-07-29,56.82956522,21.54,0.0,0.0,147.889,3792.9176458359616,208.678,4057.715835,82.5,33.48387097,3.768367831,2.085,0,1.3,2.239,26.7,133.755,76.14285714,4525
2015-07-30,56.82956522,21.54,0.0,0.0,146.943,3812.495271533787,209.018,4057.715835,80.54166667,33.32258065,3.768367831,2.091,0,2.7,2.167,26.9,133.755,75.85714286,4904
2015-07-31,56.82956522,21.54,0.0,0.0,146.234,4349.403980166176,208.529,4057.715835,80.75,33.16129032,3.768367831,2.085,0,3.1,2.105,26.8,133.78,75.57142857,7408
2015-08-01,47.53380952,21.54,0.0,0.0,146.234,4205.408305482472,208.529,4057.715835,81.66666667,33.0,3.768367831,2.085,0,1.4,2.105,26.8,133.78,75.28571429,5278
2015-08-02,47.53380952,21.54,0.0,0.0,146.234,4205.408305482472,208.529,4057.715835,86.54166667,33.12903226,3.768367831,2.085,0,4.2,2.105,26.4,133.78,75.0,5162
2015-08-03,47.53380952,21.54,0.0,0.0,146.998,4365.037166085946,208.229,4057.715835,87.16666667,33.25806452,3.768367831,2.097,0,14.8,2.129,26.1,133.78,74.85714286,5523
2015-08-04,47.53380952,21.55,0.0,0.0,146.495,4205.408305482472,208.824,4057.715835,86.125,33.38709677,3.768367831,2.101,0,6.9,2.106,26.5,133.785,74.71428571,5528
2015-08-05,47.53380952,21.55,0.0,0.0,145.584,4205.50012904891,207.566,4057.715835,89.20833333,33.51612903,3.768367831,2.1,0,12.3,2.092,25.5,133.84,74.57142857,6048
2015-08-06,47.53380952,21.55,0.0,0.0,145.966,4365.037166085946,207.382,4057.715835,82.54166667,33.64516129,3.768367831,2.1,0,3.4,2.09,27.1,133.81,74.42857143,6656
2015-08-07,47.53380952,21.56,0.0,0.0,146.187,4349.403980166176,208.7,4057.715835,84.625,33.77419355,3.768367831,2.099,0,1.2,2.124,27.2,133.825,74.28571429,6460
2015-08-08,47.53380952,21.56,0.0,0.0,146.187,4561.857285074308,208.7,4057.715835,81.83333333,33.90322581,3.768367831,2.099,0,5.0,2.124,27.3,133.825,74.14285714,7013
2015-08-09,47.53380952,21.56,0.0,0.0,146.187,3827.647388880934,208.7,4057.715835,86.04166667,34.03225806,3.768367831,2.099,0,10.4,2.124,26.9,133.825,74.0,6116
2015-08-10,47.53380952,21.16,0.0,0.0,146.786,3792.9176458359616,208.445,4057.715835,87.5,34.16129032,3.768367831,2.081,0,11.6,2.084,26.7,133.855,73.42857143,5990
2015-08-11,47.53380952,20.96,0.0,0.0,147.501,3792.9176458359616,209.078,4057.715835,86.375,34.29032258,3.768367831,2.065,0,1.6,2.077,26.9,133.85,72.85714286,6019
2015-08-12,47.53380952,20.91,0.0,0.0,147.777,3792.9176458359616,208.913,4057.715835,85.375,34.41935484,3.768367831,2.052,0,1.5,2.067,27.0,133.9,72.28571429,6042
2015-08-13,47.53380952,21.01,0.0,0.0,149.385,3827.647388880934,210.071,4057.715835,86.58333333,34.5483871,3.768367831,2.062,0,1.6,2.07,27.3,133.82,71.71428571,5765
2015-08-14,47.53380952,20.96,0.0,0.0,149.196,3827.647388880934,208.916,4057.715835,83.04166667,34.67741935,3.768367831,2.049,0,0.7,2.053,27.2,134.295,71.14285714,5832
2015-08-15,47.53380952,20.96,0.0,0.0,149.196,3872.3038860037173,208.916,4057.715835,85.95833333,34.80645161,3.768367831,2.049,0,4.5,2.053,27.1,134.295,70.57142857,5564
2015-08-16,47.53380952,20.96,0.0,0.0,149.196,3872.3038860037173,208.916,4057.715835,86.79166667,34.93548387,3.768367831,2.049,0,5.5,2.053,26.8,134.295,70.0,5436
2015-08-17,47.53380952,20.93,0.0,0.0,149.154,3827.647388880934,209.576,4057.715835,90.625,35.06451613,3.768367831,2.045,0,18.0,2.033,26.1,134.05,70.57142857,5025
2015-08-18,47.53380952,20.94,0.0,0.0,148.5,3792.9176458359616,210.012,4057.715835,85.95833333,35.19354839,3.768367831,2.057,0,3.1,2.011,26.4,133.82,71.14285714,5168
2015-08-19,47.53380952,20.97,0.0,0.0,147.483,3792.9176458359616,210.219,4057.715835,83.75,35.32258065,3.768367831,2.048,0,0.7,1.974,26.9,133.94,71.71428571,5181
2015-08-20,47.53380952,20.99,0.0,0.0,148.935,3820.328639080082,210.481,4057.715835,85.41666667,35.4516129,3.768367831,2.031,0,6.1,1.942,26.8,134.0,72.28571429,5060
2015-08-21,47.53380952,20.97,0.0,0.0,150.637,3827.647388880934,211.867,4057.715835,83.29166667,35.58064516,3.768367831,2.01,0,0.9,1.894,27.4,134.09,72.85714286,5086
2015-08-22,47.53380952,20.97,0.0,0.0,150.637,3872.3038860037173,211.867,4057.715835,86.125,35.70967742,3.768367831,2.01,0,5.9,1.894,27.0,134.09,73.42857143,4931
2015-08-23,47.53380952,20.97,0.0,0.0,150.637,3792.9176458359616,211.867,4057.715835,87.08333333,35.83870968,3.768367831,2.01,0,2.9,1.894,26.8,134.09,74.0,4744
2015-08-24,47.53380952,20.95,0.0,0.0,152.721,3792.9176458359616,210.814,4057.715835,89.70833333,35.96774194,3.768367831,2.027,0,8.7,1.949,26.2,134.305,73.71428571,4446
2015-08-25,47.53380952,20.96,0.0,0.0,156.089,3792.9176458359616,207.731,4057.715835,88.75,36.09677419,3.768367831,2.036,0,6.3,1.949,26.4,134.375,73.42857143,4632
2015-08-26,47.53380952,20.97,0.0,0.0,154.767,3872.3038860037173,206.884,4057.715835,87.70833333,36.22580645,3.768367831,2.037,0,4.6,2.031,26.6,134.375,73.14285714,4481
2015-08-27,47.53380952,21.04,0.0,0.0,152.046,3827.647388880934,206.875,4057.715835,87.33333333,36.35483871,3.768367831,2.032,0,5.3,2.061,26.3,134.34,72.85714286,4321
2015-08-28,47.53380952,21.11,0.0,0.0,151.072,3792.9176458359616,206.517,4057.715835,88.79166667,36.48387097,3.768367831,2.027,0,14.3,2.108,25.7,134.4,72.57142857,4155
2015-08-29,47.53380952,21.11,0.0,0.0,151.072,3812.495271533787,206.517,4057.715835,85.875,36.61290323,3.768367831,2.027,0,9.6,2.108,26.6,134.4,72.28571429,5514
2015-08-30,47.53380952,21.11,0.0,0.0,151.072,3872.3038860037173,206.517,4057.715835,89.04166667,36.74193548,3.768367831,2.027,0,7.5,2.108,26.0,134.4,72.0,4548
2015-08-31,47.53380952,21.15,0.0,0.0,150.252,3827.647388880934,205.985,4057.715835,85.20833333,36.87096774,3.768367831,2.028,0,2.1,2.035,27.0,134.6,72.42857143,4886
2015-09-01,48.03045455,21.17,0.0,0.0,150.947,3812.495271533787,205.875,4057.715835,88.16666667,37.0,3.768367831,2.032,0,2.6,2.009,26.5,134.6,72.85714286,4427
2015-09-02,48.03045455,21.22,0.0,0.0,152.293,3792.9176458359616,205.786,4057.715835,85.58333333,37.0,3.768367831,2.041,0,5.3,2.029,27.1,134.55,73.28571429,4631
2015-09-03,48.03045455,21.67,0.0,0.0,151.059,3827.647388880934,208.988,4057.715835,89.33333333,37.0,3.768367831,2.066,0,9.6,2.011,26.2,134.875,73.71428571,4775
2015-09-04,48.03045455,21.6,0.0,0.0,150.028,3820.328639080082,210.001,4057.715835,86.95833333,37.0,3.768367831,2.056,0,11.4,1.99,26.0,137.75,74.14285714,5054
2015-09-05,48.03045455,21.6,0.0,0.0,150.028,3812.495271533787,210.001,4057.715835,88.5,37.0,3.768367831,2.056,0,9.1,1.99,26.0,137.75,74.57142857,5237
2015-09-06,48.03045455,21.6,0.0,0.0,150.028,3827.647388880934,210.001,4057.715835,84.58333333,37.0,3.768367831,2.056,0,0.4,1.99,26.6,137.75,75.0,5726
2015-09-07,48.03045455,21.73,0.0,0.0,153.55,3792.9176458359616,213.042,4057.715835,86.83333333,37.0,3.768367831,2.087,0,5.0,2.034,26.0,137.525,74.57142857,5844
2015-09-08,48.03045455,21.77,0.0,0.0,153.581,3827.647388880934,213.375,4057.715835,86.375,37.0,3.768367831,2.085,0,6.3,2.029,26.2,138.375,74.14285714,6087
2015-09-09,48.03045455,21.79,0.0,0.0,154.973,3820.328639080082,214.654,4057.715835,84.16666667,37.0,3.768367831,2.096,0,1.6,2.055,26.7,138.875,73.71428571,6254
2015-09-10,48.03045455,21.82,0.0,0.0,155.609,4065.1824516946467,214.586,4057.715835,87.91666667,37.0,3.768367831,2.1,0,10.9,2.051,26.1,138.975,73.28571429,6156
2015-09-11,48.03045455,21.95,0.0,0.0,156.757,4214.667247386759,215.656,4057.715835,88.0,37.0,3.768367831,2.11,0,12.0,2.066,26.0,139.075,72.85714286,6091
2015-09-12,48.03045455,21.95,0.0,0.0,156.757,4065.1824516946467,215.656,4057.715835,87.875,37.0,3.768367831,2.11,0,12.7,2.066,26.6,139.075,72.42857143,5794
2015-09-13,48.03045455,21.95,0.0,0.0,156.757,3792.9176458359616,215.656,4057.715835,89.20833333,37.0,3.768367831,2.11,0,7.5,2.066,26.6,139.075,72.0,5412
2015-09-14,48.03045455,21.97,0.0,0.0,157.704,3792.9176458359616,214.711,4057.715835,86.25,37.0,3.768367831,2.106,0,7.2,2.094,26.8,139.8,72.85714286,5242
2015-09-15,48.03045455,22.13,0.0,0.0,158.26,3820.328639080082,218.413,4057.715835,89.375,37.0,3.768367831,2.129,0,14.0,2.151,26.0,139.95,73.71428571,4954
2015-09-16,48.03045455,22.07,0.0,0.0,157.674,3827.647388880934,219.062,4057.715835,88.20833333,37.0,3.768367831,2.127,0,5.3,2.147,26.4,140.975,74.57142857,4790
2015-09-17,48.03045455,22.08,0.0,0.0,159.154,3812.495271533787,218.31,4057.715835,89.33333333,37.0,3.768367831,2.134,0,15.6,2.115,26.2,140.505,75.42857143,4639
2015-09-18,48.03045455,22.12,0.0,0.0,160.689,3820.328639080082,218.462,4057.715835,88.375,37.0,3.768367831,2.145,0,13.9,2.132,26.2,140.555,76.28571429,4492
2015-09-19,48.03045455,22.12,0.0,0.0,160.689,3872.3038860037173,218.462,4057.715835,89.29166667,37.0,3.768367831,2.145,0,15.4,2.132,26.2,140.555,77.14285714,4379
2015-09-20,48.03045455,22.12,0.0,0.0,160.689,3812.495271533787,218.462,4057.715835,86.375,37.0,3.768367831,2.145,0,17.4,2.132,26.8,140.555,78.0,4258
2015-09-21,48.03045455,22.11,0.0,0.0,158.904,3827.647388880934,216.592,4057.715835,86.75,37.0,3.768367831,2.139,0,4.2,2.135,26.8,140.875,76.85714286,3956
2015-09-22,48.03045455,22.09,0.0,0.0,157.632,3812.495271533787,214.969,4057.715835,83.91666667,37.0,3.768367831,2.131,0,1.9,2.118,27.1,140.955,75.71428571,3912
2015-09-23,48.03045455,22.04,0.0,0.0,156.742,3872.3038860037173,214.388,4057.715835,89.625,37.0,3.768367831,2.128,0,25.2,2.127,26.2,141.005,74.57142857,3662
2015-09-24,48.03045455,22.12,0.0,0.0,157.735,3872.3038860037173,214.066,4057.715835,87.66666667,37.0,3.768367831,2.131,0,14.6,2.153,26.2,140.665,73.42857143,4587
2015-09-25,48.03045455,22.15,0.0,0.0,157.967,3872.3038860037173,214.022,4057.715835,89.625,37.0,3.768367831,2.129,0,18.9,2.13,25.7,141.0,72.28571429,3548
2015-09-26,48.03045455,22.15,0.0,0.0,157.967,3872.3038860037173,214.022,4057.715835,90.875,37.0,3.768367831,2.129,0,21.2,2.13,25.4,141.0,71.14285714,3589
2015-09-27,48.03045455,22.15,0.0,0.0,157.967,3820.328639080082,214.022,4057.715835,89.04166667,37.0,3.768367831,2.129,0,11.4,2.13,25.9,141.0,70.0,4591
2015-09-28,48.03045455,22.17,0.0,0.0,157.843,3812.495271533787,213.735,4057.715835,89.95833333,37.0,3.768367831,2.143,0,13.5,2.13,25.7,141.05,69.0,3597
2015-09-29,48.03045455,22.18,0.0,0.0,158.618,3812.495271533787,213.319,4057.715835,92.875,37.0,3.768367831,2.152,0,20.7,2.158,24.6,141.07,68.0,3726
2015-09-30,48.03045455,22.18,0.0,0.0,158.69,3872.3038860037173,213.34,4057.715835,92.33333333,37.0,3.768367831,2.148,0,25.2,2.152,24.8,141.0,67.0,3964
2015-10-01,48.90636364,22.22,0.0,0.0,157.596,3820.328639080082,214.446,4057.715835,86.95833333,37.0,3.768367831,2.161,0,9.9,2.137,25.9,141.0,66.0,4690
2015-10-02,48.90636364,22.22,0.0,0.0,157.863,3872.3038860037173,213.93,4057.715835,84.625,37.0,3.768367831,2.169,0,3.3,2.19,26.8,141.25,65.0,4553
2015-10-03,48.90636364,22.22,0.0,0.0,157.863,3872.3038860037173,213.93,4057.715835,88.79166667,37.0,3.768367831,2.169,0,2.0,2.19,26.9,141.25,64.0,4437
2015-10-04,48.90636364,22.22,0.0,0.0,157.863,3827.647388880934,213.93,4057.715835,88.25,37.0,3.768367831,2.169,0,9.0,2.19,26.7,141.25,63.0,4691
2015-10-05,48.90636364,22.13,0.0,0.0,158.334,3872.3038860037173,214.169,4057.715835,91.95833333,37.0,3.768367831,2.16,0,15.0,2.223,25.7,141.25,63.57142857,4715
2015-10-06,48.90636364,22.18,0.0,0.0,157.995,3872.3038860037173,215.991,4057.715835,87.58333333,37.0,3.768367831,2.172,0,3.7,2.28,26.8,140.655,64.14285714,4813
2015-10-07,48.90636364,22.19,0.0,0.0,158.54,3792.9176458359616,216.421,4057.715835,88.91666667,37.0,3.768367831,2.175,0,5.9,2.297,26.5,141.0,64.71428571,4908
2015-10-08,48.90636364,22.22,0.0,0.0,158.421,3827.647388880934,215.786,4057.715835,86.54166667,37.0,3.768367831,2.177,0,1.3,2.281,26.7,141.0,65.28571429,5211
2015-10-09,48.90636364,22.2,0.0,0.0,159.034,3820.328639080082,215.367,4057.715835,83.75,37.0,3.768367831,2.166,0,4.2,2.276,26.2,141.0,65.85714286,5549
2015-10-10,48.90636364,22.2,0.0,0.0,159.034,3827.647388880934,215.367,4057.715835,82.875,37.0,3.768367831,2.166,0,6.5,2.276,26.4,141.0,66.42857143,5676
2015-10-11,48.90636364,22.2,0.0,0.0,159.034,3827.647388880934,215.367,4057.715835,84.375,37.0,3.768367831,2.166,0,1.8,2.276,26.9,141.0,67.0,5384
2015-10-12,48.90636364,22.23,0.0,0.0,160.148,3820.328639080082,214.969,4057.715835,87.33333333,37.0,3.768367831,2.166,0,7.3,2.235,26.5,140.35,67.28571429,5212
2015-10-13,48.90636364,22.21,0.0,0.0,159.375,3812.495271533787,218.233,4057.715835,87.58333333,37.0,3.768367831,2.178,0,19.3,2.249,26.2,141.0,67.57142857,4989
2015-10-14,48.90636364,22.22,0.0,0.0,160.472,3812.495271533787,217.974,4057.715835,88.45833333,37.0,3.768367831,2.177,0,10.7,2.295,26.2,141.0,67.85714286,4688
2015-10-15,48.90636364,22.2,0.0,0.0,161.776,3827.647388880934,217.671,4057.715835,86.58333333,37.0,3.768367831,2.18,0,13.9,2.306,26.3,141.02,68.14285714,4649
2015-10-16,48.90636364,22.17,0.0,0.0,160.523,3872.3038860037173,218.046,4057.715835,86.66666667,37.0,3.768367831,2.172,0,35.8,2.257,26.4,141.02,68.42857143,4476
2015-10-17,48.90636364,22.17,0.0,0.0,160.523,3820.328639080082,218.046,4057.715835,87.625,37.0,3.768367831,2.172,0,94.7,2.257,26.4,141.02,68.71428571,4235
2015-10-18,48.90636364,22.17,0.0,0.0,160.523,3792.9176458359616,218.046,4057.715835,89.0,37.0,3.768367831,2.172,0,22.0,2.257,26.1,141.02,69.0,4049
2015-10-19,48.90636364,22.21,0.0,0.0,160.008,3872.3038860037173,217.749,4057.715835,88.16666667,37.0,3.768367831,2.169,0,44.0,2.275,26.2,141.02,68.14285714,3855
2015-10-20,48.90636364,22.22,0.0,0.0,159.698,3872.3038860037173,217.492,4057.715835,88.70833333,37.0,3.768367831,2.165,0,25.3,2.256,26.3,141.02,67.28571429,3725
2015-10-21,48.90636364,22.19,0.0,0.0,160.016,3872.3038860037173,217.178,4057.715835,88.25,37.0,3.768367831,2.175,0,21.2,2.262,26.5,141.05,66.42857143,3629
2015-10-22,48.90636364,22.21,0.0,0.0,159.937,3827.647388880934,215.958,4057.715835,89.45833333,37.0,3.768367831,2.173,0,12.4,2.268,26.3,141.075,65.57142857,3392
2015-10-23,48.90636364,22.21,0.0,0.0,156.685,3820.328639080082,216.596,4057.715835,89.16666667,37.0,3.768367831,2.174,0,16.6,2.239,26.2,141.02,64.71428571,3205
2015-10-24,48.90636364,22.21,0.0,0.0,156.685,3792.9176458359616,216.596,4057.715835,91.95833333,37.0,3.768367831,2.174,0,83.2,2.239,25.6,141.02,63.85714286,3109
2015-10-25,48.90636364,22.21,0.0,0.0,156.685,3812.495271533787,216.596,4057.715835,92.25,37.0,3.768367831,2.174,0,48.6,2.239,25.1,141.02,63.0,3162
2015-10-26,48.90636364,22.21,0.0,0.0,155.368,3820.328639080082,215.842,4057.715835,88.33333333,37.0,3.768367831,2.167,0,7.2,2.157,25.6,141.105,63.14285714,3372
2015-10-27,48.90636364,22.19,0.0,0.0,156.012,3792.9176458359616,215.348,4057.715835,91.625,37.0,3.768367831,2.172,0,32.9,2.205,24.4,141.11,63.28571429,4239
2015-10-28,48.90636364,22.2,0.0,0.0,155.906,3812.495271533787,216.039,4057.715835,88.25,37.0,3.768367831,2.156,0,4.2,2.192,25.5,141.11,63.42857143,3444
2015-10-29,48.90636364,22.33,0.0,0.0,154.099,3820.328639080082,217.711,4057.715835,88.16666667,37.0,3.768367831,2.157,0,3.7,2.203,25.7,141.105,63.57142857,3401
2015-10-30,48.90636364,22.27,0.0,0.0,154.884,3792.9176458359616,217.534,4057.715835,90.91666667,37.0,3.768367831,2.152,0,9.5,2.216,25.6,141.105,63.71428571,3290
2015-10-31,48.90636364,22.27,0.0,0.0,154.884,3827.647388880934,217.534,4057.715835,89.75,37.0,3.768367831,2.152,0,6.5,2.216,25.8,141.105,63.85714286,3532
2015-11-01,45.0952381,22.27,0.0,0.0,154.884,3812.495271533787,217.534,4057.715835,89.58333333,37.0,3.768367831,2.152,0,8.5,2.216,25.8,141.105,64.0,4980
2015-11-02,45.0952381,22.27,0.0,0.0,155.293,3820.328639080082,217.658,4057.715835,87.66666667,36.86666667,3.768367831,2.152,0,5.9,2.255,26.0,141.105,64.57142857,4964
2015-11-03,45.0952381,22.34,0.0,0.0,155.463,3827.647388880934,217.772,4057.715835,87.75,36.73333333,3.768367831,2.157,0,29.1,2.239,25.8,141.13,65.14285714,5255
2015-11-04,45.0952381,22.29,0.0,0.0,154.784,3820.328639080082,215.089,4057.715835,88.16666667,36.6,3.768367831,2.148,0,11.5,2.234,26.1,141.53,65.71428571,5318
2015-11-05,45.0952381,22.29,0.0,0.0,153.786,3827.647388880934,213.101,4057.715835,85.375,36.46666667,3.768367831,2.141,0,2.2,2.201,26.1,141.45,66.28571429,5816
2015-11-06,45.0952381,22.32,0.0,0.0,153.954,3872.3038860037173,214.633,4057.715835,88.29166667,36.33333333,3.768367831,2.136,0,18.0,2.197,25.8,141.6,66.85714286,5807
2015-11-07,45.0952381,22.32,0.0,0.0,153.954,3792.9176458359616,214.633,4057.715835,88.125,36.2,3.768367831,2.136,0,21.6,2.197,25.9,141.6,67.42857143,5974
2015-11-08,45.0952381,22.32,0.0,0.0,153.954,3827.647388880934,214.633,4057.715835,91.54166667,36.06666667,3.768367831,2.136,0,16.2,2.197,25.5,141.6,68.0,6002
2015-11-09,45.0952381,22.32,0.0,0.0,152.092,3872.3038860037173,214.662,4057.715835,88.41666667,35.93333333,3.768367831,2.145,0,22.6,2.203,26.0,142.0,68.0,5975
2015-11-10,45.0952381,22.27,0.0,0.0,152.643,3827.647388880934,215.714,4057.715835,88.41666667,35.8,3.768367831,2.146,0,9.0,2.17,26.0,142.0,68.0,7721
2015-11-11,45.0952381,22.29,0.0,0.0,152.274,3812.495271533787,216.281,4057.715835,91.0,35.66666667,3.768367831,2.15,0,7.1,2.13,25.7,141.8,68.0,6010
2015-11-12,45.0952381,22.29,0.0,0.0,152.35,3792.9176458359616,216.392,4057.715835,88.79166667,35.53333333,3.768367831,2.15,0,6.7,2.124,26.2,142.0,68.0,5819
2015-11-13,45.0952381,22.31,0.0,0.0,153.608,3820.328639080082,216.054,4057.715835,91.66666667,35.4,3.768367831,2.158,0,35.4,2.176,25.1,142.05,68.0,5457
2015-11-14,45.0952381,22.31,0.0,0.0,153.608,3792.9176458359616,216.054,4057.715835,91.33333333,35.26666667,3.768367831,2.158,0,16.6,2.176,24.9,142.05,68.0,5351
2015-11-15,45.0952381,22.31,0.0,0.0,153.608,3820.328639080082,216.054,4057.715835,93.58333333,35.13333333,3.768367831,2.158,0,23.2,2.176,24.8,142.05,68.0,5075
2015-11-16,45.0952381,22.32,0.0,0.0,153.123,3872.3038860037173,216.579,4057.715835,90.25,35.0,3.768367831,2.157,0,5.0,2.186,26.0,142.15,68.14285714,4714
2015-11-17,45.0952381,22.29,0.0,0.0,151.909,3872.3038860037173,216.899,4057.715835,89.29166667,34.86666667,3.768367831,2.156,0,5.0,2.195,26.3,142.35,68.28571429,4416
2015-11-18,45.0952381,22.3,0.0,0.0,151.524,3827.647388880934,217.661,4057.715835,86.33333333,34.73333333,3.768367831,2.154,0,1.0,2.207,26.6,142.35,68.42857143,4306
2015-11-19,45.0952381,22.27,0.0,0.0,151.738,3812.495271533787,216.031,4057.715835,87.95833333,34.6,3.768367831,2.153,0,2.2,2.199,26.3,142.35,68.57142857,4028
2015-11-20,45.0952381,22.35,0.0,0.0,152.798,3827.647388880934,215.978,4057.715835,84.25,34.46666667,3.768367831,2.151,0,7.8,2.168,26.6,142.205,68.71428571,4139
2015-11-21,45.0952381,22.35,0.0,0.0,152.798,3792.9176458359616,215.978,4057.715835,89.125,34.33333333,3.768367831,2.151,0,8.3,2.168,25.8,142.205,68.85714286,3857
2015-11-22,45.0952381,22.35,0.0,0.0,152.798,3792.9176458359616,215.978,4057.715835,89.25,34.2,3.768367831,2.151,0,18.0,2.168,26.0,142.205,69.0,3697
2015-11-23,45.0952381,22.37,0.0,0.0,151.392,3792.9176458359616,215.646,4057.715835,87.0,34.06666667,3.768367831,2.157,0,6.7,2.182,26.3,142.8,70.0,3493
2015-11-24,45.0952381,22.37,0.0,0.0,151.882,3820.328639080082,216.232,4057.715835,87.0,33.93333333,3.768367831,2.154,0,5.8,2.178,26.5,142.935,71.0,3415
2015-11-25,45.0952381,22.39,0.0,0.0,152.097,3820.328639080082,216.056,4057.715835,83.58333333,33.8,3.768367831,2.149,0,3.5,2.172,27.1,142.935,72.0,4422
2015-11-26,45.0952381,22.4,0.0,0.0,151.89,3812.495271533787,215.375,4057.715835,80.0,33.66666667,3.768367831,2.141,0,0.0,2.156,26.9,143.05,73.0,3670
2015-11-27,45.0952381,22.35,0.0,0.0,151.776,3792.9176458359616,215.278,4057.715835,80.20833333,33.53333333,3.768367831,2.151,0,0.0,2.155,27.0,143.225,74.0,3580
2015-11-28,45.0952381,22.35,0.0,0.0,151.776,3872.3038860037173,215.278,4057.715835,85.58333333,33.4,3.768367831,2.151,0,0.3,2.155,25.9,143.225,75.0,3637
2015-11-29,45.0952381,22.35,0.0,0.0,151.776,3792.9176458359616,215.278,4057.715835,86.75,33.26666667,3.768367831,2.151,0,31.9,2.155,25.4,143.225,76.0,3711
2015-11-30,45.0952381,22.34,0.0,0.0,151.719,3812.495271533787,215.629,4057.715835,89.75,33.13333333,3.768367831,2.152,0,5.8,2.144,25.8,142.98,75.71428571,3538
2015-12-01,38.52521739,22.34,0.0,0.0,151.052,3792.9176458359616,213.777,4057.715835,89.29166667,33.0,3.768367831,2.147,0,12.6,2.119,25.6,142.98,75.42857143,5210
2015-12-02,38.52521739,22.35,0.0,0.0,152.009,3792.9176458359616,216.529,4057.715835,90.91666667,33.16129032,3.768367831,2.141,0,16.2,2.12,25.4,142.98,75.14285714,5363
2015-12-03,38.52521739,22.34,0.0,0.0,151.774,3827.647388880934,216.079,4057.715835,90.75,33.32258065,3.768367831,2.146,0,8.5,2.101,25.8,142.98,74.85714286,5498
2015-12-04,38.52521739,22.31,0.0,0.0,156.384,3820.328639080082,215.228,4057.715835,89.04166667,33.48387097,3.768367831,2.141,0,12.5,2.067,25.8,142.98,74.57142857,6183
2015-12-05,38.52521739,22.31,0.0,0.0,156.384,3820.328639080082,215.228,4057.715835,90.70833333,33.64516129,3.768367831,2.141,0,12.5,2.067,25.8,142.98,74.28571429,6468
2015-12-06,38.52521739,22.31,0.0,0.0,156.384,3792.9176458359616,215.228,4057.715835,88.16666667,33.80645161,3.768367831,2.141,0,15.4,2.067,26.5,142.98,74.0,6829
2015-12-07,38.52521739,22.32,0.0,0.0,155.655,3827.647388880934,214.99,4057.715835,90.66666667,33.96774194,3.768367831,2.143,0,24.2,2.061,25.9,142.98,75.42857143,6987
2015-12-08,38.52521739,22.28,0.0,0.0,154.926,3820.328639080082,217.43,4057.715835,91.16666667,34.12903226,3.768367831,2.142,0,12.6,2.056,25.6,143.25,76.85714286,7217
2015-12-09,38.52521739,22.25,0.0,0.0,156.049,3820.328639080082,217.115,4057.715835,88.45833333,34.29032258,3.768367831,2.146,0,2.6,2.1,26.4,143.225,78.28571429,7295
2015-12-10,38.52521739,22.19,0.0,0.0,157.913,3827.647388880934,217.991,4057.715835,90.33333333,34.4516129,3.768367831,2.133,0,30.1,2.034,26.1,143.225,79.71428571,7623
2015-12-11,38.52521739,22.24,0.0,0.0,156.695,3872.3038860037173,217.515,4057.715835,89.125,34.61290323,3.768367831,2.141,0,5.7,2.038,26.0,143.25,81.14285714,7564
2015-12-12,38.52521739,22.24,0.0,0.0,156.695,3812.495271533787,217.515,4057.715835,88.33333333,34.77419355,3.768367831,2.141,0,15.3,2.038,26.0,143.25,82.57142857,7487
2015-12-13,38.52521739,22.24,0.0,0.0,156.695,3812.495271533787,217.515,4057.715835,86.875,34.93548387,3.768367831,2.141,0,6.3,2.038,26.3,143.25,84.0,7383
2015-12-14,38.52521739,22.23,0.0,0.0,157.424,3820.328639080082,216.036,4057.715835,87.66666667,35.09677419,3.768367831,2.148,0,9.3,2.052,26.3,143.65,86.28571429,6959
2015-12-15,38.52521739,22.2,0.0,0.0,157.9,3812.495271533787,215.601,4057.715835,84.33333333,35.25806452,3.768367831,2.162,0,4.8,2.044,26.7,143.65,88.57142857,7081
2015-12-16,38.52521739,22.12,0.0,0.0,156.974,3827.647388880934,213.741,4057.715835,86.875,35.41935484,3.768367831,2.16,0,35.3,2.011,26.0,143.7,90.85714286,7029
2015-12-17,38.52521739,22.15,0.0,0.0,156.812,3812.495271533787,213.841,4057.715835,83.33333333,35.58064516,3.768367831,2.167,0,0.8,2.021,26.2,143.445,93.14285714,6878
2015-12-18,38.52521739,22.16,0.0,0.0,155.286,3820.328639080082,213.793,4057.715835,89.54166667,35.74193548,3.768367831,2.168,0,32.5,2.017,25.6,143.57,95.42857143,6058
2015-12-19,38.52521739,22.16,0.0,0.0,155.286,3812.495271533787,213.793,4057.715835,87.75,35.90322581,3.768367831,2.168,0,3.2,2.017,25.6,143.57,97.71428571,6095
2015-12-20,38.52521739,22.16,0.0,0.0,155.286,3812.495271533787,213.793,4057.715835,85.33333333,36.06451613,3.768367831,2.168,0,2.8,2.017,26.3,143.57,100.0,5978
2015-12-21,38.52521739,22.19,0.0,0.0,156.032,3792.9176458359616,213.11,4057.715835,83.04166667,36.22580645,3.768367831,2.17,0,2.4,2.018,26.5,143.625,99.85714286,5892
2015-12-22,38.52521739,22.18,0.0,0.0,156.76,3820.328639080082,213.711,4057.715835,78.20833333,36.38709677,3.768367831,2.176,0,0.0,2.057,26.6,143.75,99.71428571,6095
2015-12-23,38.52521739,22.19,0.0,0.0,157.471,3820.328639080082,214.329,4057.715835,74.95833333,36.5483871,3.768367831,2.179,0,0.6,2.046,26.3,143.7,99.57142857,6529
2015-12-24,38.52521739,22.19,0.0,0.0,156.769,3812.495271533787,214.588,4057.715835,71.16666667,36.70967742,3.768367831,2.176,0,0.0,2.033,26.2,143.7,99.42857143,8501
2015-12-25,38.52521739,22.14,0.0,0.0,157.632,3812.495271533787,213.709,4057.715835,72.5,36.87096774,3.768367831,2.172,0,0.0,1.986,26.3,143.7,99.28571429,8389
2015-12-26,38.52521739,22.14,0.0,0.0,157.632,3812.495271533787,213.709,4057.715835,76.0,37.03225806,3.768367831,2.172,0,0.9,1.986,26.9,143.7,99.14285714,6217
2015-12-27,38.52521739,22.14,0.0,0.0,157.632,3812.495271533787,213.709,4057.715835,78.75,37.19354839,3.768367831,2.172,0,0.8,1.986,26.8,143.7,99.0,6127
2015-12-28,38.52521739,22.21,0.0,0.0,157.74,3872.3038860037173,213.367,4057.715835,82.58333333,37.35483871,3.768367831,2.175,0,5.9,1.992,27.0,143.65,97.57142857,5847
2015-12-29,38.52521739,22.19,0.0,0.0,157.555,3792.9176458359616,213.462,4057.715835,84.29166667,37.51612903,3.768367831,2.167,0,18.5,1.967,26.5,144.05,96.14285714,6029
2015-12-30,38.52521739,22.21,0.0,0.0,157.267,3812.495271533787,212.61,4057.715835,83.75,37.67741935,3.768367831,2.179,0,3.4,1.976,26.8,144.07,94.71428571,6282
2015-12-31,38.52521739,22.16,0.0,0.0,157.505,3792.9176458359616,212.224,4057.715835,77.45833333,37.83870968,3.768367831,2.173,0,0.0,1.971,27.2,144.25,93.28571429,7021
2016-01-01,32.0452381,22.08,0.0,0.0,156.663,3872.3038860037173,212.352,4149.191908,78.20833333,38.0,3.958888466,2.167,0,1.5,1.984,26.9,143.9,91.85714286,4986
2016-01-02,32.0452381,22.08,0.0,0.0,156.663,3792.9176458359616,212.352,4149.191908,81.5,38.09677419,3.958888466,2.167,0,2.5,1.984,26.4,143.9,90.42857143,4968
2016-01-03,32.0452381,22.08,0.0,0.0,156.663,3792.9176458359616,212.352,4149.191908,75.58333333,38.19354839,3.958888466,2.167,0,0.0,1.984,27.0,143.9,89.0,5492
2016-01-04,32.0452381,22.08,0.0,0.0,156.276,3812.495271533787,211.328,4149.191908,77.25,38.29032258,3.958888466,2.166,0,0.0,1.962,27.4,144.285,87.42857143,5434
2016-01-05,32.0452381,21.97,0.0,0.0,156.282,3820.328639080082,210.702,4149.191908,80.45833333,38.38709677,3.958888466,2.16,0,1.5,1.931,26.9,144.005,85.85714286,5743
2016-01-06,32.0452381,21.84,0.0,0.0,154.777,3827.647388880934,210.499,4149.191908,83.83333333,38.48387097,3.958888466,2.153,0,5.0,1.918,26.7,144.05,84.28571429,5772
2016-01-07,32.0452381,21.79,0.0,0.0,155.3,3820.328639080082,208.675,4149.191908,81.91666667,38.58064516,3.958888466,2.15,0,6.8,1.921,26.6,144.005,82.71428571,6131
2016-01-08,32.0452381,21.91,0.0,0.0,157.477,3792.9176458359616,209.318,4149.191908,73.95833333,38.67741935,3.958888466,2.156,0,2.5,1.885,27.1,143.72,81.14285714,7150
2016-01-09,32.0452381,21.91,0.0,0.0,157.477,3827.647388880934,209.318,4149.191908,71.875,38.77419355,3.958888466,2.156,0,0.6,1.885,27.4,143.72,79.57142857,7568
2016-01-10,32.0452381,21.91,0.0,0.0,157.477,3792.9176458359616,209.318,4149.191908,75.375,38.87096774,3.958888466,2.156,0,0.7,1.885,26.9,143.72,78.0,7369
2016-01-11,32.0452381,21.9,0.0,0.0,157.108,3872.3038860037173,207.965,4149.191908,69.5,38.96774194,3.958888466,2.15,0,0.0,1.871,27.6,143.94,78.42857143,7741
2016-01-12,32.0452381,21.9,0.0,0.0,156.319,3812.495271533787,207.476,4149.191908,67.08333333,39.06451613,3.958888466,2.152,0,0.0,1.879,27.2,143.945,78.85714286,7810
2016-01-13,32.0452381,21.82,0.0,0.0,156.296,3792.9176458359616,207.295,4149.191908,66.25,39.16129032,3.958888466,2.136,0,0.0,1.886,26.2,144.01,79.28571429,8038
2016-01-14,32.0452381,21.86,0.0,0.0,156.64,3792.9176458359616,205.237,4149.191908,66.41666667,39.25806452,3.958888466,2.124,0,0.0,1.851,26.3,143.815,79.71428571,7824
2016-01-15,32.0452381,21.9,0.0,0.0,156.262,3792.9176458359616,205.206,4149.191908,66.54166667,39.35483871,3.958888466,2.129,0,0.0,1.814,26.2,143.945,80.14285714,9696
2016-01-16,32.0452381,21.9,0.0,0.0,156.262,3827.647388880934,205.206,4149.191908,67.91666667,39.4516129,3.958888466,2.129,0,0.0,1.814,27.2,143.945,80.57142857,7053
2016-01-17,32.0452381,21.9,0.0,0.0,156.262,3812.495271533787,205.206,4149.191908,69.70833333,39.5483871,3.958888466,2.129,0,0.0,1.814,27.0,143.945,81.0,6653
2016-01-18,32.0452381,21.91,0.0,0.0,157.145,3812.495271533787,203.981,4149.191908,73.125,39.64516129,3.958888466,2.128,0,0.0,1.829,26.7,144.075,80.71428571,6055
2016-01-19,32.0452381,21.9,0.0,0.0,156.933,3872.3038860037173,204.478,4149.191908,74.25,39.74193548,3.958888466,2.12,0,0.0,1.771,27.2,144.115,80.42857143,5946
2016-01-20,32.0452381,21.89,0.0,0.0,157.208,3872.3038860037173,204.811,4149.191908,74.29166667,39.83870968,3.958888466,2.124,0,0.0,1.748,27.9,144.09,80.14285714,5740
2016-01-21,32.0452381,21.9,0.0,0.0,156.928,4320.6928437416245,205.516,4149.191908,72.0,39.93548387,3.958888466,2.133,0,0.2,1.843,28.4,144.025,79.85714286,5708
2016-01-22,32.0452381,21.91,0.0,0.0,156.613,4321.538997587778,205.428,4149.191908,71.45833333,40.03225806,3.958888466,2.128,0,0.1,1.801,28.1,144.065,79.57142857,5697
2016-01-23,32.0452381,21.91,0.0,0.0,156.613,4242.385151433932,205.428,4149.191908,76.29166667,40.12903226,3.958888466,2.128,0,1.6,1.801,27.7,144.065,79.28571429,6726
2016-01-24,32.0452381,21.91,0.0,0.0,156.613,4365.923612972393,205.428,4149.191908,76.5,40.22580645,3.958888466,2.128,0,5.2,1.801,28.0,144.065,79.0,5120
2016-01-25,32.0452381,21.92,0.0,0.0,155.548,3820.328639080082,207.057,4149.191908,78.54166667,40.32258065,3.958888466,2.13,0,7.0,1.829,27.9,144.17,80.71428571,4255
2016-01-26,32.0452381,21.91,0.0,0.0,156.411,3812.495271533787,205.119,4149.191908,74.29166667,40.41935484,3.958888466,2.115,0,0.8,1.846,28.2,144.27,82.42857143,4467
2016-01-27,32.0452381,21.9,0.0,0.0,156.843,3812.495271533787,206.806,4149.191908,65.54166667,40.51612903,3.958888466,2.116,0,0.0,1.886,27.9,144.11,84.14285714,5167
2016-01-28,32.0452381,21.94,0.0,0.0,156.979,3820.328639080082,205.534,4149.191908,67.41666667,40.61290323,3.958888466,2.125,0,0.0,1.91,26.7,143.995,85.85714286,5343
2016-01-29,32.0452381,21.87,0.0,0.0,157.516,3792.9176458359616,207.662,4149.191908,66.70833333,40.70967742,3.958888466,2.121,0,0.0,1.863,27.3,144.26,87.57142857,5448
2016-01-30,32.0452381,21.87,0.0,0.0,157.516,3812.495271533787,207.662,4149.191908,58.125,40.80645161,3.958888466,2.121,0,0.0,1.863,27.3,144.26,89.28571429,6575
2016-01-31,32.0452381,21.87,0.0,0.0,157.516,3812.495271533787,207.662,4149.191908,58.54166667,40.90322581,3.958888466,2.121,0,0.0,1.863,28.1,144.26,91.0,6605
2016-02-01,33.76238095,21.9,0.0,0.0,156.327,3820.328639080082,207.634,4149.191908,58.83333333,41.0,3.958888466,2.12,0,0.0,1.806,27.9,143.88,90.28571429,7610
2016-02-02,33.76238095,21.93,0.0,0.0,156.664,3820.328639080082,210.663,4149.191908,56.0,41.10344828,3.958888466,2.123,0,0.0,1.878,28.2,144.085,89.57142857,7696
2016-02-03,33.76238095,21.94,0.0,0.0,157.327,3872.3038860037173,210.111,4149.191908,52.83333333,41.20689655,3.958888466,2.132,0,0.0,1.878,27.8,144.25,88.85714286,8799
2016-02-04,33.76238095,21.92,0.0,0.0,160.175,3872.3038860037173,208.967,4149.191908,56.625,41.31034483,3.958888466,2.125,1,0.0,1.859,27.9,144.02,88.14285714,11183
2016-02-05,33.76238095,21.92,0.0,0.0,161.418,3872.3038860037173,207.937,4149.191908,62.66666667,41.4137931,3.958888466,2.118,0,0.0,1.851,28.3,144.09,87.42857143,8290
2016-02-06,33.76238095,21.92,0.0,0.0,161.418,3872.3038860037173,207.937,4149.191908,65.70833333,41.51724138,3.958888466,2.118,0,0.0,1.851,28.7,144.09,86.71428571,8240
2016-02-07,33.76238095,21.92,0.0,0.0,161.418,3820.328639080082,207.937,4149.191908,69.04166667,41.62068966,3.958888466,2.118,0,0.0,1.851,28.8,144.09,86.0,8103
2016-02-08,33.76238095,21.9,0.0,0.0,160.79,3872.3038860037173,208.317,4149.191908,70.375,41.72413793,3.958888466,2.12,0,0.0,1.805,28.9,144.08,86.42857143,8278
2016-02-09,33.76238095,21.89,0.0,0.0,161.334,3812.495271533787,209.001,4149.191908,73.75,41.82758621,3.958888466,2.121,0,2.0,1.809,28.3,143.945,86.85714286,8143
2016-02-10,33.76238095,21.9,0.0,0.0,162.557,3872.3038860037173,208.448,4149.191908,72.66666667,41.93103448,3.958888466,2.103,0,0.9,1.796,28.6,143.92,87.28571429,8579
2016-02-11,33.76238095,21.94,0.0,0.0,162.486,3820.328639080082,209.271,4149.191908,72.25,42.03448276,3.958888466,2.118,0,0.0,1.841,28.4,143.985,87.71428571,8193
2016-02-12,33.76238095,22.19,0.0,0.0,163.049,3820.328639080082,208.052,4149.191908,65.75,42.13793103,3.958888466,2.116,0,0.0,1.873,29.1,144.25,88.14285714,8325
2016-02-13,33.76238095,22.19,0.0,0.0,163.049,3827.647388880934,208.052,4149.191908,70.08333333,42.24137931,3.958888466,2.116,0,0.0,1.873,28.6,144.25,88.57142857,7864
2016-02-14,33.76238095,22.19,0.0,0.0,163.049,3872.3038860037173,208.052,4149.191908,67.04166667,42.34482759,3.958888466,2.116,0,0.0,1.873,28.9,144.25,89.0,7971
2016-02-15,33.76238095,22.1,0.0,0.0,162.433,3872.3038860037173,206.078,4149.191908,76.58333333,42.44827586,3.958888466,2.104,0,21.0,1.85,27.8,144.13,88.57142857,6954
2016-02-16,33.76238095,22.05,0.0,0.0,160.778,3792.9176458359616,205.841,4149.191908,73.20833333,42.55172414,3.958888466,2.107,0,1.0,1.919,27.6,144.055,88.14285714,6595
2016-02-17,33.76238095,22.1,0.0,0.0,160.535,3812.495271533787,206.546,4149.191908,76.33333333,42.65517241,3.958888466,2.102,0,5.7,1.879,27.7,143.98,87.71428571,6240
2016-02-18,33.76238095,22.08,0.0,0.0,160.221,3812.495271533787,207.49,4149.191908,79.54166667,42.75862069,3.958888466,2.101,0,4.4,1.87,27.7,144.07,87.28571429,5662
2016-02-19,33.76238095,22.08,0.0,0.0,160.019,3820.328639080082,203.767,4149.191908,81.0,42.86206897,3.958888466,2.101,0,2.3,1.92,27.3,144.025,86.85714286,5203
2016-02-20,33.76238095,22.08,0.0,0.0,160.019,3827.647388880934,203.767,4149.191908,83.25,42.96551724,3.958888466,2.101,0,7.0,1.92,27.0,144.025,86.42857143,5037
2016-02-21,33.76238095,22.08,0.0,0.0,160.019,3812.495271533787,203.767,4149.191908,77.58333333,43.06896552,3.958888466,2.101,0,0.0,1.92,28.0,144.025,86.0,5057
2016-02-22,33.76238095,22.06,0.0,0.0,160.365,3792.9176458359616,201.931,4149.191908,76.125,43.17241379,3.958888466,2.1,0,0.0,1.888,28.5,144.005,84.85714286,6253
2016-02-23,33.76238095,22.08,0.0,0.0,158.831,3820.328639080082,200.849,4149.191908,75.54166667,43.27586207,3.958888466,2.108,0,0.4,1.903,28.1,144.005,83.71428571,4884
2016-02-24,33.76238095,22.11,0.0,0.0,158.701,3872.3038860037173,201.71,4149.191908,71.95833333,43.37931034,3.958888466,2.101,0,0.0,1.919,28.3,144.215,82.57142857,5032
2016-02-25,33.76238095,22.12,0.0,0.0,158.824,3812.495271533787,200.637,4149.191908,76.79166667,43.48275862,3.958888466,2.104,0,9.5,1.897,28.2,144.46,81.42857143,4605
2016-02-26,33.76238095,22.1,0.0,0.0,159.245,3812.495271533787,201.609,4149.191908,77.0,43.5862069,3.958888466,2.124,0,0.0,1.925,28.4,144.65,80.28571429,4427
2016-02-27,33.76238095,22.1,0.0,0.0,159.245,3812.495271533787,201.609,4149.191908,73.25,43.68965517,3.958888466,2.124,0,0.8,1.925,28.4,144.65,79.14285714,4810
2016-02-28,33.76238095,22.1,0.0,0.0,159.245,3812.495271533787,201.609,4149.191908,70.41666667,43.79310345,3.958888466,2.124,0,0.1,1.925,29.0,144.65,78.0,5032
2016-02-29,33.76238095,22.06,0.0,0.0,158.161,3812.495271533787,201.626,4149.191908,74.54166667,43.89655172,3.958888466,2.134,0,3.1,1.969,28.8,144.875,79.14285714,4632
2016-03-01,39.79217391,22.07,0.0,0.0,157.523,3820.328639080082,203.568,4149.191908,73.875,44.0,3.958888466,2.146,0,1.5,1.97,28.5,144.55,80.28571429,6463
2016-03-02,39.79217391,22.15,0.0,0.0,157.082,3872.3038860037173,205.106,4149.191908,69.20833333,43.96774194,3.958888466,2.155,0,0.6,1.983,29.3,144.6,81.42857143,6886
2016-03-03,39.79217391,22.29,0.0,0.0,157.151,3827.647388880934,206.385,4149.191908,66.54166667,43.93548387,3.958888466,2.167,0,0.4,2.017,29.5,144.675,82.57142857,7036
2016-03-04,39.79217391,22.26,0.0,0.0,158.542,3820.328639080082,206.936,4149.191908,73.25,43.90322581,3.958888466,2.165,0,2.8,2.029,28.9,145.06,83.71428571,6646
2016-03-05,39.79217391,22.26,0.0,0.0,158.542,3792.9176458359616,206.936,4149.191908,76.75,43.87096774,3.958888466,2.165,0,2.4,2.029,28.5,145.06,84.85714286,6799
2016-03-06,39.79217391,22.26,0.0,0.0,158.542,3812.495271533787,206.936,4149.191908,78.79166667,43.83870968,3.958888466,2.165,0,2.1,2.029,28.1,145.06,86.0,7069
2016-03-07,39.79217391,22.28,0.0,0.0,159.624,3812.495271533787,205.918,4149.191908,75.5,43.80645161,3.958888466,2.152,0,1.5,1.985,28.4,145.06,84.57142857,9839
2016-03-08,39.79217391,22.2,0.0,0.0,159.769,3812.495271533787,205.601,4149.191908,78.45833333,43.77419355,3.958888466,2.154,0,1.5,2.034,28.2,145.11,83.14285714,7438
2016-03-09,39.79217391,22.27,0.0,0.0,159.463,3820.328639080082,206.91,4149.191908,76.375,43.74193548,3.958888466,2.153,0,0.0,2.026,28.6,144.575,81.71428571,7761
2016-03-10,39.79217391,22.32,0.0,0.0,159.105,3812.495271533787,208.504,4149.191908,76.08333333,43.70967742,3.958888466,2.167,0,2.5,2.071,29.4,145.085,80.28571429,7129
2016-03-11,39.79217391,22.31,0.0,0.0,161.978,3792.9176458359616,207.386,4149.191908,78.70833333,43.67741935,3.958888466,2.16,0,1.4,2.072,28.9,144.92,78.85714286,6970
2016-03-12,39.79217391,22.31,0.0,0.0,161.978,3792.9176458359616,207.386,4149.191908,78.08333333,43.64516129,3.958888466,2.16,0,1.7,2.072,28.4,144.92,77.42857143,7114
2016-03-13,39.79217391,22.31,0.0,0.0,161.978,3820.328639080082,207.386,4149.191908,77.29166667,43.61290323,3.958888466,2.16,0,0.5,2.072,28.6,144.92,76.0,6973
2016-03-14,39.79217391,22.26,0.0,0.0,161.673,3872.3038860037173,205.219,4149.191908,73.125,43.58064516,3.958888466,2.152,0,0.4,2.046,29.2,145.02,77.14285714,6966
2016-03-15,39.79217391,22.24,0.0,0.0,161.06,3792.9176458359616,206.834,4149.191908,71.79166667,43.5483871,3.958888466,2.159,0,0.6,2.095,29.0,145.0,78.28571429,6572
2016-03-16,39.79217391,22.4,0.0,0.0,161.081,3812.495271533787,209.997,4149.191908,74.20833333,43.51612903,3.958888466,2.177,0,0.8,2.127,28.8,145.05,79.42857143,6134
2016-03-17,39.79217391,22.4,0.0,0.0,162.819,3812.495271533787,209.924,4149.191908,72.79166667,43.48387097,3.958888466,2.184,0,0.0,2.116,29.4,145.035,80.57142857,5902
2016-03-18,39.79217391,22.43,0.0,0.0,164.165,3820.328639080082,209.019,4149.191908,70.95833333,43.4516129,3.958888466,2.188,0,0.0,2.145,29.7,144.97,81.71428571,5635
2016-03-19,39.79217391,22.43,0.0,0.0,164.165,3812.495271533787,209.019,4149.191908,75.20833333,43.41935484,3.958888466,2.188,0,2.2,2.145,28.8,144.97,82.85714286,5361
2016-03-20,39.79217391,22.43,0.0,0.0,164.165,3827.647388880934,209.019,4149.191908,70.33333333,43.38709677,3.958888466,2.188,0,0.0,2.145,29.3,144.97,84.0,5523
2016-03-21,39.79217391,22.4,0.0,0.0,163.381,3820.328639080082,206.542,4149.191908,68.95833333,43.35483871,3.958888466,2.178,0,0.0,2.161,29.6,145.48,84.42857143,5130
2016-03-22,39.79217391,22.5,0.0,0.0,163.534,3872.3038860037173,206.645,4149.191908,67.375,43.32258065,3.958888466,2.187,0,0.2,2.132,29.6,145.37,84.85714286,6718
2016-03-23,39.79217391,22.6,0.0,0.0,163.061,3872.3038860037173,208.425,4149.191908,67.70833333,43.29032258,3.958888466,2.201,0,0.1,2.137,29.6,146.38,85.28571429,5153
2016-03-24,39.79217391,22.6,0.0,0.0,163.712,3812.495271533787,208.27,4149.191908,66.20833333,43.25806452,3.958888466,2.204,0,0.0,2.155,30.1,147.26,85.71428571,4839
2016-03-25,39.79217391,22.74,0.0,0.0,164.548,3872.3038860037173,210.888,4149.191908,65.91666667,43.22580645,3.958888466,2.221,0,0.6,2.152,30.0,147.26,86.14285714,6188
2016-03-26,39.79217391,22.74,0.0,0.0,164.548,3820.328639080082,210.888,4149.191908,68.70833333,43.19354839,3.958888466,2.221,0,1.0,2.152,29.8,147.26,86.57142857,4740
2016-03-27,39.79217391,22.74,0.0,0.0,164.548,3872.3038860037173,210.888,4149.191908,70.16666667,43.16129032,3.958888466,2.221,0,2.7,2.152,29.7,147.26,87.0,4782
2016-03-28,39.79217391,22.78,0.0,0.0,164.43,3792.9176458359616,213.2,4149.191908,75.20833333,43.12903226,3.958888466,2.233,0,3.9,2.169,29.0,147.95,86.85714286,4445
2016-03-29,39.79217391,23.08,0.0,0.0,165.645,3812.495271533787,214.571,4149.191908,76.375,43.09677419,3.958888466,2.248,0,6.2,2.184,28.6,148.21,86.71428571,4673
2016-03-30,39.79217391,22.65,0.0,0.0,167.344,3812.495271533787,209.758,4149.191908,79.33333333,43.06451613,3.958888466,2.204,0,5.1,2.18,28.2,149.215,86.57142857,4738
2016-03-31,39.79217391,22.56,0.0,0.0,169.18,3812.495271533787,207.971,4149.191908,75.95833333,43.03225806,3.958888466,2.203,0,0.6,2.16,28.5,146.055,86.42857143,5219
2016-04-01,43.33047619,22.4,0.0,0.0,166.21,3812.495271533787,206.999,4149.191908,77.29166667,43.0,3.958888466,2.195,0,4.9,2.116,28.4,146.185,86.28571429,5111
2016-04-02,43.33047619,22.4,0.0,0.0,166.21,3812.495271533787,206.999,4149.191908,73.5,42.83333333,3.958888466,2.195,0,0.3,2.116,29.2,146.185,86.14285714,5356
2016-04-03,43.33047619,22.4,0.0,0.0,166.21,3820.328639080082,206.999,4149.191908,71.79166667,42.66666667,3.958888466,2.195,0,1.2,2.116,29.6,146.185,86.0,5589
2016-04-04,43.33047619,22.33,0.0,0.0,166.476,3812.495271533787,204.818,4149.191908,76.25,42.5,3.958888466,2.178,0,2.5,2.11,28.8,145.13,88.0,5474
2016-04-05,43.33047619,22.34,0.0,0.0,165.332,3792.9176458359616,204.402,4149.191908,80.29166667,42.33333333,3.958888466,2.176,0,10.0,2.137,28.2,144.635,90.0,5385
2016-04-06,43.33047619,22.39,0.0,0.0,164.653,3872.3038860037173,203.398,4149.191908,78.45833333,42.16666667,3.958888466,2.168,0,1.5,2.123,28.7,144.75,92.0,5775
2016-04-07,43.33047619,22.39,0.0,0.0,165.001,3872.3038860037173,204.481,4149.191908,79.04166667,42.0,3.958888466,2.175,0,6.1,2.156,28.7,144.7,94.0,5720
2016-04-08,43.33047619,22.43,0.0,0.0,164.625,3827.647388880934,206.352,4149.191908,74.625,41.83333333,3.958888466,2.186,0,1.0,2.174,29.2,144.75,96.0,5842
2016-04-09,43.33047619,22.43,0.0,0.0,164.625,3812.495271533787,206.352,4149.191908,73.20833333,41.66666667,3.958888466,2.186,0,0.4,2.174,29.6,144.75,98.0,5925
2016-04-10,43.33047619,22.43,0.0,0.0,164.625,3872.3038860037173,206.352,4149.191908,77.16666667,41.5,3.958888466,2.186,0,1.6,2.174,28.8,144.75,100.0,5903
2016-04-11,43.33047619,22.61,0.0,0.0,165.037,3872.3038860037173,208.687,4149.191908,74.91666667,41.33333333,3.958888466,2.206,0,0.7,2.227,29.2,144.9,96.14285714,5633
2016-04-12,43.33047619,22.57,0.0,0.0,165.302,3812.495271533787,207.634,4149.191908,74.75,41.16666667,3.958888466,2.199,0,0.5,2.208,29.6,146.19,92.28571429,5368
2016-04-13,43.33047619,22.53,0.0,0.0,166.452,3792.9176458359616,206.712,4149.191908,76.83333333,41.0,3.958888466,2.193,0,1.3,2.214,29.8,146.19,88.42857143,6337
2016-04-14,43.33047619,22.46,0.0,0.0,164.815,3812.495271533787,206.438,4149.191908,77.125,40.83333333,3.958888466,2.182,0,2.8,2.188,29.6,146.045,84.57142857,5996
2016-04-15,43.33047619,22.55,0.0,0.0,164.563,3792.9176458359616,208.465,4149.191908,76.70833333,40.66666667,3.958888466,2.199,0,1.7,2.206,29.5,145.43,80.71428571,5660
2016-04-16,43.33047619,22.55,0.0,0.0,164.563,3812.495271533787,208.465,4149.191908,78.58333333,40.5,3.958888466,2.199,0,2.3,2.206,28.9,145.43,76.85714286,4349
2016-04-17,43.33047619,22.55,0.0,0.0,164.563,3820.328639080082,208.465,4149.191908,79.125,40.33333333,3.958888466,2.199,0,6.5,2.206,29.0,145.43,73.0,4136
2016-04-18,43.33047619,22.61,0.0,0.0,164.089,3872.3038860037173,210.21,4149.191908,76.04166667,40.16666667,3.958888466,2.208,0,1.4,2.217,29.3,146.045,72.71428571,4002
2016-04-19,43.33047619,22.64,0.0,0.0,165.236,3792.9176458359616,209.958,4149.191908,80.29166667,40.0,3.958888466,2.214,0,10.7,2.25,28.5,146.045,72.42857143,3659
2016-04-20,43.33047619,22.6,0.0,0.0,165.878,3812.495271533787,209.803,4149.191908,83.66666667,39.83333333,3.958888466,2.203,0,5.1,2.192,28.2,146.48,72.14285714,3577
2016-04-21,43.33047619,22.47,0.0,0.0,165.478,3820.328639080082,210.342,4149.191908,82.75,39.66666667,3.958888466,2.191,0,5.7,2.2,28.2,146.48,71.85714286,4294
2016-04-22,43.33047619,22.52,0.0,0.0,165.346,3872.3038860037173,211.741,4149.191908,80.875,39.5,3.958888466,2.193,0,2.9,2.197,28.8,146.045,71.57142857,3234
2016-04-23,43.33047619,22.52,0.0,0.0,165.346,3872.3038860037173,211.741,4149.191908,83.41666667,39.33333333,3.958888466,2.193,0,1.1,2.197,28.7,146.045,71.28571429,3062
2016-04-24,43.33047619,22.52,0.0,0.0,165.346,3812.495271533787,211.741,4149.191908,79.25,39.16666667,3.958888466,2.193,0,1.6,2.197,29.4,146.045,71.0,3031
2016-04-25,43.33047619,22.53,0.0,0.0,164.06,3820.328639080082,213.379,4149.191908,74.75,39.0,3.958888466,2.204,0,1.0,2.243,29.7,146.21,71.14285714,2958
2016-04-26,43.33047619,22.52,0.0,0.0,164.75,3812.495271533787,212.721,4149.191908,79.20833333,38.83333333,3.958888466,2.204,0,9.5,2.243,28.6,146.33,71.28571429,2920
2016-04-27,43.33047619,22.6,0.0,0.0,165.331,3812.495271533787,213.862,4149.191908,78.04166667,38.66666667,3.958888466,2.205,0,6.2,2.26,29.0,146.27,71.42857143,2943
2016-04-28,43.33047619,22.58,0.0,0.0,165.6,3812.495271533787,213.62,4149.191908,80.0,38.5,3.958888466,2.201,0,3.5,2.26,28.8,146.38,71.57142857,2885
2016-04-29,43.33047619,22.6,0.0,0.0,166.185,3812.495271533787,214.688,4149.191908,75.125,38.33333333,3.958888466,2.205,0,1.1,2.245,29.3,146.18,71.71428571,3095
2016-04-30,43.33047619,22.6,0.0,0.0,166.185,3872.3038860037173,214.688,4149.191908,80.41666667,38.16666667,3.958888466,2.205,0,7.9,2.245,28.5,146.18,71.85714286,3148
2016-05-01,47.735,22.6,0.0,0.0,166.185,3872.3038860037173,214.688,4149.191908,83.33333333,38.0,3.958888466,2.205,0,7.0,2.245,28.3,146.18,72.0,5528
2016-05-02,47.735,22.52,0.0,0.0,167.464,3872.3038860037173,212.458,4149.191908,85.5,37.87096774,3.958888466,2.196,0,6.7,2.2,28.0,146.325,70.71428571,4445
2016-05-03,47.735,22.52,0.0,0.0,168.772,3872.3038860037173,211.945,4149.191908,83.41666667,37.74193548,3.958888466,2.195,0,4.1,2.194,28.4,146.18,69.42857143,4722
2016-05-04,47.735,22.49,0.0,0.0,168.063,3812.495271533787,211.837,4149.191908,84.70833333,37.61290323,3.958888466,2.197,0,3.8,2.22,28.1,146.25,68.14285714,4696
2016-05-05,47.735,22.5,0.0,0.0,167.998,3820.328639080082,211.061,4149.191908,84.54166667,37.48387097,3.958888466,2.196,0,4.0,2.221,28.1,146.24,66.85714286,4877
2016-05-06,47.735,22.47,0.0,0.0,166.786,3820.328639080082,210.962,4149.191908,84.0,37.35483871,3.958888466,2.194,0,8.9,2.199,27.9,146.26,65.57142857,5060
2016-05-07,47.735,22.47,0.0,0.0,166.786,3872.3038860037173,210.962,4149.191908,84.45833333,37.22580645,3.958888466,2.194,0,1.5,2.199,27.8,146.26,64.28571429,5353
2016-05-08,47.735,22.47,0.0,0.0,166.786,3812.495271533787,210.962,4149.191908,85.54166667,37.09677419,3.958888466,2.194,0,11.0,2.199,27.8,146.26,63.0,5328
2016-05-09,47.735,22.43,0.0,0.0,166.81,3812.495271533787,211.157,4149.191908,86.16666667,36.96774194,3.958888466,2.194,0,10.8,2.209,27.8,146.43,64.0,5166
2016-05-10,47.735,22.52,0.0,0.0,166.681,3820.328639080082,211.223,4149.191908,88.41666667,36.83870968,3.958888466,2.196,0,15.4,2.253,27.1,146.19,65.0,5045
2016-05-11,47.735,22.44,0.0,0.0,166.248,3827.647388880934,211.332,4149.191908,89.45833333,36.70967742,3.958888466,2.191,0,14.7,2.26,26.7,146.195,66.0,4974
2016-05-12,47.735,22.41,0.0,0.0,167.02,3820.328639080082,210.26,4149.191908,90.41666667,36.58064516,3.958888466,2.19,0,28.6,2.234,26.2,146.25,67.0,4916
2016-05-13,47.735,22.49,0.0,0.0,166.388,3792.9176458359616,211.191,4149.191908,89.125,36.4516129,3.958888466,2.194,0,20.2,2.259,26.7,146.4,68.0,4480
2016-05-14,47.735,22.49,0.0,0.0,166.388,3812.495271533787,211.191,4149.191908,94.25,36.32258065,3.958888466,2.194,0,84.2,2.259,25.9,146.4,69.0,4198
2016-05-15,47.735,22.49,0.0,0.0,166.388,3792.9176458359616,211.191,4149.191908,90.66666667,36.19354839,3.958888466,2.194,0,195.9,2.259,25.9,146.4,70.0,4300
2016-05-16,47.735,22.46,0.0,0.0,165.535,3792.9176458359616,211.862,4149.191908,88.54166667,36.06451613,3.958888466,2.192,0,40.7,2.261,26.7,146.65,69.0,3953
2016-05-17,47.735,22.49,0.0,0.0,166.0,3820.328639080082,214.657,4149.191908,90.625,35.93548387,3.958888466,2.19,0,37.5,2.228,26.7,146.48,68.0,3790
2016-05-18,47.735,22.43,0.0,0.0,165.728,3820.328639080082,214.57,4149.191908,86.70833333,35.80645161,3.958888466,2.178,0,13.5,2.2,27.5,147.035,67.0,3780
2016-05-19,47.735,22.46,0.0,0.0,164.93,3872.3038860037173,213.318,4149.191908,90.5,35.67741935,3.958888466,2.182,0,30.5,2.201,27.0,146.845,66.0,3474
2016-05-20,47.735,22.43,0.0,0.0,164.51,3812.495271533787,213.024,4149.191908,87.41666667,35.5483871,3.958888466,2.182,0,21.8,2.2,27.4,147.105,65.0,3295
2016-05-21,47.735,22.43,0.0,0.0,164.51,3792.9176458359616,213.024,4149.191908,90.16666667,35.41935484,3.958888466,2.182,0,12.1,2.2,27.0,147.105,64.0,3976
2016-05-22,47.735,22.43,0.0,0.0,164.51,3872.3038860037173,213.024,4149.191908,89.29166667,35.29032258,3.958888466,2.182,0,17.9,2.2,27.4,147.105,63.0,3900
2016-05-23,47.735,22.38,0.0,0.0,165.111,3827.647388880934,214.828,4149.191908,87.54166667,35.16129032,3.958888466,2.17,0,11.2,2.225,27.7,147.07,63.0,2881
2016-05-24,47.735,22.42,0.0,0.0,164.998,3827.647388880934,215.957,4149.191908,89.25,35.03225806,3.958888466,2.184,0,19.8,2.247,27.0,146.78,63.0,2795
2016-05-25,47.735,22.39,0.0,0.0,163.528,3792.9176458359616,215.341,4149.191908,85.20833333,34.90322581,3.958888466,2.193,0,7.4,2.229,27.7,146.95,63.0,2819
2016-05-26,47.735,22.49,0.0,0.0,163.923,3812.495271533787,215.909,4149.191908,85.66666667,34.77419355,3.958888466,2.202,0,4.4,2.243,28.0,146.78,63.0,2716
2016-05-27,47.735,22.48,0.0,0.0,164.305,3827.647388880934,216.658,4149.191908,90.29166667,34.64516129,3.958888466,2.203,0,22.0,2.251,26.7,147.63,63.0,2670
2016-05-28,47.735,22.48,0.0,0.0,164.305,3872.3038860037173,216.658,4149.191908,88.79166667,34.51612903,3.958888466,2.203,0,19.7,2.251,26.6,147.63,63.0,2847
2016-05-29,47.735,22.48,0.0,0.0,164.305,3827.647388880934,216.658,4149.191908,88.25,34.38709677,3.958888466,2.203,0,16.7,2.251,26.7,147.63,63.0,2921
2016-05-30,47.735,22.45,0.0,0.0,164.091,3872.3038860037173,213.971,4149.191908,88.25,34.25806452,3.958888466,2.199,0,19.4,2.214,26.9,148.0,62.42857143,3011
2016-05-31,47.735,22.53,0.0,0.0,164.968,3872.3038860037173,213.545,4149.191908,90.16666667,34.12903226,3.958888466,2.197,0,11.9,2.212,26.6,147.79,61.85714286,3128
2016-06-01,49.87727273,22.45,0.0,0.0,164.52,3792.9176458359616,213.201,4149.191908,88.91666667,34.0,3.958888466,2.198,0,9.7,2.209,27.0,148.13,61.28571429,3915
2016-06-02,49.87727273,22.5,0.0,0.0,165.743,3820.328639080082,214.431,4149.191908,88.04166667,34.0,3.958888466,2.204,0,8.2,2.251,27.1,147.82,60.71428571,3944
2016-06-03,49.87727273,22.23,0.0,0.0,164.834,3827.647388880934,210.673,4149.191908,88.375,34.0,3.958888466,2.184,0,7.2,2.235,27.0,147.68,60.14285714,3945
2016-06-04,49.87727273,22.23,0.0,0.0,164.834,3820.328639080082,210.673,4149.191908,86.66666667,34.0,3.958888466,2.184,0,5.4,2.235,27.3,147.68,59.57142857,4191
2016-06-05,49.87727273,22.23,0.0,0.0,164.834,3820.328639080082,210.673,4149.191908,89.25,34.0,3.958888466,2.184,0,4.8,2.235,27.0,147.68,59.0,4329
2016-06-06,49.87727273,22.18,0.0,0.0,167.868,3872.3038860037173,212.008,4149.191908,85.79166667,34.0,3.958888466,2.187,0,5.1,2.255,26.9,145.885,59.71428571,4831
2016-06-07,49.87727273,22.22,0.0,0.0,165.645,3792.9176458359616,211.497,4149.191908,85.66666667,34.0,3.958888466,2.193,0,7.3,2.292,27.1,145.77,60.42857143,4691
2016-06-08,49.87727273,22.19,0.0,0.0,165.565,3820.328639080082,210.509,4149.191908,88.75,34.0,3.958888466,2.181,0,22.0,2.264,26.4,145.84,61.14285714,4904
2016-06-09,49.87727273,22.1,0.0,0.0,166.171,3872.3038860037173,206.741,4149.191908,85.58333333,34.0,3.958888466,2.166,0,9.0,2.222,27.0,145.585,61.85714286,5202
2016-06-10,49.87727273,21.98,0.0,0.0,164.744,3827.647388880934,206.58,4149.191908,85.95833333,34.0,3.958888466,2.154,0,5.0,2.206,27.3,145.0,62.57142857,4914
2016-06-11,49.87727273,21.98,0.0,0.0,164.744,3827.647388880934,206.58,4149.191908,83.625,34.0,3.958888466,2.154,0,5.7,2.206,27.5,145.0,63.28571429,5053
2016-06-12,49.87727273,21.98,0.0,0.0,164.744,3812.495271533787,206.58,4149.191908,89.66666667,34.0,3.958888466,2.154,0,29.7,2.206,26.4,145.0,64.0,4727
2016-06-13,49.87727273,21.96,0.0,0.0,163.139,3812.495271533787,204.506,4149.191908,87.625,34.0,3.958888466,2.153,0,10.0,2.193,26.6,144.745,64.28571429,4537
2016-06-14,49.87727273,22.03,0.0,0.0,163.447,3827.647388880934,205.973,4149.191908,86.125,34.0,3.958888466,2.162,0,5.0,2.213,27.5,144.87,64.57142857,4305
2016-06-15,49.87727273,22.01,0.0,0.0,162.37,3872.3038860037173,206.1,4149.191908,82.25,34.0,3.958888466,2.156,0,2.7,2.207,27.6,144.995,64.85714286,4433
2016-06-16,49.87727273,21.97,0.0,0.0,163.257,3827.647388880934,207.811,4149.191908,84.04166667,34.0,3.958888466,2.158,0,2.0,2.235,27.5,145.115,65.14285714,4033
2016-06-17,49.87727273,22.01,0.0,0.0,162.906,3827.647388880934,212.754,4149.191908,86.41666667,34.0,3.958888466,2.143,0,4.3,2.254,27.0,144.74,65.42857143,3664
2016-06-18,49.87727273,22.01,0.0,0.0,162.906,3827.647388880934,212.754,4149.191908,87.91666667,34.0,3.958888466,2.143,0,13.0,2.254,26.5,144.74,65.71428571,3576
2016-06-19,49.87727273,22.01,0.0,0.0,162.906,3812.495271533787,212.754,4149.191908,84.75,34.0,3.958888466,2.143,0,4.4,2.254,27.0,144.74,66.0,4475
2016-06-20,49.87727273,22.17,0.0,0.0,163.224,3792.9176458359616,213.978,4149.191908,87.33333333,34.0,3.958888466,2.16,0,23.9,2.286,26.3,144.74,65.85714286,3286
2016-06-21,49.87727273,22.38,0.0,0.0,163.759,3792.9176458359616,216.473,4149.191908,88.04166667,34.0,3.958888466,2.182,0,15.0,2.277,26.3,146.08,65.71428571,3230
2016-06-22,49.87727273,22.35,0.0,0.0,164.215,3872.3038860037173,218.766,4149.191908,86.375,34.0,3.958888466,2.185,0,5.7,2.309,26.8,147.185,65.57142857,3150
2016-06-23,49.87727273,22.25,0.0,0.0,166.275,3827.647388880934,201.548,4149.191908,81.66666667,34.0,3.958888466,2.17,0,1.7,2.265,27.1,147.03,65.42857143,3349
2016-06-24,49.87727273,22.07,0.0,0.0,167.445,3820.328639080082,194.207,4149.191908,81.79166667,34.0,3.958888466,2.162,0,0.7,2.241,27.0,147.33,65.28571429,3299
2016-06-25,49.87727273,22.07,0.0,0.0,167.445,3812.495271533787,194.207,4149.191908,81.95833333,34.0,3.958888466,2.162,0,0.7,2.241,27.1,147.33,65.14285714,3257
2016-06-26,49.87727273,22.07,0.0,0.0,167.445,3792.9176458359616,194.207,4149.191908,85.29166667,34.0,3.958888466,2.162,0,0.1,2.241,27.1,147.33,65.0,3119
2016-06-27,49.87727273,22.24,0.0,0.0,163.787,3820.328639080082,197.242,4149.191908,85.83333333,34.0,3.958888466,2.183,0,3.3,2.301,26.9,146.82,65.57142857,2889
2016-06-28,49.87727273,22.0,0.0,0.0,161.847,3872.3038860037173,196.074,4149.191908,88.29166667,34.0,3.958888466,2.166,0,8.4,2.294,26.1,147.835,66.14285714,2911
2016-06-29,49.87727273,21.92,0.0,0.0,163.602,3792.9176458359616,193.935,4149.191908,88.5,34.0,3.958888466,2.158,0,2.3,2.279,26.7,146.04,66.71428571,2955
2016-06-30,49.87727273,21.89,0.0,0.0,162.469,3812.495271533787,193.221,4149.191908,88.91666667,34.0,3.958888466,2.168,0,2.7,2.283,27.0,145.695,67.28571429,2924
2016-07-01,46.59857143,21.98,0.0,0.0,161.802,5803.327399429839,194.721,4149.191908,89.54166667,34.0,3.958888466,2.178,0,7.0,2.291,26.8,145.695,67.85714286,5985
2016-07-02,46.59857143,21.98,0.0,0.0,161.802,6012.000122256862,194.721,4149.191908,86.16666667,34.03225806,3.958888466,2.178,0,0.2,2.291,27.4,145.695,68.42857143,6349
2016-07-03,46.59857143,21.98,0.0,0.0,161.802,6019.491035793475,194.721,4149.191908,84.75,34.06451613,3.958888466,2.178,0,0.8,2.291,27.5,145.695,69.0,6657
2016-07-04,46.59857143,21.96,0.0,0.0,162.246,5982.968858885018,191.048,4149.191908,85.58333333,34.09677419,3.958888466,2.176,0,3.1,2.278,27.5,146.5,69.42857143,6938
2016-07-05,46.59857143,21.87,0.0,0.0,163.428,5803.327399429839,189.297,4149.191908,84.41666667,34.12903226,3.958888466,2.172,0,1.0,2.271,27.3,146.7,69.85714286,7542
2016-07-06,46.59857143,21.79,0.0,0.0,162.485,5803.327399429839,187.904,4149.191908,83.41666667,34.16129032,3.958888466,2.157,0,2.4,2.259,27.3,146.39,70.28571429,10169
2016-07-07,46.59857143,21.67,0.0,0.0,162.486,6012.000122256862,187.772,4149.191908,83.33333333,34.19354839,3.958888466,2.159,0,0.1,2.269,27.3,145.555,70.71428571,8159
2016-07-08,46.59857143,21.74,0.0,0.0,161.028,5967.716521920017,189.115,4149.191908,85.75,34.22580645,3.958888466,2.168,0,4.7,2.267,26.9,144.93,71.14285714,8117
2016-07-09,46.59857143,21.74,0.0,0.0,161.028,6019.491035793475,189.115,4149.191908,87.33333333,34.25806452,3.958888466,2.168,0,9.4,2.267,27.1,144.93,71.57142857,7878
2016-07-10,46.59857143,21.74,0.0,0.0,161.028,6019.491035793475,189.115,4149.191908,88.375,34.29032258,3.958888466,2.168,0,7.5,2.267,26.7,144.93,72.0,7982
2016-07-11,46.59857143,21.86,0.0,0.0,160.214,6019.491035793475,193.626,4149.191908,85.25,34.32258065,3.958888466,2.183,0,5.4,2.292,27.1,145.54,72.28571429,7796
2016-07-12,46.59857143,21.8,0.0,0.0,160.938,5803.327399429839,191.638,4149.191908,86.125,34.35483871,3.958888466,2.175,0,4.8,2.279,26.9,146.21,72.57142857,7760
2016-07-13,46.59857143,21.78,0.0,0.0,161.701,5982.968858885018,194.227,4149.191908,86.20833333,34.38709677,3.958888466,2.178,0,4.4,2.314,26.8,145.765,72.85714286,7571
2016-07-14,46.59857143,21.79,0.0,0.0,161.654,5982.968858885018,192.32,4149.191908,85.83333333,34.41935484,3.958888466,2.171,0,2.8,2.296,26.7,145.57,73.14285714,7364
2016-07-15,46.59857143,21.69,0.0,0.0,161.874,5803.327399429839,192.796,4149.191908,88.04166667,34.4516129,3.958888466,2.166,0,8.0,2.314,26.3,145.78,73.42857143,6697
2016-07-16,46.59857143,21.69,0.0,0.0,161.874,5803.327399429839,192.796,4149.191908,85.79166667,34.48387097,3.958888466,2.166,0,8.3,2.314,26.2,145.78,73.71428571,6810
2016-07-17,46.59857143,21.69,0.0,0.0,161.874,6012.000122256862,192.796,4149.191908,88.45833333,34.51612903,3.958888466,2.166,0,9.9,2.314,25.7,145.78,74.0,6478
2016-07-18,46.59857143,21.72,0.0,0.0,160.883,6019.491035793475,190.68,4149.191908,86.75,34.5483871,3.958888466,2.164,0,5.9,2.29,26.3,145.435,74.0,6089
2016-07-19,46.59857143,21.9,0.0,0.0,161.055,5982.968858885018,193.21,4149.191908,82.33333333,34.58064516,3.958888466,2.178,0,0.0,2.292,26.7,145.435,74.0,8085
2016-07-20,46.59857143,21.83,0.0,0.0,160.298,6012.000122256862,192.872,4149.191908,83.79166667,34.61290323,3.958888466,2.17,0,1.1,2.266,26.7,146.26,74.0,6045
2016-07-21,46.59857143,21.82,0.0,0.0,161.106,5982.968858885018,191.125,4149.191908,83.45833333,34.64516129,3.958888466,2.171,0,0.8,2.25,26.7,145.745,74.0,6000
2016-07-22,46.59857143,21.82,0.0,0.0,160.684,6012.000122256862,191.478,4149.191908,80.25,34.67741935,3.958888466,2.162,0,0.5,2.225,26.7,145.78,74.0,5975
2016-07-23,46.59857143,21.82,0.0,0.0,160.684,6012.000122256862,191.478,4149.191908,83.66666667,34.70967742,3.958888466,2.162,0,3.5,2.225,26.3,145.78,74.0,5703
2016-07-24,46.59857143,21.82,0.0,0.0,160.684,6019.491035793475,191.478,4149.191908,87.5,34.74193548,3.958888466,2.162,0,11.5,2.225,25.7,145.78,74.0,5415
2016-07-25,46.59857143,21.81,0.0,0.0,160.001,5982.968858885018,191.07,4149.191908,86.0,34.77419355,3.958888466,2.161,0,14.0,2.204,26.1,145.71,74.0,5403
2016-07-26,46.59857143,21.87,0.0,0.0,160.194,6012.000122256862,192.895,4149.191908,88.95833333,34.80645161,3.958888466,2.175,0,22.6,2.213,25.4,145.505,74.0,5322
2016-07-27,46.59857143,21.86,0.0,0.0,159.873,5803.327399429839,191.558,4149.191908,89.5,34.83870968,3.958888466,2.171,0,24.4,2.183,25.4,145.9,74.0,5479
2016-07-28,46.59857143,21.92,0.0,0.0,161.344,6012.000122256862,192.445,4149.191908,86.70833333,34.87096774,3.958888466,2.183,0,3.0,2.205,26.1,145.505,74.0,5583
2016-07-29,46.59857143,21.94,0.0,0.0,161.154,6019.491035793475,192.083,4149.191908,87.375,34.90322581,3.958888466,2.183,0,8.5,2.176,26.2,145.505,74.0,5616
2016-07-30,46.59857143,21.94,0.0,0.0,161.154,5967.716521920017,192.083,4149.191908,85.375,34.93548387,3.958888466,2.183,0,8.7,2.176,26.4,145.505,74.0,6167
2016-07-31,46.59857143,21.94,0.0,0.0,161.154,6019.491035793475,192.083,4149.191908,86.83333333,34.96774194,3.958888466,2.183,0,8.0,2.176,26.3,145.505,74.0,6217
2016-08-01,47.05217391,22.0,0.0,0.0,162.587,5967.716521920017,194.712,4149.191908,82.20833333,35.0,3.958888466,2.186,0,2.2,2.187,27.0,145.76,74.85714286,6283
2016-08-02,47.05217391,21.91,0.0,0.0,162.705,5803.327399429839,193.729,4149.191908,82.04166667,35.06451613,3.958888466,2.177,0,2.4,2.188,27.1,145.77,75.71428571,6308
2016-08-03,47.05217391,21.94,0.0,0.0,163.663,5803.327399429839,191.042,4149.191908,81.5,35.12903226,3.958888466,2.181,0,2.1,2.212,27.0,145.355,76.57142857,6637
2016-08-04,47.05217391,21.89,0.0,0.0,162.056,5967.716521920017,190.467,4149.191908,84.79166667,35.19354839,3.958888466,2.18,0,2.0,2.226,26.9,145.75,77.42857143,6424
2016-08-05,47.05217391,21.81,0.0,0.0,162.206,6019.491035793475,189.445,4149.191908,85.20833333,35.25806452,3.958888466,2.175,0,4.0,2.248,26.9,145.7,78.28571429,6328
2016-08-06,47.05217391,21.81,0.0,0.0,162.206,5803.327399429839,189.445,4149.191908,82.875,35.32258065,3.958888466,2.175,0,0.5,2.248,27.4,145.7,79.14285714,6843
2016-08-07,47.05217391,21.81,0.0,0.0,162.206,5803.327399429839,189.445,4149.191908,83.375,35.38709677,3.958888466,2.175,0,1.0,2.248,27.2,145.7,80.0,7197
2016-08-08,47.05217391,21.83,0.0,0.0,161.516,6019.491035793475,188.94,4149.191908,85.20833333,35.4516129,3.958888466,2.176,0,1.5,2.242,27.1,145.285,79.42857143,7029
2016-08-09,47.05217391,21.87,0.0,0.0,161.157,6012.000122256862,188.894,4149.191908,84.58333333,35.51612903,3.958888466,2.175,0,2.0,2.236,27.1,145.31,78.85714286,7294
2016-08-10,47.05217391,21.88,0.0,0.0,161.577,6012.000122256862,187.828,4149.191908,84.04166667,35.58064516,3.958888466,2.172,0,1.6,2.255,27.1,145.18,78.28571429,7391
2016-08-11,47.05217391,21.91,0.0,0.0,162.26,5967.716521920017,187.836,4149.191908,84.45833333,35.64516129,3.958888466,2.172,0,2.8,2.245,27.0,144.985,77.71428571,7437
2016-08-12,47.05217391,21.87,0.0,0.0,161.47,6012.000122256862,186.973,4149.191908,85.125,35.70967742,3.958888466,2.171,0,7.9,2.267,26.7,145.35,77.14285714,6855
2016-08-13,47.05217391,21.87,0.0,0.0,161.47,5803.327399429839,186.973,4149.191908,86.125,35.77419355,3.958888466,2.171,0,7.2,2.267,26.6,145.35,76.57142857,6655
2016-08-14,47.05217391,21.87,0.0,0.0,161.47,5803.327399429839,186.973,4149.191908,86.66666667,35.83870968,3.958888466,2.171,0,2.7,2.267,26.7,145.35,76.0,6389
2016-08-15,47.05217391,21.88,0.0,0.0,162.225,5803.327399429839,189.128,4149.191908,85.91666667,35.90322581,3.958888466,2.168,0,1.9,2.271,26.6,145.165,75.28571429,6198
2016-08-16,47.05217391,21.9,0.0,0.0,162.353,6019.491035793475,189.489,4149.191908,85.54166667,35.96774194,3.958888466,2.172,0,4.4,2.275,26.7,144.97,74.57142857,5974
2016-08-17,47.05217391,21.9,0.0,0.0,163.512,5803.327399429839,191.22,4149.191908,83.54166667,36.03225806,3.958888466,2.173,0,3.2,2.282,27.0,145.285,73.85714286,7555
2016-08-18,47.05217391,21.86,0.0,0.0,164.005,6019.491035793475,190.13,4149.191908,84.41666667,36.09677419,3.958888466,2.166,0,2.3,2.276,26.7,145.215,73.14285714,5667
2016-08-19,47.05217391,21.84,0.0,0.0,164.877,5803.327399429839,190.871,4149.191908,81.20833333,36.16129032,3.958888466,2.162,0,2.2,2.241,26.9,145.41,72.42857143,5811
2016-08-20,47.05217391,21.84,0.0,0.0,164.877,6012.000122256862,190.871,4149.191908,83.91666667,36.22580645,3.958888466,2.162,0,5.9,2.241,26.7,145.41,71.71428571,5527
2016-08-21,47.05217391,21.84,0.0,0.0,164.877,6019.491035793475,190.871,4149.191908,85.625,36.29032258,3.958888466,2.162,0,2.5,2.241,26.7,145.41,71.0,5215
2016-08-22,47.05217391,21.86,0.0,0.0,164.691,6019.491035793475,191.556,4149.191908,86.125,36.35483871,3.958888466,2.162,0,5.5,2.246,26.6,145.27,71.14285714,4920
2016-08-23,47.05217391,21.79,0.0,0.0,164.424,6012.000122256862,191.978,4149.191908,86.75,36.41935484,3.958888466,2.16,0,10.6,2.224,26.4,145.14,71.28571429,4894
2016-08-24,47.05217391,21.77,0.0,0.0,164.074,5982.968858885018,191.197,4149.191908,85.54166667,36.48387097,3.958888466,2.163,0,2.3,2.239,26.7,145.075,71.42857143,4847
2016-08-25,47.05217391,21.8,0.0,0.0,163.406,6019.491035793475,191.037,4149.191908,86.83333333,36.5483871,3.958888466,2.166,0,7.5,2.248,26.3,144.945,71.57142857,4579
2016-08-26,47.05217391,21.8,0.0,0.0,163.541,6012.000122256862,190.767,4149.191908,87.04166667,36.61290323,3.958888466,2.169,0,14.3,2.248,26.1,145.43,71.71428571,4580
2016-08-27,47.05217391,21.8,0.0,0.0,163.541,6019.491035793475,190.767,4149.191908,83.04166667,36.67741935,3.958888466,2.169,0,2.9,2.248,26.1,145.43,71.85714286,4961
2016-08-28,47.05217391,21.8,0.0,0.0,163.541,6019.491035793475,190.767,4149.191908,85.45833333,36.74193548,3.958888466,2.169,0,2.1,2.248,26.3,145.43,72.0,4870
2016-08-29,47.05217391,21.8,0.0,0.0,162.852,5803.327399429839,190.526,4149.191908,84.66666667,36.80645161,3.958888466,2.169,0,3.9,2.228,26.3,145.59,73.42857143,5047
2016-08-30,47.05217391,21.78,0.0,0.0,162.901,5982.968858885018,191.126,4149.191908,88.83333333,36.87096774,3.958888466,2.172,0,15.7,2.224,25.8,145.64,74.85714286,5147
2016-08-31,47.05217391,21.8,0.0,0.0,162.287,6012.000122256862,192.957,4149.191908,88.54166667,36.93548387,3.958888466,2.177,0,9.2,2.203,25.8,145.475,76.28571429,5426
2016-09-01,47.37681818,21.78,0.0,0.0,162.336,3792.9176458359616,193.427,4149.191908,87.04166667,37.0,3.958888466,2.179,0,6.2,2.232,25.8,145.43,77.71428571,5020
2016-09-02,47.37681818,21.76,0.0,0.0,162.838,3812.495271533787,193.315,4149.191908,88.66666667,36.93333333,3.958888466,2.186,0,6.6,2.234,25.7,145.51,79.14285714,4941
2016-09-03,47.37681818,21.76,0.0,0.0,162.838,3820.328639080082,193.315,4149.191908,87.33333333,36.86666667,3.958888466,2.186,0,8.3,2.234,25.8,145.51,80.57142857,5252
2016-09-04,47.37681818,21.76,0.0,0.0,162.838,3812.495271533787,193.315,4149.191908,88.66666667,36.8,3.958888466,2.186,0,8.7,2.234,25.9,145.51,82.0,5317
2016-09-05,47.37681818,21.78,0.0,0.0,162.332,3872.3038860037173,195.37,4149.191908,84.91666667,36.73333333,3.958888466,2.193,0,2.8,2.255,26.5,145.3,82.57142857,5606
2016-09-06,47.37681818,21.8,0.0,0.0,161.952,3820.328639080082,193.765,4149.191908,85.45833333,36.66666667,3.958888466,2.185,0,3.1,2.263,26.4,145.37,83.14285714,5717
2016-09-07,47.37681818,21.78,0.0,0.0,163.621,3820.328639080082,193.025,4149.191908,83.25,36.6,3.958888466,2.179,0,0.8,2.266,26.3,145.24,83.71428571,6312
2016-09-08,47.37681818,21.75,0.0,0.0,163.279,3812.495271533787,192.69,4149.191908,79.75,36.53333333,3.958888466,2.171,0,0.0,2.242,26.0,145.175,84.28571429,6863
2016-09-09,47.37681818,21.74,0.0,0.0,163.481,3792.9176458359616,193.669,4149.191908,82.04166667,36.46666667,3.958888466,2.176,0,1.8,2.247,26.0,145.24,84.85714286,6537
2016-09-10,47.37681818,21.74,0.0,0.0,163.481,3792.9176458359616,193.669,4149.191908,84.29166667,36.4,3.958888466,2.176,0,1.4,2.247,26.2,145.24,85.42857143,6335
2016-09-11,47.37681818,21.74,0.0,0.0,163.481,3820.328639080082,193.669,4149.191908,83.625,36.33333333,3.958888466,2.176,0,2.7,2.247,26.5,145.24,86.0,6297
2016-09-12,47.37681818,21.75,0.0,0.0,163.141,3827.647388880934,191.69,4149.191908,86.0,36.26666667,3.958888466,2.164,0,3.1,2.221,26.3,145.2,82.85714286,7515
2016-09-13,47.37681818,21.8,0.0,0.0,163.118,3820.328639080082,192.517,4149.191908,84.91666667,36.2,3.958888466,2.178,0,3.7,2.232,26.4,145.28,79.71428571,5773
2016-09-14,47.37681818,21.78,0.0,0.0,163.005,3827.647388880934,192.375,4149.191908,83.875,36.13333333,3.958888466,2.174,0,5.6,2.244,26.7,145.46,76.57142857,5562
2016-09-15,47.37681818,21.82,0.0,0.0,163.642,3792.9176458359616,189.341,4149.191908,86.45833333,36.06666667,3.958888466,2.171,0,5.0,2.234,26.8,145.32,73.42857143,5100
2016-09-16,47.37681818,21.78,0.0,0.0,163.391,3820.328639080082,189.26,4149.191908,84.125,36.0,3.958888466,2.169,0,4.3,2.249,26.6,145.63,70.28571429,6304
2016-09-17,47.37681818,21.78,0.0,0.0,163.391,3872.3038860037173,189.26,4149.191908,86.91666667,35.93333333,3.958888466,2.169,0,10.0,2.249,26.3,145.63,67.14285714,4736
2016-09-18,47.37681818,21.78,0.0,0.0,163.391,3812.495271533787,189.26,4149.191908,87.125,35.86666667,3.958888466,2.169,0,11.2,2.249,26.0,145.63,64.0,4556
2016-09-19,47.37681818,21.77,0.0,0.0,162.487,3827.647388880934,188.671,4149.191908,84.125,35.8,3.958888466,2.169,0,2.1,2.244,26.5,145.255,64.14285714,4400
2016-09-20,47.37681818,21.92,0.0,0.0,162.315,3792.9176458359616,190.559,4149.191908,86.29166667,35.73333333,3.958888466,2.192,0,6.0,2.287,26.6,145.26,64.28571429,3968
2016-09-21,47.37681818,21.93,0.0,0.0,162.023,3792.9176458359616,191.122,4149.191908,83.58333333,35.66666667,3.958888466,2.193,0,1.2,2.295,26.8,146.28,64.42857143,3951
2016-09-22,47.37681818,21.93,0.0,0.0,163.673,3872.3038860037173,189.712,4149.191908,83.16666667,35.6,3.958888466,2.192,0,2.9,2.283,26.7,146.14,64.57142857,3973
2016-09-23,47.37681818,21.91,0.0,0.0,163.786,3872.3038860037173,189.624,4149.191908,83.20833333,35.53333333,3.958888466,2.194,0,2.7,2.288,26.7,146.23,64.71428571,3761
2016-09-24,47.37681818,21.91,0.0,0.0,163.786,3820.328639080082,189.624,4149.191908,84.25,35.46666667,3.958888466,2.194,0,2.6,2.288,26.7,146.23,64.85714286,3613
2016-09-25,47.37681818,21.91,0.0,0.0,163.786,3812.495271533787,189.624,4149.191908,84.75,35.4,3.958888466,2.194,0,5.9,2.288,26.7,146.23,65.0,3537
2016-09-26,47.37681818,21.93,0.0,0.0,164.158,3812.495271533787,190.46,4149.191908,85.16666667,35.33333333,3.958888466,2.202,0,4.6,2.296,26.7,146.14,64.28571429,3445
2016-09-27,47.37681818,21.95,0.0,0.0,164.466,3827.647388880934,190.742,4149.191908,85.125,35.26666667,3.958888466,2.208,0,2.1,2.322,26.9,146.26,63.57142857,3434
2016-09-28,47.37681818,21.97,0.0,0.0,164.031,3820.328639080082,189.978,4149.191908,84.95833333,35.2,3.958888466,2.192,0,3.2,2.327,26.6,146.51,62.85714286,3536
2016-09-29,47.37681818,21.98,0.0,0.0,164.326,3872.3038860037173,190.249,4149.191908,87.79166667,35.13333333,3.958888466,2.203,0,8.9,2.332,26.1,146.48,62.14285714,3555
2016-09-30,47.37681818,21.96,0.0,0.0,164.394,3872.3038860037173,188.111,4149.191908,86.04166667,35.06666667,3.958888466,2.201,0,5.0,2.35,26.5,146.61,61.42857143,3583
2016-10-01,51.41380952,21.96,0.0,0.0,164.394,3820.328639080082,188.111,4149.191908,82.58333333,35.0,3.958888466,2.201,0,3.2,2.35,26.7,146.61,60.71428571,4989
2016-10-02,51.41380952,21.96,0.0,0.0,164.394,3827.647388880934,188.111,4149.191908,83.58333333,34.96774194,3.958888466,2.201,0,1.2,2.35,26.6,146.61,60.0,5089
2016-10-03,51.41380952,21.96,0.0,0.0,164.805,3872.3038860037173,186.472,4149.191908,84.91666667,34.93548387,3.958888466,2.2,0,1.7,2.333,26.4,146.475,61.28571429,5198
2016-10-04,51.41380952,21.95,0.0,0.0,164.214,3812.495271533787,186.734,4149.191908,84.875,34.90322581,3.958888466,2.2,0,0.7,2.35,26.5,146.505,62.57142857,5208
2016-10-05,51.41380952,21.97,0.0,0.0,164.159,3827.647388880934,184.865,4149.191908,83.20833333,34.87096774,3.958888466,2.197,0,2.0,2.36,26.9,146.475,63.85714286,5566
2016-10-06,51.41380952,22.0,0.0,0.0,164.132,3812.495271533787,182.463,4149.191908,82.95833333,34.83870968,3.958888466,2.203,0,1.9,2.358,27.0,146.555,65.14285714,5693
2016-10-07,51.41380952,21.87,0.0,0.0,163.416,3820.328639080082,181.335,4149.191908,77.16666667,34.80645161,3.958888466,2.206,0,0.0,2.37,26.8,146.745,66.42857143,6301
2016-10-08,51.41380952,21.87,0.0,0.0,163.416,3792.9176458359616,181.335,4149.191908,75.33333333,34.77419355,3.958888466,2.206,0,0.8,2.37,27.0,146.745,67.71428571,6629
2016-10-09,51.41380952,21.87,0.0,0.0,163.416,3820.328639080082,181.335,4149.191908,83.20833333,34.74193548,3.958888466,2.206,0,2.8,2.37,26.9,146.745,69.0,6041
2016-10-10,51.41380952,21.84,0.0,0.0,164.369,3827.647388880934,177.965,4149.191908,78.83333333,34.70967742,3.958888466,2.197,0,3.0,2.342,27.3,146.675,67.85714286,6425
2016-10-11,51.41380952,21.86,0.0,0.0,163.367,3827.647388880934,179.322,4149.191908,76.04166667,34.67741935,3.958888466,2.199,0,0.4,2.326,27.3,146.805,66.71428571,6650
2016-10-12,51.41380952,21.83,0.0,0.0,162.278,3872.3038860037173,179.965,4149.191908,77.125,34.64516129,3.958888466,2.199,0,0.8,2.33,27.3,146.895,65.57142857,6367
2016-10-13,51.41380952,21.82,0.0,0.0,161.709,3820.328639080082,178.972,4149.191908,77.625,34.61290323,3.958888466,2.201,0,1.6,2.334,27.4,146.85,64.42857143,5866
2016-10-14,51.41380952,21.81,0.0,0.0,162.365,3812.495271533787,179.006,4149.191908,81.58333333,34.58064516,3.958888466,2.2,0,2.3,2.327,27.2,146.855,63.28571429,5288
2016-10-15,51.41380952,21.81,0.0,0.0,162.365,3792.9176458359616,179.006,4149.191908,84.45833333,34.5483871,3.958888466,2.2,0,14.2,2.327,26.5,146.855,62.14285714,6483
2016-10-16,51.41380952,21.81,0.0,0.0,162.365,3872.3038860037173,179.006,4149.191908,87.875,34.51612903,3.958888466,2.2,0,7.3,2.327,26.4,146.855,61.0,4819
2016-10-17,51.41380952,21.81,0.0,0.0,161.115,3820.328639080082,180.803,4149.191908,87.625,34.48387097,3.958888466,2.203,0,6.1,2.351,26.2,146.925,61.42857143,4391
2016-10-18,51.41380952,21.83,0.0,0.0,161.61,3792.9176458359616,180.755,4149.191908,84.54166667,34.4516129,3.958888466,2.207,0,3.2,2.361,26.7,147.03,61.85714286,4299
2016-10-19,51.41380952,21.79,0.0,0.0,161.447,3812.495271533787,180.117,4149.191908,85.91666667,34.41935484,3.958888466,2.2,0,3.7,2.355,26.6,147.105,62.28571429,4119
2016-10-20,51.41380952,21.76,0.0,0.0,161.433,3820.328639080082,180.163,4149.191908,81.875,34.38709677,3.958888466,2.2,0,1.7,2.36,26.9,147.01,62.71428571,4107
2016-10-21,51.41380952,21.72,0.0,0.0,160.682,3792.9176458359616,180.097,4149.191908,84.29166667,34.35483871,3.958888466,2.201,0,4.8,2.365,26.4,147.24,63.14285714,3764
2016-10-22,51.41380952,21.72,0.0,0.0,160.682,3872.3038860037173,180.097,4149.191908,82.41666667,34.32258065,3.958888466,2.201,0,2.8,2.365,26.5,147.24,63.57142857,3843
2016-10-23,51.41380952,21.72,0.0,0.0,160.682,3820.328639080082,180.097,4149.191908,86.04166667,34.29032258,3.958888466,2.201,0,11.4,2.365,25.9,147.24,64.0,3625
2016-10-24,51.41380952,21.76,0.0,0.0,160.256,3820.328639080082,179.871,4149.191908,89.04166667,34.25806452,3.958888466,2.209,0,24.2,2.377,25.2,147.15,64.57142857,3396
2016-10-25,51.41380952,21.77,0.0,0.0,160.121,3792.9176458359616,180.555,4149.191908,85.75,34.22580645,3.958888466,2.205,0,6.4,2.345,26.0,147.58,65.14285714,3436
2016-10-26,51.41380952,21.78,0.0,0.0,160.685,3792.9176458359616,179.701,4149.191908,81.79166667,34.19354839,3.958888466,2.209,0,1.4,2.356,26.6,147.44,65.71428571,3582
2016-10-27,51.41380952,21.81,0.0,0.0,160.843,3792.9176458359616,180.168,4149.191908,85.16666667,34.16129032,3.958888466,2.214,0,0.3,2.35,26.3,147.75,66.28571429,3459
2016-10-28,51.41380952,21.81,0.0,0.0,161.004,3812.495271533787,180.979,4149.191908,79.0,34.12903226,3.958888466,2.217,0,0.0,2.334,27.2,147.86,66.85714286,3684
2016-10-29,51.41380952,21.81,0.0,0.0,161.004,3827.647388880934,180.979,4149.191908,85.16666667,34.09677419,3.958888466,2.217,0,6.0,2.334,26.8,147.86,67.42857143,4545
2016-10-30,51.41380952,21.81,0.0,0.0,161.004,3827.647388880934,180.979,4149.191908,89.0,34.06451613,3.958888466,2.217,0,8.5,2.334,25.8,147.86,68.0,3707
2016-10-31,51.41380952,21.87,0.0,0.0,162.454,3872.3038860037173,181.142,4149.191908,89.54166667,34.03225806,3.958888466,2.218,0,13.6,2.337,25.7,147.81,67.57142857,3850
2016-11-01,46.94227273,21.94,0.0,0.0,162.31,3827.647388880934,182.417,4149.191908,86.0,34.0,3.958888466,2.221,0,10.0,2.334,25.9,147.955,67.14285714,5252
2016-11-02,46.94227273,21.92,0.0,0.0,163.572,3812.495271533787,184.741,4149.191908,87.70833333,34.13333333,3.958888466,2.224,0,8.7,2.331,25.8,148.27,66.71428571,5357
2016-11-03,46.94227273,21.94,0.0,0.0,164.543,3820.328639080082,185.594,4149.191908,90.58333333,34.26666667,3.958888466,2.22,0,10.8,2.3,25.2,148.255,66.28571429,5591
2016-11-04,46.94227273,21.87,0.0,0.0,164.644,3820.328639080082,183.782,4149.191908,91.79166667,34.4,3.958888466,2.221,0,31.1,2.329,25.0,148.255,65.85714286,5554
2016-11-05,46.94227273,21.87,0.0,0.0,164.644,3827.647388880934,183.782,4149.191908,88.5,34.53333333,3.958888466,2.221,0,9.6,2.329,26.0,148.255,65.42857143,5977
2016-11-06,46.94227273,21.87,0.0,0.0,164.644,3827.647388880934,183.782,4149.191908,90.79166667,34.66666667,3.958888466,2.221,0,9.2,2.329,25.7,148.255,65.0,6186
2016-11-07,46.94227273,21.78,0.0,0.0,165.171,3792.9176458359616,183.0,4149.191908,84.25,34.8,3.958888466,2.232,0,1.6,2.315,26.7,148.235,65.85714286,6721
2016-11-08,46.94227273,21.8,0.0,0.0,163.659,3820.328639080082,183.361,4149.191908,85.625,34.93333333,3.958888466,2.222,0,3.7,2.314,25.9,147.855,66.71428571,6996
2016-11-09,46.94227273,21.7,0.0,0.0,163.025,3792.9176458359616,185.356,4149.191908,85.0,35.06666667,3.958888466,2.208,0,1.6,2.248,25.8,147.8,67.57142857,7476
2016-11-10,46.94227273,21.68,0.0,0.0,161.243,3820.328639080082,186.124,4149.191908,81.83333333,35.2,3.958888466,2.186,0,0.4,2.248,26.3,147.635,68.42857143,7463
2016-11-11,46.94227273,21.58,0.0,0.0,160.819,3827.647388880934,184.575,4149.191908,85.33333333,35.33333333,3.958888466,2.18,0,2.0,2.239,26.6,147.7,69.28571429,6785
2016-11-12,46.94227273,21.58,0.0,0.0,160.819,3827.647388880934,184.575,4149.191908,86.75,35.46666667,3.958888466,2.18,0,6.6,2.239,26.3,147.7,70.14285714,6682
2016-11-13,46.94227273,21.58,0.0,0.0,160.819,3792.9176458359616,184.575,4149.191908,89.625,35.6,3.958888466,2.18,0,64.0,2.239,26.0,147.7,71.0,6283
2016-11-14,46.94227273,21.58,0.0,0.0,160.344,3812.495271533787,184.357,4149.191908,88.95833333,35.73333333,3.958888466,2.183,0,28.7,2.304,26.1,147.76,70.28571429,7223
2016-11-15,46.94227273,21.54,0.0,0.0,158.65,3812.495271533787,184.373,4149.191908,88.95833333,35.86666667,3.958888466,2.179,0,13.3,2.289,25.9,148.0,69.57142857,5569
2016-11-16,46.94227273,21.55,0.0,0.0,158.679,3792.9176458359616,184.007,4149.191908,87.0,36.0,3.958888466,2.179,0,15.8,2.283,25.9,148.18,68.85714286,5629
2016-11-17,46.94227273,21.54,0.0,0.0,158.419,3812.495271533787,183.183,4149.191908,89.04166667,36.13333333,3.958888466,2.176,0,12.2,2.293,25.7,148.195,68.14285714,5179
2016-11-18,46.94227273,21.51,0.0,0.0,157.472,3872.3038860037173,185.248,4149.191908,85.875,36.26666667,3.958888466,2.173,0,8.0,2.315,26.3,148.38,67.42857143,4931
2016-11-19,46.94227273,21.51,0.0,0.0,157.472,3827.647388880934,185.248,4149.191908,91.20833333,36.4,3.958888466,2.173,0,75.6,2.315,25.2,148.38,66.71428571,4682
2016-11-20,46.94227273,21.51,0.0,0.0,157.472,3812.495271533787,185.248,4149.191908,91.5,36.53333333,3.958888466,2.173,0,14.2,2.315,25.3,148.38,66.0,4497
2016-11-21,46.94227273,21.54,0.0,0.0,157.105,3872.3038860037173,184.422,4149.191908,89.95833333,36.66666667,3.958888466,2.17,0,26.9,2.329,25.5,148.275,67.14285714,4351
2016-11-22,46.94227273,21.43,0.0,0.0,157.609,3812.495271533787,184.476,4149.191908,90.20833333,36.8,3.958888466,2.156,0,13.6,2.304,25.8,148.44,68.28571429,4169
2016-11-23,46.94227273,21.43,0.0,0.0,157.747,3872.3038860037173,184.671,4149.191908,89.0,36.93333333,3.958888466,2.157,0,9.6,2.299,26.1,148.31,69.42857143,4214
2016-11-24,46.94227273,21.46,0.0,0.0,156.541,3872.3038860037173,185.27,4149.191908,82.625,37.06666667,3.958888466,2.167,0,0.7,2.286,26.6,148.3,70.57142857,4384
2016-11-25,46.94227273,21.52,0.0,0.0,156.516,3812.495271533787,184.576,4149.191908,77.625,37.2,3.958888466,2.168,0,0.0,2.295,27.0,148.495,71.71428571,4428
2016-11-26,46.94227273,21.52,0.0,0.0,156.516,3820.328639080082,184.576,4149.191908,79.25,37.33333333,3.958888466,2.168,0,0.0,2.295,26.4,148.495,72.85714286,4556
2016-11-27,46.94227273,21.52,0.0,0.0,156.516,3820.328639080082,184.576,4149.191908,78.5,37.46666667,3.958888466,2.168,0,0.0,2.295,26.7,148.495,74.0,4645
2016-11-28,46.94227273,21.62,0.0,0.0,157.212,3872.3038860037173,186.276,4149.191908,79.58333333,37.6,3.958888466,2.174,0,0.0,2.291,25.7,148.665,75.0,4940
2016-11-29,46.94227273,21.64,0.0,0.0,157.8,3792.9176458359616,186.34,4149.191908,77.875,37.73333333,3.958888466,2.172,0,0.0,2.324,24.9,149.14,76.0,5300
2016-11-30,46.94227273,21.54,0.0,0.0,158.819,3820.328639080082,186.772,4149.191908,73.25,37.86666667,3.958888466,2.174,0,0.0,2.319,24.6,149.0,77.0,6197
2016-12-01,55.02272727,21.64,0.0,0.0,157.762,3872.3038860037173,189.655,4149.191908,70.83333333,38.0,3.958888466,2.19,0,0.6,2.331,24.2,148.35,78.0,8826
2016-12-02,55.02272727,21.64,0.0,0.0,158.171,3812.495271533787,189.64,4149.191908,80.54166667,38.12903226,3.958888466,2.189,0,0.7,2.334,25.7,149.0,79.0,6951
2016-12-03,55.02272727,21.64,0.0,0.0,158.171,3812.495271533787,189.64,4149.191908,79.70833333,38.25806452,3.958888466,2.189,0,0.0,2.334,26.0,149.0,80.0,7276
2016-12-04,55.02272727,21.64,0.0,0.0,158.171,3827.647388880934,189.64,4149.191908,82.70833333,38.38709677,3.958888466,2.189,0,3.0,2.334,26.4,149.0,81.0,7229
2016-12-05,55.02272727,21.64,0.0,0.0,159.02,3827.647388880934,188.776,4149.191908,77.75,38.51612903,3.958888466,2.198,0,0.0,2.331,26.8,148.93,80.85714286,8035
2016-12-06,55.02272727,21.65,0.0,0.0,160.309,3820.328639080082,188.024,4149.191908,70.91666667,38.64516129,3.958888466,2.208,0,0.0,2.355,26.8,148.9,80.71428571,9366
2016-12-07,55.02272727,21.65,0.0,0.0,159.591,3827.647388880934,187.444,4149.191908,72.75,38.77419355,3.958888466,2.205,0,0.0,2.352,26.6,148.93,80.57142857,9670
2016-12-08,55.02272727,21.56,0.0,0.0,160.144,3812.495271533787,187.302,4149.191908,84.54166667,38.90322581,3.958888466,2.207,0,2.3,2.384,26.1,148.93,80.42857143,8165
2016-12-09,55.02272727,21.56,0.0,0.0,158.097,3820.328639080082,188.784,4149.191908,88.54166667,39.03225806,3.958888466,2.209,0,6.3,2.441,25.5,148.93,80.28571429,7440
2016-12-10,55.02272727,21.56,0.0,0.0,158.097,3872.3038860037173,188.784,4149.191908,86.08333333,39.16129032,3.958888466,2.209,0,1.1,2.441,26.0,148.93,80.14285714,7776
2016-12-11,55.02272727,21.56,0.0,0.0,158.097,3820.328639080082,188.784,4149.191908,80.58333333,39.29032258,3.958888466,2.209,0,0.9,2.441,26.6,148.93,80.0,8123
2016-12-12,55.02272727,21.58,0.0,0.0,157.3,3792.9176458359616,188.516,4149.191908,77.125,39.41935484,3.958888466,2.209,0,0.9,2.454,26.7,148.93,80.0,10116
2016-12-13,55.02272727,21.57,0.0,0.0,158.38,3792.9176458359616,187.123,4149.191908,81.20833333,39.5483871,3.958888466,2.207,0,2.9,2.397,26.0,148.93,80.0,10074
2016-12-14,55.02272727,21.45,0.0,0.0,158.268,3792.9176458359616,184.957,4149.191908,80.29166667,39.67741935,3.958888466,2.195,0,0.6,2.412,26.1,148.93,80.0,7717
2016-12-15,55.02272727,21.4,0.0,0.0,156.92,3812.495271533787,186.118,4149.191908,76.66666667,39.80645161,3.958888466,2.195,0,0.0,2.399,25.7,148.93,80.0,7929
2016-12-16,55.02272727,21.42,0.0,0.0,155.096,3827.647388880934,184.673,4149.191908,81.0,39.93548387,3.958888466,2.195,0,3.6,2.405,26.0,148.93,80.0,6839
2016-12-17,55.02272727,21.42,0.0,0.0,155.096,3827.647388880934,184.673,4149.191908,77.08333333,40.06451613,3.958888466,2.195,0,0.6,2.405,26.9,148.93,80.0,6779
2016-12-18,55.02272727,21.42,0.0,0.0,155.096,3872.3038860037173,184.673,4149.191908,71.125,40.19354839,3.958888466,2.195,0,0.2,2.405,27.1,148.93,80.0,7212
2016-12-19,55.02272727,21.43,0.0,0.0,155.647,3812.495271533787,184.137,4149.191908,76.20833333,40.32258065,3.958888466,2.193,0,0.2,2.423,25.6,148.93,82.57142857,6664
2016-12-20,55.02272727,21.45,0.0,0.0,154.924,3827.647388880934,183.989,4149.191908,83.625,40.4516129,3.958888466,2.196,0,8.1,2.433,26.4,148.93,85.14285714,5548
2016-12-21,55.02272727,21.61,0.0,0.0,154.709,3792.9176458359616,184.484,4149.191908,84.58333333,40.58064516,3.958888466,2.214,0,1.9,2.463,26.2,148.93,87.71428571,5292
2016-12-22,55.02272727,21.56,0.0,0.0,155.252,3812.495271533787,184.081,4149.191908,77.66666667,40.70967742,3.958888466,2.208,0,0.1,2.451,27.0,150.2,90.28571429,5485
2016-12-23,55.02272727,21.55,0.0,0.0,156.749,3872.3038860037173,184.021,4149.191908,72.54166667,40.83870968,3.958888466,2.21,0,0.0,2.456,25.9,149.75,92.85714286,6167
2016-12-24,55.02272727,21.55,0.0,0.0,156.749,3872.3038860037173,184.021,4149.191908,65.83333333,40.96774194,3.958888466,2.21,0,0.0,2.456,24.6,149.75,95.42857143,7296
2016-12-25,55.02272727,21.55,0.0,0.0,156.749,3820.328639080082,184.021,4149.191908,68.875,41.09677419,3.958888466,2.21,0,0.0,2.456,24.7,149.75,98.0,8650
2016-12-26,55.02272727,21.42,0.0,0.0,156.586,3792.9176458359616,182.752,4149.191908,69.875,41.22580645,3.958888466,2.191,0,0.0,2.458,26.1,149.75,96.71428571,6052
2016-12-27,55.02272727,21.4,0.0,0.0,156.578,3820.328639080082,182.075,4149.191908,80.70833333,41.35483871,3.958888466,2.183,0,7.2,2.461,26.7,148.93,95.42857143,5081
2016-12-28,55.02272727,21.54,0.0,0.0,155.736,3827.647388880934,183.7,4149.191908,86.79166667,41.48387097,3.958888466,2.205,0,24.5,2.482,26.2,148.93,94.14285714,4856
2016-12-29,55.02272727,21.57,0.0,0.0,155.081,3820.328639080082,184.831,4149.191908,83.375,41.61290323,3.958888466,2.204,0,3.0,2.445,26.4,149.8,92.85714286,5239
2016-12-30,55.02272727,21.56,0.0,0.0,157.162,3812.495271533787,183.825,4149.191908,74.0,41.74193548,3.958888466,2.198,0,0.0,2.445,26.9,149.8,91.57142857,6114
2016-12-31,55.02272727,21.56,0.0,0.0,157.162,3792.9176458359616,183.825,4149.191908,70.58333333,41.87096774,3.958888466,2.198,0,0.0,2.445,26.9,149.8,90.28571429,6824
2017-01-01,55.71090909,21.56,0.0,0.0,157.162,3792.9176458359616,183.825,4398.888281,78.45833333,42.0,7.704137679,2.198,0,4.7,2.445,26.6,149.8,89.0,6679
2017-01-02,55.71090909,21.53,0.0,0.0,157.53,3792.9176458359616,183.463,4398.888281,77.91666667,41.90322581,7.704137679,2.196,0,6.9,2.46,26.3,149.75,89.0,6752
2017-01-03,55.71090909,21.62,0.0,0.0,156.631,3872.3038860037173,184.719,4398.888281,76.0,41.80645161,7.704137679,2.208,0,0.5,2.483,26.6,149.9,89.0,7039
2017-01-04,55.71090909,21.75,0.0,0.0,155.986,3792.9176458359616,186.105,4398.888281,76.83333333,41.70967742,7.704137679,2.212,0,0.0,2.525,25.4,149.91,89.0,7319
2017-01-05,55.71090909,21.67,0.0,0.0,157.241,3812.495271533787,184.231,4398.888281,68.95833333,41.61290323,7.704137679,2.201,0,0.0,2.514,24.4,149.855,89.0,9137
2017-01-06,55.71090909,21.6,0.0,0.0,158.952,3827.647388880934,182.279,4398.888281,71.54166667,41.51612903,7.704137679,2.201,0,0.0,2.492,24.7,149.94,89.0,9174
2017-01-07,55.71090909,21.6,0.0,0.0,158.952,3792.9176458359616,182.279,4398.888281,68.33333333,41.41935484,7.704137679,2.201,0,0.0,2.492,24.9,149.94,89.0,9933
2017-01-08,55.71090909,21.6,0.0,0.0,158.952,3827.647388880934,182.279,4398.888281,59.5,41.32258065,7.704137679,2.201,1,0.0,2.492,24.9,149.94,89.0,11870
2017-01-09,55.71090909,21.65,0.0,0.0,157.932,3792.9176458359616,182.479,4398.888281,69.54166667,41.22580645,7.704137679,2.193,0,0.0,2.492,24.2,149.87,88.71428571,10169
2017-01-10,55.71090909,21.63,0.0,0.0,158.472,3812.495271533787,183.254,4398.888281,76.79166667,41.12903226,7.704137679,2.197,0,0.0,2.512,23.9,149.855,88.42857143,9178
2017-01-11,55.71090909,21.77,0.0,0.0,158.172,3812.495271533787,182.473,4398.888281,73.70833333,41.03225806,7.704137679,2.202,0,0.0,2.527,25.0,150.06,88.14285714,8980
2017-01-12,55.71090909,21.75,0.0,0.0,158.801,3792.9176458359616,182.751,4398.888281,79.79166667,40.93548387,7.704137679,2.201,0,0.0,2.518,24.7,150.06,87.85714286,10168
2017-01-13,55.71090909,21.73,0.0,0.0,159.251,3872.3038860037173,180.698,4398.888281,75.625,40.83870968,7.704137679,2.202,0,0.0,2.506,24.9,150.06,87.57142857,8248
2017-01-14,55.71090909,21.73,0.0,0.0,159.251,3812.495271533787,180.698,4398.888281,73.375,40.74193548,7.704137679,2.202,1,0.0,2.506,24.7,150.06,87.28571429,10451
2017-01-15,55.71090909,21.73,0.0,0.0,159.251,3820.328639080082,180.698,4398.888281,71.79166667,40.64516129,7.704137679,2.202,0,0.1,2.506,26.0,150.06,87.0,7753
2017-01-16,55.71090909,21.86,0.0,0.0,159.724,3820.328639080082,186.022,4398.888281,64.0,40.5483871,7.704137679,2.208,0,0.0,2.522,27.0,149.975,87.14285714,7826
2017-01-17,55.71090909,21.95,0.0,0.0,159.018,3827.647388880934,184.02,4398.888281,61.45833333,40.4516129,7.704137679,2.2,0,0.0,2.523,25.8,149.855,87.28571429,8240
2017-01-18,55.71090909,21.85,0.0,0.0,160.548,3820.328639080082,185.309,4398.888281,59.20833333,40.35483871,7.704137679,2.205,0,0.0,2.508,26.0,150.11,87.42857143,8339
2017-01-19,55.71090909,21.84,0.0,0.0,159.575,3820.328639080082,185.811,4398.888281,68.83333333,40.25806452,7.704137679,2.206,0,0.2,2.517,26.3,150.145,87.57142857,6583
2017-01-20,55.71090909,21.91,0.0,0.0,160.115,3820.328639080082,188.265,4398.888281,72.66666667,40.16129032,7.704137679,2.207,0,3.7,2.523,26.5,150.15,87.71428571,5819
2017-01-21,55.71090909,21.91,0.0,0.0,160.115,3820.328639080082,188.265,4398.888281,84.54166667,40.06451613,7.704137679,2.207,0,0.3,2.523,26.2,150.15,87.85714286,4815
2017-01-22,55.71090909,21.91,0.0,0.0,160.115,3827.647388880934,188.265,4398.888281,85.33333333,39.96774194,7.704137679,2.207,0,3.3,2.523,25.9,150.15,88.0,4701
2017-01-23,55.71090909,21.9,0.0,0.0,160.706,3872.3038860037173,188.058,4398.888281,79.54166667,39.87096774,7.704137679,2.204,0,1.7,2.536,25.9,150.185,88.0,4884
2017-01-24,55.71090909,21.84,0.0,0.0,161.674,3812.495271533787,189.909,4398.888281,79.75,39.77419355,7.704137679,2.211,0,10.7,2.524,25.9,150.2,88.0,4758
2017-01-25,55.71090909,21.84,0.0,0.0,161.179,3812.495271533787,189.293,4398.888281,87.75,39.67741935,7.704137679,2.205,0,5.3,2.49,25.4,150.31,88.0,4368
2017-01-26,55.71090909,21.84,0.0,0.0,161.553,3820.328639080082,188.677,4398.888281,83.79166667,39.58064516,7.704137679,2.207,0,2.2,2.511,26.2,150.31,88.0,4371
2017-01-27,55.71090909,21.84,0.0,0.0,160.577,3812.495271533787,187.64,4398.888281,90.58333333,39.48387097,7.704137679,2.216,0,18.2,2.507,25.1,150.28,88.0,4060
2017-01-28,55.71090909,21.84,0.0,0.0,160.577,3820.328639080082,187.64,4398.888281,88.45833333,39.38709677,7.704137679,2.216,0,8.0,2.507,25.5,150.28,88.0,4255
2017-01-29,55.71090909,21.84,0.0,0.0,160.577,3812.495271533787,187.64,4398.888281,87.45833333,39.29032258,7.704137679,2.216,0,5.7,2.507,26.2,150.28,88.0,4291
2017-01-30,55.71090909,21.86,0.0,0.0,160.785,3872.3038860037173,189.232,4398.888281,89.375,39.19354839,7.704137679,2.228,0,24.4,2.5,25.5,150.28,87.71428571,4477
2017-01-31,55.71090909,21.88,0.0,0.0,160.717,3812.495271533787,190.615,4398.888281,87.25,39.09677419,7.704137679,2.234,0,0.8,2.504,25.5,150.435,87.42857143,4723
2017-02-01,56.096,21.87,0.0,0.0,162.44,3812.495271533787,188.547,4398.888281,84.375,39.0,7.704137679,2.239,0,0.0,2.534,24.8,150.6,87.14285714,6139
2017-02-02,56.096,21.9,0.0,0.0,162.181,3820.328639080082,187.875,4398.888281,73.125,39.14285714,7.704137679,2.239,0,0.1,2.549,25.3,150.5,86.85714286,7146
2017-02-03,56.096,21.94,0.0,0.0,161.916,3792.9176458359616,187.76,4398.888281,63.91666667,39.28571429,7.704137679,2.241,0,0.0,2.555,25.4,150.45,86.57142857,8236
2017-02-04,56.096,21.94,0.0,0.0,161.916,3812.495271533787,187.76,4398.888281,69.125,39.42857143,7.704137679,2.241,1,0.0,2.555,25.0,150.45,86.28571429,10394
2017-02-05,56.096,21.94,0.0,0.0,161.916,3872.3038860037173,187.76,4398.888281,72.70833333,39.57142857,7.704137679,2.241,0,0.0,2.555,24.9,150.45,86.0,8444
2017-02-06,56.096,21.88,0.0,0.0,162.245,3792.9176458359616,188.45,4398.888281,78.33333333,39.71428571,7.704137679,2.237,0,0.0,2.532,25.0,150.575,86.57142857,7914
2017-02-07,56.096,21.93,0.0,0.0,161.868,3872.3038860037173,188.972,4398.888281,75.04166667,39.85714286,7.704137679,2.248,0,0.0,2.544,24.2,150.645,87.14285714,9187
2017-02-08,56.096,21.94,0.0,0.0,160.934,3792.9176458359616,188.341,4398.888281,79.625,40.0,7.704137679,2.257,0,0.0,2.557,24.3,150.695,87.71428571,8577
2017-02-09,56.096,21.9,0.0,0.0,161.228,3820.328639080082,188.197,4398.888281,77.125,40.14285714,7.704137679,2.254,0,0.0,2.585,25.2,150.715,88.28571429,8428
2017-02-10,56.096,21.88,0.0,0.0,160.602,3792.9176458359616,188.581,4398.888281,76.91666667,40.28571429,7.704137679,2.248,1,0.0,2.597,25.1,150.66,88.85714286,10364
2017-02-11,56.096,21.88,0.0,0.0,160.602,3872.3038860037173,188.581,4398.888281,74.125,40.42857143,7.704137679,2.248,0,0.0,2.597,26.1,150.66,89.42857143,8330
2017-02-12,56.096,21.88,0.0,0.0,160.602,3827.647388880934,188.581,4398.888281,67.75,40.57142857,7.704137679,2.248,0,0.0,2.597,26.3,150.66,90.0,8912
2017-02-13,56.096,21.92,0.0,0.0,160.317,3820.328639080082,187.729,4398.888281,69.75,40.71428571,7.704137679,2.253,0,0.0,2.638,26.4,150.575,89.57142857,7924
2017-02-14,56.096,21.92,0.0,0.0,159.579,3827.647388880934,187.64,4398.888281,79.625,40.85714286,7.704137679,2.252,0,5.4,2.634,26.6,150.55,89.14285714,6552
2017-02-15,56.096,21.99,0.0,0.0,159.244,3820.328639080082,188.194,4398.888281,72.70833333,41.0,7.704137679,2.247,0,1.2,2.615,27.3,150.6,88.71428571,6978
2017-02-16,56.096,22.0,0.0,0.0,159.651,3872.3038860037173,187.509,4398.888281,59.91666667,41.14285714,7.704137679,2.252,0,0.0,2.584,28.4,150.7,88.28571429,8028
2017-02-17,56.096,21.97,0.0,0.0,160.85,3827.647388880934,188.323,4398.888281,59.5,41.28571429,7.704137679,2.259,0,0.0,2.607,28.3,151.04,87.85714286,7571
2017-02-18,56.096,21.97,0.0,0.0,160.85,3812.495271533787,188.323,4398.888281,67.54166667,41.42857143,7.704137679,2.259,0,0.7,2.607,27.4,151.04,87.42857143,6755
2017-02-19,56.096,21.97,0.0,0.0,160.85,3827.647388880934,188.323,4398.888281,80.875,41.57142857,7.704137679,2.259,0,16.8,2.607,26.2,151.04,87.0,5744
2017-02-20,56.096,21.94,0.0,0.0,160.314,3820.328639080082,188.377,4398.888281,86.5,41.71428571,7.704137679,2.255,0,3.4,2.629,25.6,151.13,86.28571429,5034
2017-02-21,56.096,22.16,0.0,0.0,160.402,3827.647388880934,189.797,4398.888281,82.70833333,41.85714286,7.704137679,2.277,0,0.1,2.627,25.8,151.04,85.57142857,5246
2017-02-22,56.096,22.2,0.0,0.0,159.15,3820.328639080082,191.382,4398.888281,82.91666667,42.0,7.704137679,2.286,0,0.0,2.639,25.7,152.435,84.85714286,5044
2017-02-23,56.096,22.19,0.0,0.0,160.911,3812.495271533787,190.049,4398.888281,82.25,42.14285714,7.704137679,2.287,0,2.4,2.606,26.4,152.435,84.14285714,4929
2017-02-24,56.096,22.12,0.0,0.0,161.306,3820.328639080082,189.088,4398.888281,84.125,42.28571429,7.704137679,2.279,0,2.7,2.615,26.2,152.435,83.42857143,5881
2017-02-25,56.096,22.12,0.0,0.0,161.306,3792.9176458359616,189.088,4398.888281,83.375,42.42857143,7.704137679,2.279,0,0.3,2.615,26.2,152.435,82.71428571,4691
2017-02-26,56.096,22.12,0.0,0.0,161.306,3792.9176458359616,189.088,4398.888281,85.0,42.57142857,7.704137679,2.279,0,1.2,2.615,25.7,152.435,82.0,4761
2017-02-27,56.096,22.2,0.0,0.0,161.018,3812.495271533787,188.729,4398.888281,74.45833333,42.71428571,7.704137679,2.285,0,0.8,2.611,26.9,151.975,81.42857143,5277
2017-02-28,56.096,22.15,0.0,0.0,160.896,3820.328639080082,187.419,4398.888281,80.95833333,42.85714286,7.704137679,2.28,0,7.9,2.615,26.4,152.44,80.85714286,5031
2017-03-01,52.65521739,22.12,0.0,0.0,161.236,3792.9176458359616,186.977,4398.888281,82.625,43.0,7.704137679,2.283,0,12.3,2.593,26.1,152.435,80.28571429,6784
2017-03-02,52.65521739,22.1,0.0,0.0,160.781,3872.3038860037173,187.42,4398.888281,83.125,42.90322581,7.704137679,2.283,0,1.2,2.617,26.4,152.435,79.71428571,6611
2017-03-03,52.65521739,22.09,0.0,0.0,160.156,3820.328639080082,186.448,4398.888281,85.70833333,42.80645161,7.704137679,2.285,0,3.5,2.616,26.3,152.435,79.14285714,6319
2017-03-04,52.65521739,22.09,0.0,0.0,160.156,3820.328639080082,186.448,4398.888281,88.29166667,42.70967742,7.704137679,2.285,0,11.2,2.616,25.9,152.435,78.57142857,6503
2017-03-05,52.65521739,22.09,0.0,0.0,160.156,3812.495271533787,186.448,4398.888281,83.91666667,42.61290323,7.704137679,2.285,0,0.0,2.616,26.9,152.435,78.0,6949
2017-03-06,52.65521739,21.94,0.0,0.0,161.932,3792.9176458359616,184.721,4398.888281,83.45833333,42.51612903,7.704137679,2.273,0,0.7,2.603,27.2,152.37,78.57142857,7172
2017-03-07,52.65521739,21.88,0.0,0.0,161.231,3820.328639080082,184.12,4398.888281,82.16666667,42.41935484,7.704137679,2.266,0,0.8,2.568,27.4,151.41,79.14285714,7697
2017-03-08,52.65521739,21.92,0.0,0.0,159.988,3872.3038860037173,184.292,4398.888281,82.79166667,42.32258065,7.704137679,2.271,0,6.8,2.556,27.1,151.29,79.71428571,8053
2017-03-09,52.65521739,21.92,0.0,0.0,159.475,3827.647388880934,184.35,4398.888281,84.83333333,42.22580645,7.704137679,2.276,0,3.9,2.57,27.0,151.475,80.28571429,7624
2017-03-10,52.65521739,21.91,0.0,0.0,160.215,3792.9176458359616,185.112,4398.888281,85.70833333,42.12903226,7.704137679,2.289,0,3.5,2.575,26.7,151.46,80.85714286,7442
2017-03-11,52.65521739,21.91,0.0,0.0,160.215,3792.9176458359616,185.112,4398.888281,86.83333333,42.03225806,7.704137679,2.289,0,2.2,2.575,26.1,151.46,81.42857143,7519
2017-03-12,52.65521739,21.91,0.0,0.0,160.215,3820.328639080082,185.112,4398.888281,86.375,41.93548387,7.704137679,2.289,0,17.2,2.575,26.4,151.46,82.0,9294
2017-03-13,52.65521739,21.96,0.0,0.0,161.638,3812.495271533787,184.558,4398.888281,86.375,41.83870968,7.704137679,2.309,0,11.2,2.564,26.5,151.495,81.28571429,7063
2017-03-14,52.65521739,21.99,0.0,0.0,161.395,3872.3038860037173,186.882,4398.888281,85.25,41.74193548,7.704137679,2.317,0,12.3,2.602,26.4,151.85,80.57142857,6872
2017-03-15,52.65521739,22.05,0.0,0.0,161.022,3812.495271533787,187.996,4398.888281,86.625,41.64516129,7.704137679,2.326,0,26.6,2.63,26.0,152.035,79.85714286,6446
2017-03-16,52.65521739,22.07,0.0,0.0,163.202,3827.647388880934,188.792,4398.888281,86.29166667,41.5483871,7.704137679,2.326,0,7.3,2.664,26.0,152.1,79.14285714,6180
2017-03-17,52.65521739,22.01,0.0,0.0,163.751,3827.647388880934,187.873,4398.888281,84.95833333,41.4516129,7.704137679,2.327,0,0.0,2.65,26.4,152.325,78.42857143,5862
2017-03-18,52.65521739,22.01,0.0,0.0,163.751,3872.3038860037173,187.873,4398.888281,85.95833333,41.35483871,7.704137679,2.327,0,2.1,2.65,26.7,152.325,77.71428571,5563
2017-03-19,52.65521739,22.01,0.0,0.0,163.751,3812.495271533787,187.873,4398.888281,85.0,41.25806452,7.704137679,2.327,0,1.8,2.65,26.8,152.325,77.0,5352
2017-03-20,52.65521739,22.03,0.0,0.0,163.567,3792.9176458359616,189.361,4398.888281,83.04166667,41.16129032,7.704137679,2.322,0,4.3,2.629,27.0,152.025,76.42857143,5209
2017-03-21,52.65521739,22.05,0.0,0.0,163.26,3827.647388880934,189.451,4398.888281,84.20833333,41.06451613,7.704137679,2.318,0,0.9,2.629,27.2,151.75,75.85714286,4931
2017-03-22,52.65521739,22.06,0.0,0.0,164.057,3827.647388880934,190.181,4398.888281,83.125,40.96774194,7.704137679,2.321,0,0.5,2.645,27.1,151.755,75.28571429,4894
2017-03-23,52.65521739,22.04,0.0,0.0,163.85,3872.3038860037173,189.248,4398.888281,83.0,40.87096774,7.704137679,2.319,0,1.1,2.665,26.5,151.895,74.71428571,4771
2017-03-24,52.65521739,22.1,0.0,0.0,163.788,3827.647388880934,190.753,4398.888281,80.66666667,40.77419355,7.704137679,2.337,0,0.1,2.668,26.6,151.75,74.14285714,4670
2017-03-25,52.65521739,22.1,0.0,0.0,163.788,3820.328639080082,190.753,4398.888281,79.75,40.67741935,7.704137679,2.337,0,1.7,2.668,26.9,151.75,73.57142857,4636
2017-03-26,52.65521739,22.1,0.0,0.0,163.788,3812.495271533787,190.753,4398.888281,76.45833333,40.58064516,7.704137679,2.337,0,0.0,2.668,26.6,151.75,73.0,4955
2017-03-27,52.65521739,22.09,0.0,0.0,163.875,3820.328639080082,189.203,4398.888281,78.5,40.48387097,7.704137679,2.336,0,1.1,2.664,27.0,151.885,74.57142857,4680
2017-03-28,52.65521739,22.08,0.0,0.0,165.016,3812.495271533787,189.128,4398.888281,79.0,40.38709677,7.704137679,2.345,0,1.7,2.687,27.1,151.97,76.14285714,4680
2017-03-29,52.65521739,22.08,0.0,0.0,164.325,3820.328639080082,189.694,4398.888281,83.66666667,40.29032258,7.704137679,2.345,0,4.4,2.712,26.7,152.105,77.71428571,4498
2017-03-30,52.65521739,22.09,0.0,0.0,163.772,3792.9176458359616,190.998,4398.888281,83.41666667,40.19354839,7.704137679,2.346,0,1.7,2.704,27.2,152.12,79.28571429,4456
2017-03-31,52.65521739,22.06,0.0,0.0,162.388,3872.3038860037173,189.734,4398.888281,84.20833333,40.09677419,7.704137679,2.338,0,2.0,2.71,27.5,152.135,80.85714286,4391
2017-04-01,53.978,22.06,0.0,0.0,162.388,4720.677644149714,189.734,4398.888281,81.04166667,40.0,7.704137679,2.338,0,1.7,2.71,27.9,152.135,82.42857143,5155
2017-04-02,53.978,22.06,0.0,0.0,162.388,4720.677644149714,189.734,4398.888281,83.04166667,40.0,7.704137679,2.338,0,3.4,2.71,27.4,152.135,84.0,5270
2017-04-03,53.978,22.05,0.0,0.0,162.07,4720.677644149714,188.909,4398.888281,85.83333333,40.0,7.704137679,2.333,0,1.2,2.708,27.2,151.945,86.28571429,5132
2017-04-04,53.978,22.01,0.0,0.0,162.102,4857.06081723155,189.461,4398.888281,87.54166667,40.0,7.704137679,2.34,0,14.0,2.694,26.8,151.85,88.57142857,5449
2017-04-05,53.978,22.0,0.0,0.0,162.077,4720.677644149714,189.224,4398.888281,84.41666667,40.0,7.704137679,2.349,0,1.3,2.691,27.3,151.775,90.85714286,5861
2017-04-06,53.978,21.99,0.0,0.0,161.845,4946.156467770035,187.75,4398.888281,84.91666667,40.0,7.704137679,2.361,0,12.0,2.65,27.3,151.75,93.14285714,6198
2017-04-07,53.978,21.97,0.0,0.0,161.53,4720.677644149714,188.311,4398.888281,83.70833333,40.0,7.704137679,2.348,0,3.9,2.649,27.5,151.735,95.42857143,6294
2017-04-08,53.978,21.97,0.0,0.0,161.53,4720.677644149714,188.311,4398.888281,82.5,40.0,7.704137679,2.348,0,6.6,2.649,27.7,151.735,97.71428571,6606
2017-04-09,53.978,21.97,0.0,0.0,161.53,4720.677644149714,188.311,4398.888281,82.375,40.0,7.704137679,2.348,0,1.6,2.649,27.7,151.735,100.0,6746
2017-04-10,53.978,22.09,0.0,0.0,160.688,4857.06081723155,190.202,4398.888281,80.58333333,40.0,7.704137679,2.359,0,1.2,2.676,27.8,151.68,97.42857143,8512
2017-04-11,53.978,22.08,0.0,0.0,160.727,4946.156467770035,190.828,4398.888281,86.58333333,40.0,7.704137679,2.352,0,16.8,2.688,27.2,152.265,94.85714286,6135
2017-04-12,53.978,22.08,0.0,0.0,161.439,4857.06081723155,190.196,4398.888281,88.83333333,40.0,7.704137679,2.361,0,14.3,2.703,26.7,152.175,92.28571429,6032
2017-04-13,53.978,22.08,0.0,0.0,162.31,4720.677644149714,190.434,4398.888281,89.04166667,40.0,7.704137679,2.358,0,19.1,2.699,26.5,152.12,89.71428571,7301
2017-04-14,53.978,22.07,0.0,0.0,161.46,4962.135323476788,190.849,4398.888281,87.25,40.0,7.704137679,2.356,0,5.2,2.717,27.4,152.055,87.14285714,6748
2017-04-15,53.978,22.07,0.0,0.0,161.46,4946.156467770035,190.849,4398.888281,78.58333333,40.0,7.704137679,2.356,0,3.8,2.717,28.8,152.055,84.57142857,5498
2017-04-16,53.978,22.07,0.0,0.0,161.46,4857.06081723155,190.849,4398.888281,78.75,40.0,7.704137679,2.356,0,1.8,2.717,29.0,152.055,82.0,5321
2017-04-17,53.978,22.08,0.0,0.0,161.353,4857.06081723155,195.118,4398.888281,82.375,40.0,7.704137679,2.353,0,1.8,2.702,28.8,151.895,80.85714286,4805
2017-04-18,53.978,22.1,0.0,0.0,161.669,5016.919107260571,194.567,4398.888281,76.375,40.0,7.704137679,2.355,0,0.1,2.692,29.2,151.985,79.71428571,5080
2017-04-19,53.978,22.12,0.0,0.0,163.095,4946.156467770035,195.106,4398.888281,76.83333333,40.0,7.704137679,2.356,0,0.0,2.71,28.8,152.255,78.57142857,4940
2017-04-20,53.978,22.14,0.0,0.0,163.08,4946.156467770035,195.334,4398.888281,77.95833333,40.0,7.704137679,2.358,0,0.7,2.7,28.6,152.26,77.42857143,4703
2017-04-21,53.978,22.12,0.0,0.0,163.185,4946.156467770035,194.834,4398.888281,78.54166667,40.0,7.704137679,2.361,0,2.2,2.731,28.6,152.45,76.28571429,4324
2017-04-22,53.978,22.12,0.0,0.0,163.185,4946.156467770035,194.834,4398.888281,78.83333333,40.0,7.704137679,2.361,0,2.6,2.731,28.7,152.45,75.14285714,4204
2017-04-23,53.978,22.12,0.0,0.0,163.185,5016.919107260571,194.834,4398.888281,77.70833333,40.0,7.704137679,2.361,0,4.0,2.731,29.1,152.45,74.0,4173
2017-04-24,53.978,22.07,0.0,0.0,163.548,5016.919107260571,195.087,4398.888281,81.08333333,40.0,7.704137679,2.362,0,5.0,2.706,28.4,152.285,74.42857143,3996
2017-04-25,53.978,22.08,0.0,0.0,165.496,4857.06081723155,195.501,4398.888281,83.625,40.0,7.704137679,2.373,0,3.3,2.664,28.0,151.925,74.85714286,4071
2017-04-26,53.978,22.08,0.0,0.0,165.994,4720.677644149714,196.567,4398.888281,80.04166667,40.0,7.704137679,2.376,0,2.4,2.672,28.6,152.2,75.28571429,4169
2017-04-27,53.978,22.11,0.0,0.0,165.952,4857.06081723155,197.411,4398.888281,76.83333333,40.0,7.704137679,2.371,0,1.1,2.676,28.6,152.33,75.71428571,4402
2017-04-28,53.978,22.17,0.0,0.0,165.629,4962.135323476788,196.428,4398.888281,80.875,40.0,7.704137679,2.372,0,3.1,2.675,28.4,152.435,76.14285714,4201
2017-04-29,53.978,22.17,0.0,0.0,165.629,4962.135323476788,196.428,4398.888281,81.29166667,40.0,7.704137679,2.372,0,2.9,2.675,28.5,152.435,76.57142857,4327
2017-04-30,53.978,22.17,0.0,0.0,165.629,4946.156467770035,196.428,4398.888281,79.75,40.0,7.704137679,2.372,0,2.8,2.675,28.3,152.435,77.0,4596
2017-05-01,51.37434783,22.04,0.0,0.0,166.109,3820.328639080082,196.659,4398.888281,77.04166667,40.0,7.704137679,2.369,0,2.3,2.665,28.0,152.435,77.42857143,5370
2017-05-02,51.37434783,22.08,0.0,0.0,166.139,3820.328639080082,196.036,4398.888281,78.20833333,39.90322581,7.704137679,2.374,0,0.8,2.656,28.0,151.995,77.85714286,4297
2017-05-03,51.37434783,22.11,0.0,0.0,166.131,3827.647388880934,197.076,4398.888281,79.5,39.80645161,7.704137679,2.375,0,0.9,2.612,27.8,152.355,78.28571429,4564
2017-05-04,51.37434783,22.09,0.0,0.0,165.846,3820.328639080082,197.961,4398.888281,77.66666667,39.70967742,7.704137679,2.371,0,1.1,2.632,28.3,152.5,78.71428571,4570
2017-05-05,51.37434783,22.09,0.0,0.0,167.513,3792.9176458359616,197.374,4398.888281,77.54166667,39.61290323,7.704137679,2.37,0,1.4,2.616,28.5,152.5,79.14285714,4767
2017-05-06,51.37434783,22.09,0.0,0.0,167.513,3827.647388880934,197.374,4398.888281,78.33333333,39.51612903,7.704137679,2.37,0,0.4,2.616,28.1,152.5,79.57142857,5110
2017-05-07,51.37434783,22.09,0.0,0.0,167.513,3872.3038860037173,197.374,4398.888281,81.54166667,39.41935484,7.704137679,2.37,0,7.3,2.616,27.8,152.5,80.0,5189
2017-05-08,51.37434783,22.09,0.0,0.0,167.712,3827.647388880934,197.369,4398.888281,78.79166667,39.32258065,7.704137679,2.359,0,2.0,2.612,28.0,152.53,77.57142857,5344
2017-05-09,51.37434783,22.1,0.0,0.0,166.624,3872.3038860037173,197.415,4398.888281,78.70833333,39.22580645,7.704137679,2.362,0,2.8,2.656,28.4,152.585,75.14285714,5135
2017-05-10,51.37434783,22.1,0.0,0.0,165.921,3812.495271533787,196.636,4398.888281,81.875,39.12903226,7.704137679,2.369,0,4.6,2.674,28.0,152.585,72.71428571,6145
2017-05-11,51.37434783,22.12,0.0,0.0,165.829,3820.328639080082,196.717,4398.888281,83.83333333,39.03225806,7.704137679,2.375,0,4.4,2.675,27.4,152.585,70.28571429,5990
2017-05-12,51.37434783,22.14,0.0,0.0,165.731,3872.3038860037173,196.755,4398.888281,83.04166667,38.93548387,7.704137679,2.382,0,4.9,2.707,27.7,152.6,67.85714286,4442
2017-05-13,51.37434783,22.14,0.0,0.0,165.731,3820.328639080082,196.755,4398.888281,83.66666667,38.83870968,7.704137679,2.382,0,1.4,2.707,28.0,152.6,65.42857143,4185
2017-05-14,51.37434783,22.14,0.0,0.0,165.731,3792.9176458359616,196.755,4398.888281,85.875,38.74193548,7.704137679,2.382,0,13.4,2.707,27.8,152.6,63.0,3925
2017-05-15,51.37434783,22.14,0.0,0.0,166.808,3827.647388880934,196.933,4398.888281,85.41666667,38.64516129,7.704137679,2.381,0,9.3,2.693,27.7,152.6,63.71428571,3870
2017-05-16,51.37434783,22.19,0.0,0.0,167.479,3812.495271533787,198.052,4398.888281,82.70833333,38.5483871,7.704137679,2.381,0,5.1,2.674,28.5,152.455,64.42857143,3795
2017-05-17,51.37434783,22.14,0.0,0.0,168.958,3792.9176458359616,197.283,4398.888281,84.5,38.4516129,7.704137679,2.351,0,5.0,2.65,28.3,152.7,65.14285714,3672
2017-05-18,51.37434783,22.13,0.0,0.0,170.39,3820.328639080082,198.577,4398.888281,88.75,38.35483871,7.704137679,2.359,0,23.3,2.674,26.9,152.53,65.85714286,3499
2017-05-19,51.37434783,22.18,0.0,0.0,169.355,3792.9176458359616,198.601,4398.888281,81.83333333,38.25806452,7.704137679,2.368,0,9.3,2.697,28.3,152.335,66.57142857,3318
2017-05-20,51.37434783,22.18,0.0,0.0,169.355,3812.495271533787,198.601,4398.888281,85.375,38.16129032,7.704137679,2.368,0,14.0,2.697,27.6,152.335,67.28571429,3177
2017-05-21,51.37434783,22.18,0.0,0.0,169.355,3812.495271533787,198.601,4398.888281,86.41666667,38.06451613,7.704137679,2.368,0,14.9,2.697,27.5,152.335,68.0,3048
2017-05-22,51.37434783,22.15,0.0,0.0,170.722,3812.495271533787,197.86,4398.888281,89.16666667,37.96774194,7.704137679,2.352,0,16.6,2.709,26.8,152.77,66.28571429,2865
2017-05-23,51.37434783,22.14,0.0,0.0,171.675,3820.328639080082,197.951,4398.888281,90.0,37.87096774,7.704137679,2.356,0,23.3,2.702,26.5,152.64,64.57142857,2851
2017-05-24,51.37434783,22.19,0.0,0.0,170.705,3820.328639080082,197.264,4398.888281,90.41666667,37.77419355,7.704137679,2.362,0,22.2,2.678,26.6,152.575,62.85714286,2796
2017-05-25,51.37434783,22.23,0.0,0.0,171.174,3792.9176458359616,195.1,4398.888281,89.75,37.67741935,7.704137679,2.362,0,26.1,2.696,26.6,152.445,61.14285714,2710
2017-05-26,51.37434783,22.29,0.0,0.0,170.891,3820.328639080082,196.211,4398.888281,87.75,37.58064516,7.704137679,2.368,0,24.1,2.705,26.9,152.38,59.42857143,2691
2017-05-27,51.37434783,22.29,0.0,0.0,170.891,3792.9176458359616,196.211,4398.888281,88.875,37.48387097,7.704137679,2.368,0,36.8,2.705,27.1,152.38,57.71428571,2652
2017-05-28,51.37434783,22.29,0.0,0.0,170.891,3812.495271533787,196.211,4398.888281,85.58333333,37.38709677,7.704137679,2.368,0,13.9,2.705,27.8,152.38,56.0,2759
2017-05-29,51.37434783,22.26,0.0,0.0,170.407,3872.3038860037173,196.26,4398.888281,83.75,37.29032258,7.704137679,2.362,0,16.0,2.698,27.8,152.8,56.14285714,2884
2017-05-30,51.37434783,22.42,0.0,0.0,170.586,3872.3038860037173,196.792,4398.888281,85.5,37.19354839,7.704137679,2.367,0,21.4,2.697,26.8,152.63,56.28571429,3090
2017-05-31,51.37434783,22.39,0.0,0.0,170.732,3872.3038860037173,196.34,4398.888281,86.33333333,37.09677419,7.704137679,2.364,0,21.1,2.702,26.8,152.67,56.42857143,3181
2017-06-01,47.65272727,22.36,0.0,0.0,171.655,3792.9176458359616,196.249,4398.888281,84.08333333,37.0,7.704137679,2.364,0,10.2,2.688,27.5,152.42,56.57142857,3927
2017-06-02,47.65272727,22.4,0.0,0.0,170.909,3792.9176458359616,196.701,4398.888281,87.16666667,37.0,7.704137679,2.369,0,23.6,2.692,26.7,152.29,56.71428571,3866
2017-06-03,47.65272727,22.4,0.0,0.0,170.909,3827.647388880934,196.701,4398.888281,88.70833333,37.0,7.704137679,2.369,0,31.6,2.692,26.6,152.29,56.85714286,3999
2017-06-04,47.65272727,22.4,0.0,0.0,170.909,3827.647388880934,196.701,4398.888281,88.125,37.0,7.704137679,2.369,0,16.8,2.692,27.0,152.29,57.0,4140
2017-06-05,47.65272727,22.47,0.0,0.0,171.814,3792.9176458359616,197.151,4398.888281,87.25,37.0,7.704137679,2.37,0,13.3,2.7,27.0,152.44,57.42857143,4312
2017-06-06,47.65272727,22.39,0.0,0.0,171.564,3792.9176458359616,197.218,4398.888281,85.08333333,37.0,7.704137679,2.362,0,7.0,2.666,27.4,152.7,57.85714286,4658
2017-06-07,47.65272727,22.35,0.0,0.0,172.208,3820.328639080082,196.867,4398.888281,85.25,37.0,7.704137679,2.366,0,15.8,2.67,27.0,152.18,58.28571429,5025
2017-06-08,47.65272727,22.42,0.0,0.0,171.309,3820.328639080082,194.254,4398.888281,83.625,37.0,7.704137679,2.372,0,2.0,2.673,27.9,151.985,58.71428571,6289
2017-06-09,47.65272727,22.38,0.0,0.0,170.436,3827.647388880934,192.582,4398.888281,82.45833333,37.0,7.704137679,2.36,0,4.4,2.666,27.8,152.415,59.14285714,5009
2017-06-10,47.65272727,22.38,0.0,0.0,170.436,3792.9176458359616,192.582,4398.888281,85.20833333,37.0,7.704137679,2.36,0,4.2,2.666,27.1,152.415,59.57142857,4994
2017-06-11,47.65272727,22.38,0.0,0.0,170.436,3820.328639080082,192.582,4398.888281,85.04166667,37.0,7.704137679,2.36,0,4.3,2.666,27.0,152.415,60.0,5036
2017-06-12,47.65272727,22.44,0.0,0.0,170.637,3827.647388880934,194.57,4398.888281,86.20833333,37.0,7.704137679,2.371,0,1.5,2.676,27.3,152.16,61.0,4666
2017-06-13,47.65272727,22.49,0.0,0.0,170.465,3827.647388880934,194.748,4398.888281,88.125,37.0,7.704137679,2.378,0,4.3,2.662,27.0,152.55,62.0,4509
2017-06-14,47.65272727,22.46,0.0,0.0,171.017,3872.3038860037173,195.037,4398.888281,89.5,37.0,7.704137679,2.368,0,14.7,2.643,26.3,152.72,63.0,4547
2017-06-15,47.65272727,22.44,0.0,0.0,171.321,3812.495271533787,195.243,4398.888281,88.875,37.0,7.704137679,2.371,0,9.7,2.645,26.4,152.91,64.0,4298
2017-06-16,47.65272727,22.41,0.0,0.0,170.418,3872.3038860037173,194.629,4398.888281,88.70833333,37.0,7.704137679,2.369,0,16.3,2.613,26.2,152.82,65.0,4226
2017-06-17,47.65272727,22.41,0.0,0.0,170.418,3792.9176458359616,194.629,4398.888281,84.95833333,37.0,7.704137679,2.369,0,6.1,2.613,27.2,152.82,66.0,4064
2017-06-18,47.65272727,22.41,0.0,0.0,170.418,3827.647388880934,194.629,4398.888281,86.83333333,37.0,7.704137679,2.369,0,4.6,2.613,27.2,152.82,67.0,3860
2017-06-19,47.65272727,22.42,0.0,0.0,171.12,3812.495271533787,193.411,4398.888281,90.41666667,37.0,7.704137679,2.373,0,27.9,2.568,26.0,152.8,67.14285714,3792
2017-06-20,47.65272727,22.42,0.0,0.0,170.357,3812.495271533787,194.044,4398.888281,90.0,37.0,7.704137679,2.373,0,14.2,2.54,26.3,153.13,67.28571429,3686
2017-06-21,47.65272727,22.4,0.0,0.0,170.502,3872.3038860037173,194.181,4398.888281,87.91666667,37.0,7.704137679,2.37,0,8.2,2.553,26.7,153.14,67.42857143,3664
2017-06-22,47.65272727,22.41,0.0,0.0,171.026,3792.9176458359616,194.853,4398.888281,86.625,37.0,7.704137679,2.375,0,6.6,2.577,27.1,153.115,67.57142857,3401
2017-06-23,47.65272727,22.38,0.0,0.0,170.762,3792.9176458359616,194.753,4398.888281,86.16666667,37.0,7.704137679,2.376,0,24.9,2.603,26.5,153.21,67.71428571,3286
2017-06-24,47.65272727,22.38,0.0,0.0,170.762,3792.9176458359616,194.753,4398.888281,85.83333333,37.0,7.704137679,2.376,0,37.6,2.603,26.4,153.21,67.85714286,3284
2017-06-25,47.65272727,22.38,0.0,0.0,170.762,3872.3038860037173,194.753,4398.888281,85.75,37.0,7.704137679,2.376,0,15.0,2.603,26.6,153.21,68.0,3290
2017-06-26,47.65272727,22.47,0.0,0.0,171.504,3792.9176458359616,196.181,4398.888281,86.95833333,37.0,7.704137679,2.374,0,11.3,2.576,26.7,153.095,68.14285714,4048
2017-06-27,47.65272727,22.53,0.0,0.0,171.183,3792.9176458359616,198.053,4398.888281,87.875,37.0,7.704137679,2.375,0,38.9,2.586,26.5,153.075,68.28571429,3195
2017-06-28,47.65272727,22.61,0.0,0.0,173.572,3792.9176458359616,199.581,4398.888281,85.625,37.0,7.704137679,2.373,0,4.2,2.583,27.0,153.22,68.42857143,3422
2017-06-29,47.65272727,22.62,0.0,0.0,174.334,3827.647388880934,199.776,4398.888281,85.625,37.0,7.704137679,2.373,0,1.5,2.603,27.4,153.435,68.57142857,3412
2017-06-30,47.65272727,22.58,0.0,0.0,175.537,3827.647388880934,198.648,4398.888281,88.125,37.0,7.704137679,2.368,0,3.0,2.592,27.1,153.355,68.71428571,3446
2017-07-01,49.25333333,22.58,0.0,0.0,175.537,3792.9176458359616,198.648,4398.888281,87.0,37.0,7.704137679,2.368,0,12.8,2.592,27.0,153.355,68.85714286,5202
2017-07-02,49.25333333,22.58,0.0,0.0,175.537,3792.9176458359616,198.648,4398.888281,82.08333333,37.25806452,7.704137679,2.368,0,5.4,2.592,27.7,153.355,69.0,5629
2017-07-03,49.25333333,22.59,0.0,0.0,175.224,3827.647388880934,198.516,4398.888281,82.25,37.51612903,7.704137679,2.372,0,9.2,2.585,27.7,153.55,70.85714286,5792
2017-07-04,49.25333333,22.56,0.0,0.0,174.502,3812.495271533787,198.441,4398.888281,81.95833333,37.77419355,7.704137679,2.368,0,2.0,2.558,27.7,153.65,72.71428571,6134
2017-07-05,49.25333333,22.56,0.0,0.0,174.323,3820.328639080082,199.001,4398.888281,82.91666667,38.03225806,7.704137679,2.37,0,2.4,2.551,27.8,153.42,74.57142857,6506
2017-07-06,49.25333333,22.56,0.0,0.0,174.162,3812.495271533787,197.918,4398.888281,82.875,38.29032258,7.704137679,2.376,0,5.9,2.543,27.7,153.42,76.42857143,6800
2017-07-07,49.25333333,22.56,0.0,0.0,175.252,3792.9176458359616,197.73,4398.888281,83.20833333,38.5483871,7.704137679,2.381,0,9.5,2.548,27.5,153.52,78.28571429,7082
2017-07-08,49.25333333,22.56,0.0,0.0,175.252,3792.9176458359616,197.73,4398.888281,84.91666667,38.80645161,7.704137679,2.381,0,18.0,2.548,27.0,153.52,80.14285714,9416
2017-07-09,49.25333333,22.56,0.0,0.0,175.252,3820.328639080082,197.73,4398.888281,88.33333333,39.06451613,7.704137679,2.381,0,35.5,2.548,25.9,153.52,82.0,7717
2017-07-10,49.25333333,22.58,0.0,0.0,175.028,4205.408305482472,197.315,4398.888281,84.70833333,39.32258065,7.704137679,2.379,0,9.4,2.527,26.6,153.505,81.57142857,8372
2017-07-11,49.25333333,22.63,0.0,0.0,174.988,4349.403980166176,197.907,4398.888281,84.54166667,39.58064516,7.704137679,2.382,0,5.2,2.562,27.0,153.57,81.14285714,8555
2017-07-12,49.25333333,22.65,0.0,0.0,176.114,4205.50012904891,198.784,4398.888281,83.41666667,39.83870968,7.704137679,2.383,0,2.5,2.571,27.4,153.595,80.71428571,8199
2017-07-13,49.25333333,22.66,0.0,0.0,175.282,4205.50012904891,201.083,4398.888281,82.875,40.09677419,7.704137679,2.383,0,2.9,2.601,27.5,153.625,80.28571429,7666
2017-07-14,49.25333333,22.7,0.0,0.0,175.109,4349.403980166176,200.603,4398.888281,83.04166667,40.35483871,7.704137679,2.388,0,1.6,2.59,27.4,153.545,79.85714286,7686
2017-07-15,49.25333333,22.7,0.0,0.0,175.109,4365.037166085946,200.603,4398.888281,81.91666667,40.61290323,7.704137679,2.388,0,2.4,2.59,27.4,153.545,79.42857143,7697
2017-07-16,49.25333333,22.7,0.0,0.0,175.109,4561.857285074308,200.603,4398.888281,83.5,40.87096774,7.704137679,2.388,0,1.7,2.59,27.4,153.545,79.0,7403
2017-07-17,49.25333333,22.76,0.0,0.0,176.101,4205.50012904891,200.203,4398.888281,83.20833333,41.12903226,7.704137679,2.387,0,2.9,2.595,27.4,153.66,79.0,6840
2017-07-18,49.25333333,22.75,0.0,0.0,176.379,4205.50012904891,199.95,4398.888281,80.95833333,41.38709677,7.704137679,2.39,0,2.3,2.604,27.6,153.53,79.0,6810
2017-07-19,49.25333333,22.71,0.0,0.0,177.396,3792.9176458359616,199.162,4398.888281,86.25,41.64516129,7.704137679,2.385,0,5.7,2.605,26.8,153.595,79.0,5947
2017-07-20,49.25333333,22.71,0.0,0.0,176.873,3812.495271533787,199.676,4398.888281,83.70833333,41.90322581,7.704137679,2.386,0,3.4,2.59,27.3,153.52,79.0,5835
2017-07-21,49.25333333,22.72,0.0,0.0,178.552,3872.3038860037173,199.807,4398.888281,85.08333333,42.16129032,7.704137679,2.382,0,11.4,2.555,26.8,153.65,79.0,5937
2017-07-22,49.25333333,22.72,0.0,0.0,178.552,3812.495271533787,199.807,4398.888281,85.33333333,42.41935484,7.704137679,2.382,0,10.9,2.555,27.3,153.65,79.0,5628
2017-07-23,49.25333333,22.72,0.0,0.0,178.552,3872.3038860037173,199.807,4398.888281,83.54166667,42.67741935,7.704137679,2.382,0,5.2,2.555,27.6,153.65,79.0,5721
2017-07-24,49.25333333,22.73,0.0,0.0,179.202,3827.647388880934,199.83,4398.888281,80.79166667,42.93548387,7.704137679,2.383,0,6.5,2.563,27.7,153.355,80.28571429,5705
2017-07-25,49.25333333,22.72,0.0,0.0,178.536,3792.9176458359616,201.302,4398.888281,84.29166667,43.19354839,7.704137679,2.384,0,3.0,2.583,27.7,153.42,81.57142857,5235
2017-07-26,49.25333333,22.78,0.0,0.0,178.688,3820.328639080082,200.724,4398.888281,83.70833333,43.4516129,7.704137679,2.396,0,7.0,2.581,27.7,153.42,82.85714286,5478
2017-07-27,49.25333333,22.8,0.0,0.0,180.024,3872.3038860037173,201.763,4398.888281,82.08333333,43.70967742,7.704137679,2.396,0,6.4,2.579,27.6,153.635,84.14285714,5823
2017-07-28,49.25333333,22.83,0.0,0.0,179.392,3820.328639080082,202.916,4398.888281,84.79166667,43.96774194,7.704137679,2.392,0,16.9,2.569,27.2,153.595,85.42857143,5689
2017-07-29,49.25333333,22.83,0.0,0.0,179.392,3792.9176458359616,202.916,4398.888281,84.875,44.22580645,7.704137679,2.392,0,14.5,2.569,27.1,153.595,86.71428571,5969
2017-07-30,49.25333333,22.83,0.0,0.0,179.392,3872.3038860037173,202.916,4398.888281,86.0,44.48387097,7.704137679,2.392,0,17.0,2.569,27.0,153.595,88.0,6317
2017-07-31,49.25333333,22.81,0.0,0.0,180.505,3827.647388880934,202.351,4398.888281,88.45833333,44.74193548,7.704137679,2.391,0,12.9,2.539,26.2,153.55,88.28571429,6692
2017-08-01,51.92782609,22.83,0.0,0.0,181.834,3827.647388880934,202.913,4398.888281,84.70833333,45.0,7.704137679,2.412,0,5.8,2.534,26.9,153.255,88.57142857,7147
2017-08-02,51.92782609,22.82,0.0,0.0,180.864,3812.495271533787,201.375,4398.888281,84.25,44.77419355,7.704137679,2.406,0,6.3,2.54,27.1,153.46,88.85714286,7112
2017-08-03,51.92782609,22.8,0.0,0.0,181.942,3872.3038860037173,200.013,4398.888281,82.125,44.5483871,7.704137679,2.41,0,3.7,2.561,27.4,153.265,89.14285714,7387
2017-08-04,51.92782609,22.82,0.0,0.0,181.925,3827.647388880934,199.904,4398.888281,83.91666667,44.32258065,7.704137679,2.402,0,7.8,2.555,27.2,153.425,89.42857143,7291
2017-08-05,51.92782609,22.82,0.0,0.0,181.925,3792.9176458359616,199.904,4398.888281,83.5,44.09677419,7.704137679,2.402,0,8.6,2.555,27.2,153.425,89.71428571,7686
2017-08-06,51.92782609,22.82,0.0,0.0,181.925,3792.9176458359616,199.904,4398.888281,86.25,43.87096774,7.704137679,2.402,0,42.3,2.555,26.5,153.425,90.0,7946
2017-08-07,51.92782609,22.86,0.0,0.0,180.612,3820.328639080082,199.152,4398.888281,87.45833333,43.64516129,7.704137679,2.407,0,19.3,2.561,26.2,153.36,90.14285714,10055
2017-08-08,51.92782609,22.96,0.0,0.0,180.896,3872.3038860037173,199.302,4398.888281,85.66666667,43.41935484,7.704137679,2.4,0,8.1,2.55,27.1,153.3,90.28571429,8157
2017-08-09,51.92782609,23.06,0.0,0.0,180.173,3792.9176458359616,198.907,4398.888281,86.58333333,43.19354839,7.704137679,2.392,0,8.0,2.55,26.8,153.25,90.42857143,8082
2017-08-10,51.92782609,22.96,0.0,0.0,180.207,3820.328639080082,199.149,4398.888281,87.20833333,42.96774194,7.704137679,2.386,0,15.9,2.557,26.4,153.3,90.57142857,7967
2017-08-11,51.92782609,22.96,0.0,0.0,180.464,3792.9176458359616,198.559,4398.888281,83.375,42.74193548,7.704137679,2.39,0,12.2,2.556,26.8,153.05,90.71428571,7942
2017-08-12,51.92782609,22.96,0.0,0.0,180.464,3820.328639080082,198.559,4398.888281,82.70833333,42.51612903,7.704137679,2.39,0,0.6,2.556,27.1,153.05,90.85714286,7791
2017-08-13,51.92782609,22.96,0.0,0.0,180.464,3872.3038860037173,198.559,4398.888281,85.75,42.29032258,7.704137679,2.39,0,5.6,2.556,26.8,153.05,91.0,7356
2017-08-14,51.92782609,22.92,0.0,0.0,180.913,3792.9176458359616,197.201,4398.888281,85.625,42.06451613,7.704137679,2.39,0,2.3,2.566,26.8,153.15,90.0,6761
2017-08-15,51.92782609,22.9,0.0,0.0,180.411,3792.9176458359616,197.538,4398.888281,85.20833333,41.83870968,7.704137679,2.388,0,3.3,2.58,26.6,153.225,89.0,6512
2017-08-16,51.92782609,22.96,0.0,0.0,179.81,3820.328639080082,197.274,4398.888281,82.625,41.61290323,7.704137679,2.389,0,2.7,2.589,26.8,153.225,88.0,6447
2017-08-17,51.92782609,22.98,0.0,0.0,180.3,3827.647388880934,197.389,4398.888281,83.58333333,41.38709677,7.704137679,2.392,0,6.5,2.601,26.8,153.3,87.0,5952
2017-08-18,51.92782609,22.98,0.0,0.0,179.729,3792.9176458359616,197.579,4398.888281,88.83333333,41.16129032,7.704137679,2.389,0,35.3,2.589,25.7,153.3,86.0,5378
2017-08-19,51.92782609,22.98,0.0,0.0,179.729,3872.3038860037173,197.579,4398.888281,83.29166667,40.93548387,7.704137679,2.389,0,5.4,2.589,26.9,153.3,85.0,5437
2017-08-20,51.92782609,22.98,0.0,0.0,179.729,3820.328639080082,197.579,4398.888281,83.54166667,40.70967742,7.704137679,2.389,0,10.6,2.589,27.0,153.3,84.0,5144
2017-08-21,51.92782609,22.96,0.0,0.0,180.311,3812.495271533787,196.207,4398.888281,85.875,40.48387097,7.704137679,2.388,0,7.8,2.59,26.8,153.15,83.42857143,4711
2017-08-22,51.92782609,22.97,0.0,0.0,180.946,3792.9176458359616,195.808,4398.888281,86.20833333,40.25806452,7.704137679,2.389,0,23.1,2.59,26.5,153.0,82.85714286,4614
2017-08-23,51.92782609,22.97,0.0,0.0,179.958,3827.647388880934,195.84,4398.888281,86.95833333,40.03225806,7.704137679,2.389,0,12.5,2.587,26.7,152.975,82.28571429,4400
2017-08-24,51.92782609,23.01,0.0,0.0,180.625,3872.3038860037173,197.194,4398.888281,84.875,39.80645161,7.704137679,2.39,0,4.2,2.612,26.9,153.0,81.71428571,4279
2017-08-25,51.92782609,23.14,0.0,0.0,180.524,3827.647388880934,197.803,4398.888281,85.29166667,39.58064516,7.704137679,2.393,0,2.5,2.617,27.1,153.0,81.14285714,4011
2017-08-26,51.92782609,23.14,0.0,0.0,180.524,3820.328639080082,197.803,4398.888281,84.0,39.35483871,7.704137679,2.393,0,3.8,2.617,27.1,153.0,80.57142857,4106
2017-08-27,51.92782609,23.14,0.0,0.0,180.524,3872.3038860037173,197.803,4398.888281,83.95833333,39.12903226,7.704137679,2.393,0,8.3,2.617,27.0,153.0,80.0,4209
2017-08-28,51.92782609,23.17,0.0,0.0,182.438,3827.647388880934,197.482,4398.888281,86.66666667,38.90322581,7.704137679,2.388,0,21.1,2.599,26.4,152.95,80.0,4232
2017-08-29,51.92782609,23.18,0.0,0.0,183.219,3792.9176458359616,197.527,4398.888281,85.58333333,38.67741935,7.704137679,2.388,0,11.2,2.611,26.6,152.85,80.0,4320
2017-08-30,51.92782609,23.18,0.0,0.0,183.0,3827.647388880934,197.546,4398.888281,88.20833333,38.4516129,7.704137679,2.39,0,11.9,2.633,26.5,152.825,80.0,4290
2017-08-31,51.92782609,23.29,0.0,0.0,181.618,3827.647388880934,197.851,4398.888281,88.66666667,38.22580645,7.704137679,2.386,0,10.7,2.659,26.5,152.775,80.0,4206
2017-09-01,55.55761905,23.34,0.0,0.0,181.955,3827.647388880934,197.109,4398.888281,88.91666667,38.0,7.704137679,2.38,0,10.5,2.636,26.7,152.775,80.0,5951
2017-09-02,55.55761905,23.34,0.0,0.0,181.955,3872.3038860037173,197.109,4398.888281,86.875,37.93333333,7.704137679,2.38,0,3.9,2.636,26.5,152.775,80.0,5089
2017-09-03,55.55761905,23.34,0.0,0.0,181.955,3820.328639080082,197.109,4398.888281,90.16666667,37.86666667,7.704137679,2.38,0,15.9,2.636,25.7,152.775,80.0,5155
2017-09-04,55.55761905,23.31,0.0,0.0,181.175,3820.328639080082,198.656,4398.888281,86.29166667,37.8,7.704137679,2.378,0,9.4,2.65,26.6,152.425,79.0,5202
2017-09-05,55.55761905,23.4,0.0,0.0,181.325,3812.495271533787,199.134,4398.888281,90.08333333,37.73333333,7.704137679,2.383,0,15.8,2.661,25.6,152.425,78.0,6831
2017-09-06,55.55761905,23.54,0.0,0.0,181.599,3820.328639080082,200.053,4398.888281,89.875,37.66666667,7.704137679,2.385,0,25.0,2.684,25.6,152.675,77.0,5668
2017-09-07,55.55761905,23.57,0.0,0.0,181.943,3792.9176458359616,201.64,4398.888281,89.83333333,37.6,7.704137679,2.395,0,15.3,2.663,25.5,152.7,76.0,5914
2017-09-08,55.55761905,23.4,0.0,0.0,183.591,3872.3038860037173,201.139,4398.888281,90.04166667,37.53333333,7.704137679,2.39,0,29.1,2.671,25.5,152.775,75.0,6040
2017-09-09,55.55761905,23.4,0.0,0.0,183.591,3792.9176458359616,201.139,4398.888281,89.66666667,37.46666667,7.704137679,2.39,0,27.7,2.671,25.6,152.775,74.0,6085
2017-09-10,55.55761905,23.4,0.0,0.0,183.591,3820.328639080082,201.139,4398.888281,86.41666667,37.4,7.704137679,2.39,0,12.3,2.671,26.3,152.775,73.0,6256
2017-09-11,55.55761905,23.39,0.0,0.0,183.865,3812.495271533787,203.046,4398.888281,87.875,37.33333333,7.704137679,2.387,0,9.9,2.651,26.3,152.8,73.14285714,5966
2017-09-12,55.55761905,23.39,0.0,0.0,182.642,3792.9176458359616,202.162,4398.888281,87.5,37.26666667,7.704137679,2.391,0,6.7,2.64,26.3,152.85,73.28571429,5824
2017-09-13,55.55761905,23.32,0.0,0.0,182.908,3812.495271533787,204.841,4398.888281,91.375,37.2,7.704137679,2.385,0,24.4,2.659,25.3,153.025,73.42857143,5527
2017-09-14,55.55761905,23.33,0.0,0.0,181.893,3812.495271533787,207.837,4398.888281,86.58333333,37.13333333,7.704137679,2.385,0,10.5,2.653,26.3,152.9,73.57142857,5324
2017-09-15,55.55761905,23.27,0.0,0.0,182.242,3792.9176458359616,206.458,4398.888281,86.0,37.06666667,7.704137679,2.385,0,1.0,2.633,26.8,152.9,73.71428571,5037
2017-09-16,55.55761905,23.27,0.0,0.0,182.242,3820.328639080082,206.458,4398.888281,81.95833333,37.0,7.704137679,2.385,0,2.5,2.633,27.4,152.9,73.85714286,5104
2017-09-17,55.55761905,23.27,0.0,0.0,182.242,3792.9176458359616,206.458,4398.888281,84.66666667,36.93333333,7.704137679,2.385,0,11.5,2.633,26.5,152.9,74.0,4888
2017-09-18,55.55761905,23.26,0.0,0.0,182.608,3827.647388880934,206.856,4398.888281,83.58333333,36.86666667,7.704137679,2.381,0,1.9,2.635,27.3,153.0,73.14285714,4539
2017-09-19,55.55761905,23.22,0.0,0.0,182.897,3820.328639080082,206.02,4398.888281,81.70833333,36.8,7.704137679,2.375,0,0.4,2.621,27.4,153.125,72.28571429,4524
2017-09-20,55.55761905,23.18,0.0,0.0,183.659,3812.495271533787,207.484,4398.888281,85.0,36.73333333,7.704137679,2.357,0,7.6,2.636,26.6,152.675,71.42857143,4289
2017-09-21,55.55761905,23.18,0.0,0.0,181.577,3872.3038860037173,206.106,4398.888281,85.45833333,36.66666667,7.704137679,2.358,0,9.2,2.657,26.6,152.775,70.57142857,3964
2017-09-22,55.55761905,23.11,0.0,0.0,182.444,3820.328639080082,206.045,4398.888281,84.66666667,36.6,7.704137679,2.349,0,3.3,2.66,27.0,152.75,69.71428571,3692
2017-09-23,55.55761905,23.11,0.0,0.0,182.444,3812.495271533787,206.045,4398.888281,83.70833333,36.53333333,7.704137679,2.349,0,2.6,2.66,27.0,152.75,68.85714286,3663
2017-09-24,55.55761905,23.11,0.0,0.0,182.444,3827.647388880934,206.045,4398.888281,86.0,36.46666667,7.704137679,2.349,0,6.0,2.66,26.7,152.75,68.0,3546
2017-09-25,55.55761905,23.04,0.0,0.0,182.506,3792.9176458359616,205.916,4398.888281,90.25,36.4,7.704137679,2.337,0,16.5,2.644,25.8,153.0,68.0,3341
2017-09-26,55.55761905,23.05,0.0,0.0,181.274,3812.495271533787,204.94,4398.888281,88.16666667,36.33333333,7.704137679,2.33,0,10.3,2.631,26.2,153.0,68.0,3380
2017-09-27,55.55761905,22.98,0.0,0.0,180.433,3812.495271533787,205.838,4398.888281,86.58333333,36.26666667,7.704137679,2.339,0,21.6,2.644,26.3,153.1,68.0,3439
2017-09-28,55.55761905,23.01,0.0,0.0,179.816,3820.328639080082,205.082,4398.888281,82.5,36.2,7.704137679,2.344,0,5.5,2.66,27.0,153.125,68.0,3512
2017-09-29,55.55761905,23.01,0.0,0.0,180.473,3827.647388880934,203.279,4398.888281,79.70833333,36.13333333,7.704137679,2.344,0,0.5,2.645,27.4,153.08,68.0,3694
2017-09-30,55.55761905,23.01,0.0,0.0,180.473,3872.3038860037173,203.279,4398.888281,86.45833333,36.06666667,7.704137679,2.344,0,4.4,2.645,26.7,153.08,68.0,3633
2017-10-01,57.53636364,23.01,0.0,0.0,180.473,3827.647388880934,203.279,4398.888281,88.95833333,36.0,7.704137679,2.344,0,5.7,2.645,26.6,153.08,68.0,4394
2017-10-02,57.53636364,23.03,0.0,0.0,180.849,3792.9176458359616,202.896,4398.888281,86.54166667,36.16129032,7.704137679,2.34,0,5.6,2.645,26.8,153.1,68.28571429,4522
2017-10-03,57.53636364,23.04,0.0,0.0,179.632,3792.9176458359616,203.077,4398.888281,87.875,36.32258065,7.704137679,2.357,0,14.1,2.658,26.5,153.25,68.57142857,4590
2017-10-04,57.53636364,23.04,0.0,0.0,179.976,3872.3038860037173,201.114,4398.888281,86.66666667,36.48387097,7.704137679,2.353,0,15.6,2.656,26.7,153.3,68.85714286,4998
2017-10-05,57.53636364,23.04,0.0,0.0,180.288,3872.3038860037173,200.294,4398.888281,89.70833333,36.64516129,7.704137679,2.344,0,18.3,2.636,26.0,153.3,69.14285714,6627
2017-10-06,57.53636364,23.15,0.0,0.0,179.53,3872.3038860037173,201.533,4398.888281,89.95833333,36.80645161,7.704137679,2.346,0,31.2,2.631,25.9,153.3,69.42857143,5383
2017-10-07,57.53636364,23.15,0.0,0.0,179.53,3872.3038860037173,201.533,4398.888281,89.5,36.96774194,7.704137679,2.346,0,9.7,2.631,26.1,153.3,69.71428571,5694
2017-10-08,57.53636364,23.15,0.0,0.0,179.53,3812.495271533787,201.533,4398.888281,88.83333333,37.12903226,7.704137679,2.346,0,11.8,2.631,26.4,153.3,70.0,5801
2017-10-09,57.53636364,23.35,0.0,0.0,179.882,3792.9176458359616,202.616,4398.888281,87.33333333,37.29032258,7.704137679,2.352,0,11.5,2.648,26.5,153.35,69.85714286,5890
2017-10-10,57.53636364,23.29,0.0,0.0,180.041,3792.9176458359616,202.94,4398.888281,90.0,37.4516129,7.704137679,2.355,0,20.0,2.655,26.2,153.45,69.71428571,5772
2017-10-11,57.53636364,23.33,0.0,0.0,181.171,3827.647388880934,203.87,4398.888281,92.04166667,37.61290323,7.704137679,2.363,0,22.6,2.663,25.4,153.475,69.57142857,5954
2017-10-12,57.53636364,23.37,0.0,0.0,182.006,3872.3038860037173,204.28,4398.888281,90.95833333,37.77419355,7.704137679,2.376,0,20.2,2.689,25.7,153.725,69.42857143,5772
2017-10-13,57.53636364,23.31,0.0,0.0,181.864,3812.495271533787,203.52,4398.888281,90.625,37.93548387,7.704137679,2.374,0,30.9,2.681,25.7,153.75,69.28571429,5449
2017-10-14,57.53636364,23.31,0.0,0.0,181.864,3820.328639080082,203.52,4398.888281,90.625,38.09677419,7.704137679,2.374,0,45.1,2.681,25.5,153.75,69.14285714,5435
2017-10-15,57.53636364,23.31,0.0,0.0,181.864,3827.647388880934,203.52,4398.888281,86.16666667,38.25806452,7.704137679,2.374,0,12.7,2.681,26.5,153.75,69.0,5450
2017-10-16,57.53636364,23.19,0.0,0.0,181.779,3812.495271533787,202.639,4398.888281,82.08333333,38.41935484,7.704137679,2.362,0,2.5,2.679,27.7,153.6,68.71428571,5133
2017-10-17,57.53636364,23.18,0.0,0.0,181.194,3872.3038860037173,202.862,4398.888281,81.25,38.58064516,7.704137679,2.362,0,1.4,2.674,27.3,153.625,68.42857143,5187
2017-10-18,57.53636364,23.23,0.0,0.0,180.755,3812.495271533787,202.189,4398.888281,85.54166667,38.74193548,7.704137679,2.364,0,6.1,2.683,26.9,153.625,68.14285714,5972
2017-10-19,57.53636364,23.22,0.0,0.0,181.085,3827.647388880934,202.715,4398.888281,89.54166667,38.90322581,7.704137679,2.363,0,21.6,2.674,26.2,153.65,67.85714286,4463
2017-10-20,57.53636364,23.15,0.0,0.0,182.106,3792.9176458359616,202.846,4398.888281,90.41666667,39.06451613,7.704137679,2.364,0,19.3,2.673,25.9,153.7,67.57142857,4255
2017-10-21,57.53636364,23.15,0.0,0.0,182.106,3872.3038860037173,202.846,4398.888281,85.95833333,39.22580645,7.704137679,2.364,0,6.2,2.673,26.9,153.7,67.28571429,4351
2017-10-22,57.53636364,23.15,0.0,0.0,182.106,3872.3038860037173,202.846,4398.888281,88.5,39.38709677,7.704137679,2.364,0,8.8,2.673,26.5,153.7,67.0,4183
2017-10-23,57.53636364,23.18,0.0,0.0,181.143,3827.647388880934,202.032,4398.888281,88.04166667,39.5483871,7.704137679,2.363,0,4.7,2.668,26.8,153.7,68.85714286,3929
2017-10-24,57.53636364,23.17,0.0,0.0,180.582,3792.9176458359616,204.067,4398.888281,86.0,39.70967742,7.704137679,2.37,0,5.0,2.664,27.0,153.8,70.71428571,3905
2017-10-25,57.53636364,23.12,0.0,0.0,180.885,3827.647388880934,202.138,4398.888281,86.04166667,39.87096774,7.704137679,2.369,0,2.2,2.655,26.8,153.85,72.57142857,4022
2017-10-26,57.53636364,23.09,0.0,0.0,181.743,3872.3038860037173,201.596,4398.888281,87.58333333,40.03225806,7.704137679,2.361,0,5.9,2.643,26.3,153.6,74.42857143,4092
2017-10-27,57.53636364,23.11,0.0,0.0,178.952,3812.495271533787,202.883,4398.888281,84.91666667,40.19354839,7.704137679,2.368,0,1.4,2.649,26.3,153.55,76.28571429,4046
2017-10-28,57.53636364,23.11,0.0,0.0,178.952,3812.495271533787,202.883,4398.888281,88.125,40.35483871,7.704137679,2.368,0,2.2,2.649,26.3,153.55,78.14285714,4004
2017-10-29,57.53636364,23.11,0.0,0.0,178.952,3820.328639080082,202.883,4398.888281,88.04166667,40.51612903,7.704137679,2.368,0,12.3,2.649,25.9,153.55,80.0,4282
2017-10-30,57.53636364,23.15,0.0,0.0,178.272,3812.495271533787,204.06,4398.888281,90.375,40.67741935,7.704137679,2.373,0,19.4,2.633,25.7,153.6,79.14285714,4267
2017-10-31,57.53636364,23.28,0.0,0.0,178.959,3872.3038860037173,203.591,4398.888281,91.66666667,40.83870968,7.704137679,2.381,0,27.8,2.638,25.3,153.625,78.28571429,4607
2017-11-01,62.83636364,23.24,0.0,0.0,178.912,3792.9176458359616,200.586,4398.888281,89.5,41.0,7.704137679,2.379,0,20.2,2.639,25.7,153.7,77.42857143,5318
2017-11-02,62.83636364,23.14,0.0,0.0,178.584,3872.3038860037173,200.847,4398.888281,90.41666667,40.96666667,7.704137679,2.379,0,14.6,2.601,25.7,153.6,76.57142857,5470
2017-11-03,62.83636364,23.15,0.0,0.0,179.067,3827.647388880934,202.322,4398.888281,88.91666667,40.93333333,7.704137679,2.377,0,7.5,2.636,25.9,153.6,75.71428571,6885
2017-11-04,62.83636364,23.15,0.0,0.0,179.067,3820.328639080082,202.322,4398.888281,90.5,40.9,7.704137679,2.377,0,33.0,2.636,25.4,153.6,74.85714286,5694
2017-11-05,62.83636364,23.15,0.0,0.0,179.067,3872.3038860037173,202.322,4398.888281,90.95833333,40.86666667,7.704137679,2.377,0,15.8,2.636,25.3,153.6,74.0,6076
2017-11-06,62.83636364,23.11,0.0,0.0,178.314,3827.647388880934,202.015,4398.888281,90.54166667,40.83333333,7.704137679,2.358,0,15.8,2.584,25.7,153.6,74.42857143,6224
2017-11-07,62.83636364,23.14,0.0,0.0,178.329,3820.328639080082,201.159,4398.888281,90.54166667,40.8,7.704137679,2.363,0,9.6,2.589,25.1,153.425,74.85714286,6656
2017-11-08,62.83636364,23.13,0.0,0.0,177.766,3812.495271533787,201.914,4398.888281,92.70833333,40.76666667,7.704137679,2.364,0,69.7,2.591,24.8,153.375,75.28571429,6677
2017-11-09,62.83636364,23.13,0.0,0.0,177.846,3792.9176458359616,202.606,4398.888281,87.20833333,40.73333333,7.704137679,2.356,0,15.7,2.595,25.7,153.6,75.71428571,6884
2017-11-10,62.83636364,23.14,0.0,0.0,178.814,3792.9176458359616,201.528,4398.888281,84.45833333,40.7,7.704137679,2.348,0,7.6,2.587,26.0,153.6,76.14285714,7046
2017-11-11,62.83636364,23.14,0.0,0.0,178.814,3792.9176458359616,201.528,4398.888281,88.79166667,40.66666667,7.704137679,2.348,0,7.0,2.587,25.7,153.6,76.57142857,6689
2017-11-12,62.83636364,23.14,0.0,0.0,178.814,3792.9176458359616,201.528,4398.888281,82.58333333,40.63333333,7.704137679,2.348,0,0.0,2.587,26.3,153.6,77.0,7004
2017-11-13,62.83636364,23.15,0.0,0.0,179.174,3872.3038860037173,202.215,4398.888281,85.125,40.6,7.704137679,2.348,0,6.6,2.541,26.5,153.65,77.42857143,6659
2017-11-14,62.83636364,23.22,0.0,0.0,179.256,3812.495271533787,202.578,4398.888281,83.0,40.56666667,7.704137679,2.356,0,3.9,2.553,26.9,153.6,77.85714286,6401
2017-11-15,62.83636364,23.17,0.0,0.0,181.218,3827.647388880934,202.741,4398.888281,81.625,40.53333333,7.704137679,2.353,0,0.2,2.574,26.6,153.8,78.28571429,6543
2017-11-16,62.83636364,23.19,0.0,0.0,181.353,3820.328639080082,203.026,4398.888281,82.45833333,40.5,7.704137679,2.363,0,0.0,2.6,26.2,153.65,78.71428571,6135
2017-11-17,62.83636364,23.17,0.0,0.0,180.846,3820.328639080082,203.496,4398.888281,80.33333333,40.46666667,7.704137679,2.362,0,0.1,2.587,26.0,153.65,79.14285714,6018
2017-11-18,62.83636364,23.17,0.0,0.0,180.846,3792.9176458359616,203.496,4398.888281,85.33333333,40.43333333,7.704137679,2.362,0,2.6,2.587,26.1,153.65,79.57142857,5358
2017-11-19,62.83636364,23.17,0.0,0.0,180.846,3872.3038860037173,203.496,4398.888281,88.125,40.4,7.704137679,2.362,0,6.8,2.587,26.3,153.65,80.0,5018
2017-11-20,62.83636364,23.2,0.0,0.0,181.23,3827.647388880934,203.597,4398.888281,91.41666667,40.36666667,7.704137679,2.37,0,68.5,2.6,25.5,153.75,80.28571429,4646
2017-11-21,62.83636364,23.26,0.0,0.0,180.387,3872.3038860037173,204.895,4398.888281,89.5,40.33333333,7.704137679,2.37,0,7.3,2.632,25.5,153.78,80.57142857,4531
2017-11-22,62.83636364,23.35,0.0,0.0,180.507,3820.328639080082,204.585,4398.888281,89.04166667,40.3,7.704137679,2.381,0,6.0,2.63,25.6,153.75,80.85714286,4424
2017-11-23,62.83636364,23.29,0.0,0.0,181.763,3812.495271533787,205.064,4398.888281,89.0,40.26666667,7.704137679,2.377,0,17.5,2.633,25.7,153.725,81.14285714,4226
2017-11-24,62.83636364,23.28,0.0,0.0,182.187,3827.647388880934,204.565,4398.888281,80.0,40.23333333,7.704137679,2.382,0,0.2,2.626,26.5,153.75,81.42857143,4544
2017-11-25,62.83636364,23.28,0.0,0.0,182.187,3872.3038860037173,204.565,4398.888281,84.33333333,40.2,7.704137679,2.382,0,17.6,2.626,24.6,153.75,81.71428571,4707
2017-11-26,62.83636364,23.28,0.0,0.0,182.187,3872.3038860037173,204.565,4398.888281,91.79166667,40.16666667,7.704137679,2.382,0,14.9,2.626,24.3,153.75,82.0,4295
2017-11-27,62.83636364,23.28,0.0,0.0,183.431,3812.495271533787,205.162,4398.888281,92.5,40.13333333,7.704137679,2.388,0,50.6,2.633,24.4,153.6,81.57142857,4149
2017-11-28,62.83636364,23.27,0.0,0.0,182.754,3792.9176458359616,206.197,4398.888281,85.66666667,40.1,7.704137679,2.389,0,0.8,2.623,25.6,153.8,81.14285714,4422
2017-11-29,62.83636364,23.23,0.0,0.0,182.123,3827.647388880934,207.767,4398.888281,89.91666667,40.06666667,7.704137679,2.382,0,33.0,2.627,25.1,153.775,80.71428571,4384
2017-11-30,62.83636364,23.21,0.0,0.0,182.185,3820.328639080082,206.938,4398.888281,91.625,40.03333333,7.704137679,2.381,0,63.3,2.608,25.0,153.6,80.28571429,4428
2017-12-01,64.06428571,23.2,0.0,0.0,182.845,3862.6006968641113,206.978,4398.888281,93.83333333,40.0,7.704137679,2.385,0,69.9,2.611,24.7,153.6,79.85714286,8484
2017-12-02,64.06428571,23.2,0.0,0.0,182.845,3820.328639080082,206.978,4398.888281,90.04166667,40.06451613,7.704137679,2.385,0,15.9,2.611,25.4,153.6,79.42857143,7069
2017-12-03,64.06428571,23.2,0.0,0.0,182.845,3872.3038860037173,206.978,4398.888281,88.375,40.12903226,7.704137679,2.385,0,6.6,2.611,25.6,153.6,79.0,9558
2017-12-04,64.06428571,23.17,0.0,0.0,182.646,3812.495271533787,206.149,4398.888281,83.20833333,40.19354839,7.704137679,2.383,0,0.9,2.61,26.0,153.55,78.85714286,8021
2017-12-05,64.06428571,23.18,0.0,0.0,182.202,3820.328639080082,205.333,4398.888281,80.66666667,40.25806452,7.704137679,2.376,0,0.1,2.59,26.3,153.35,78.71428571,8827
2017-12-06,64.06428571,23.17,0.0,0.0,181.352,3792.9176458359616,206.691,4398.888281,86.91666667,40.32258065,7.704137679,2.376,0,1.9,2.592,25.4,153.325,78.57142857,8692
2017-12-07,64.06428571,23.14,0.0,0.0,180.862,3872.3038860037173,205.158,4398.888281,86.45833333,40.38709677,7.704137679,2.376,0,1.2,2.591,25.7,153.4,78.42857143,8970
2017-12-08,64.06428571,23.13,0.0,0.0,180.597,3792.9176458359616,204.22,4398.888281,84.79166667,40.4516129,7.704137679,2.379,0,0.0,2.598,25.5,153.2,78.28571429,9141
2017-12-09,64.06428571,23.13,0.0,0.0,180.597,3820.328639080082,204.22,4398.888281,82.625,40.51612903,7.704137679,2.379,0,0.0,2.598,24.7,153.2,78.14285714,10193
2017-12-10,64.06428571,23.13,0.0,0.0,180.597,3812.495271533787,204.22,4398.888281,84.08333333,40.58064516,7.704137679,2.379,0,0.4,2.598,25.2,153.2,78.0,9771
2017-12-11,64.06428571,23.12,0.0,0.0,180.232,3792.9176458359616,203.897,4398.888281,85.33333333,40.64516129,7.704137679,2.377,0,1.1,2.585,26.1,153.1,79.42857143,8937
2017-12-12,64.06428571,23.15,0.0,0.0,180.184,3872.3038860037173,205.594,4398.888281,89.125,40.70967742,7.704137679,2.377,0,4.2,2.616,25.9,153.11,80.85714286,8309
2017-12-13,64.06428571,23.18,0.0,0.0,179.781,3820.328639080082,205.771,4398.888281,89.75,40.77419355,7.704137679,2.381,0,8.7,2.602,25.4,153.2,82.28571429,8214
2017-12-14,64.06428571,23.17,0.0,0.0,181.182,3792.9176458359616,204.019,4398.888281,90.0,40.83870968,7.704137679,2.39,0,9.5,2.603,25.3,153.2,83.71428571,7914
2017-12-15,64.06428571,23.15,0.0,0.0,180.439,3872.3038860037173,204.994,4398.888281,88.79166667,40.90322581,7.704137679,2.386,0,3.7,2.61,25.5,153.15,85.14285714,7604
2017-12-16,64.06428571,23.15,0.0,0.0,180.439,3827.647388880934,204.994,4398.888281,86.33333333,40.96774194,7.704137679,2.386,0,0.4,2.61,26.1,153.15,86.57142857,7447
2017-12-17,64.06428571,23.15,0.0,0.0,180.439,3812.495271533787,204.994,4398.888281,78.625,41.03225806,7.704137679,2.386,0,0.2,2.61,26.5,153.15,88.0,7882
2017-12-18,64.06428571,23.18,0.0,0.0,180.012,3872.3038860037173,204.966,4398.888281,68.54166667,41.09677419,7.704137679,2.39,0,0.0,2.608,26.4,153.175,89.42857143,8876
2017-12-19,64.06428571,23.27,0.0,0.0,180.463,3872.3038860037173,204.779,4398.888281,75.83333333,41.16129032,7.704137679,2.388,0,0.4,2.608,26.0,153.125,90.85714286,7904
2017-12-20,64.06428571,23.22,0.0,0.0,181.3,3812.495271533787,204.698,4398.888281,90.25,41.22580645,7.704137679,2.389,0,22.1,2.616,25.0,153.1,92.28571429,6416
2017-12-21,64.06428571,23.25,0.0,0.0,181.752,3792.9176458359616,204.38,4398.888281,88.125,41.29032258,7.704137679,2.389,0,6.1,2.622,24.9,152.925,93.71428571,6368
2017-12-22,64.06428571,23.39,0.0,0.0,181.576,3792.9176458359616,204.479,4398.888281,75.70833333,41.35483871,7.704137679,2.389,0,0.0,2.637,25.9,152.95,95.14285714,6920
2017-12-23,64.06428571,23.39,0.0,0.0,181.576,3812.495271533787,204.479,4398.888281,70.375,41.41935484,7.704137679,2.389,0,0.0,2.637,26.0,152.95,96.57142857,7403
2017-12-24,64.06428571,23.39,0.0,0.0,181.576,3792.9176458359616,204.479,4398.888281,80.5,41.48387097,7.704137679,2.389,0,0.9,2.637,25.7,152.95,98.0,6312
2017-12-25,64.06428571,23.33,0.0,0.0,181.375,3820.328639080082,204.221,4398.888281,81.625,41.5483871,7.704137679,2.384,0,0.8,2.647,26.3,152.95,98.0,7354
2017-12-26,64.06428571,23.25,0.0,0.0,181.536,3872.3038860037173,204.204,4398.888281,81.66666667,41.61290323,7.704137679,2.377,0,0.6,2.64,26.1,152.7,98.0,5981
2017-12-27,64.06428571,23.48,0.0,0.0,181.079,3820.328639080082,206.224,4398.888281,78.04166667,41.67741935,7.704137679,2.394,0,2.5,2.665,26.5,152.425,98.0,6204
2017-12-28,64.06428571,23.59,0.0,0.0,181.203,3820.328639080082,207.448,4398.888281,67.45833333,41.74193548,7.704137679,2.405,0,0.0,2.662,26.2,153.4,98.0,7549
2017-12-29,64.06428571,23.59,0.0,0.0,183.206,3792.9176458359616,207.279,4398.888281,68.54166667,41.80645161,7.704137679,2.41,0,0.0,2.662,26.0,153.5,98.0,7696
2017-12-30,64.06428571,23.59,0.0,0.0,183.206,3827.647388880934,207.279,4398.888281,76.29166667,41.87096774,7.704137679,2.41,0,0.0,2.662,25.9,153.5,98.0,7276
2017-12-31,64.06428571,23.59,0.0,0.0,183.206,3820.328639080082,207.279,4398.888281,79.58333333,41.93548387,7.704137679,2.41,0,0.0,2.662,25.9,153.5,98.0,7244
2018-01-01,68.88913043,23.65,0.0,0.0,184.169,3820.328639080082,208.644,4358.560959,83.04166667,42.0,2.135037737,2.42,0,0.3,2.669,25.6,153.5,97.28571429,7742
2018-01-02,68.88913043,23.64,0.0,0.0,184.353,3792.9176458359616,207.733,4358.560959,81.625,42.09677419,2.135037737,2.42,0,0.4,2.69,25.6,153.55,96.57142857,6296
2018-01-03,68.88913043,23.66,0.0,0.0,185.166,3872.3038860037173,208.242,4358.560959,81.58333333,42.19354839,2.135037737,2.424,0,1.5,2.698,25.8,153.7,95.85714286,6649
2018-01-04,68.88913043,23.66,0.0,0.0,184.671,3820.328639080082,208.341,4358.560959,70.33333333,42.29032258,2.135037737,2.424,0,0.0,2.696,26.1,153.65,95.14285714,7873
2018-01-05,68.88913043,23.66,0.0,0.0,185.425,3820.328639080082,208.642,4358.560959,65.41666667,42.38709677,2.135037737,2.423,0,0.0,2.692,25.4,153.525,94.42857143,9195
2018-01-06,68.88913043,23.66,0.0,0.0,185.425,3872.3038860037173,208.642,4358.560959,64.08333333,42.48387097,2.135037737,2.423,0,0.0,2.692,25.1,153.525,93.71428571,10238
2018-01-07,68.88913043,23.66,0.0,0.0,185.425,3792.9176458359616,208.642,4358.560959,64.16666667,42.58064516,2.135037737,2.423,1,0.0,2.692,24.8,153.525,93.0,10731
2018-01-08,68.88913043,23.55,0.0,0.0,184.691,3872.3038860037173,208.245,4358.560959,66.75,42.67741935,2.135037737,2.416,0,0.0,2.704,25.1,153.775,92.0,10184
2018-01-09,68.88913043,23.63,0.0,0.0,184.023,3827.647388880934,207.738,4358.560959,73.125,42.77419355,2.135037737,2.417,0,0.0,2.696,25.7,153.8,91.0,9086
2018-01-10,68.88913043,23.67,0.0,0.0,183.591,3792.9176458359616,208.147,4358.560959,80.16666667,42.87096774,2.135037737,2.414,0,4.1,2.723,25.9,153.8,90.0,7939
2018-01-11,68.88913043,23.83,0.0,0.0,183.744,3872.3038860037173,211.366,4358.560959,84.875,42.96774194,2.135037737,2.42,0,5.4,2.718,25.8,153.75,89.0,7474
2018-01-12,68.88913043,23.92,0.0,0.0,184.992,3792.9176458359616,212.328,4358.560959,85.54166667,43.06451613,2.135037737,2.424,0,1.6,2.733,25.5,153.95,88.0,7111
2018-01-13,68.88913043,23.92,0.0,0.0,184.992,3827.647388880934,212.328,4358.560959,87.41666667,43.16129032,2.135037737,2.424,0,1.7,2.733,25.4,153.95,87.0,6893
2018-01-14,68.88913043,23.92,0.0,0.0,184.992,3792.9176458359616,212.328,4358.560959,83.95833333,43.25806452,2.135037737,2.424,0,2.8,2.733,26.1,153.95,86.0,8573
2018-01-15,68.88913043,23.89,0.0,0.0,187.619,3827.647388880934,212.302,4358.560959,68.54166667,43.35483871,2.135037737,2.404,0,0.0,2.723,26.5,153.95,86.14285714,8308
2018-01-16,68.88913043,23.93,0.0,0.0,188.789,3872.3038860037173,212.867,4358.560959,63.20833333,43.4516129,2.135037737,2.41,0,0.0,2.708,26.5,153.925,86.28571429,9057
2018-01-17,68.88913043,23.97,0.0,0.0,188.72,3792.9176458359616,213.779,4358.560959,62.83333333,43.5483871,2.135037737,2.409,0,0.0,2.724,25.8,153.95,86.42857143,8890
2018-01-18,68.88913043,24.03,0.0,0.0,187.603,3812.495271533787,213.175,4358.560959,58.95833333,43.64516129,2.135037737,2.411,0,0.0,2.713,25.7,153.875,86.57142857,9027
2018-01-19,68.88913043,24.05,0.0,0.0,188.32,3812.495271533787,215.485,4358.560959,63.91666667,43.74193548,2.135037737,2.411,0,0.0,2.727,26.0,153.9,86.71428571,7788
2018-01-20,68.88913043,24.05,0.0,0.0,188.32,3820.328639080082,215.485,4358.560959,65.45833333,43.83870968,2.135037737,2.411,0,0.0,2.727,25.7,153.9,86.85714286,7625
2018-01-21,68.88913043,24.05,0.0,0.0,188.32,3872.3038860037173,215.485,4358.560959,67.08333333,43.93548387,2.135037737,2.411,0,0.0,2.727,25.6,153.9,87.0,7377
2018-01-22,68.88913043,24.07,0.0,0.0,188.089,3872.3038860037173,215.825,4358.560959,73.08333333,44.03225806,2.135037737,2.418,0,0.1,2.735,25.5,154.05,86.85714286,6392
2018-01-23,68.88913043,24.14,0.0,0.0,188.896,3820.328639080082,218.986,4358.560959,79.0,44.12903226,2.135037737,2.415,0,0.0,2.738,25.5,154.15,86.71428571,5697
2018-01-24,68.88913043,24.31,0.0,0.0,189.589,3812.495271533787,217.433,4358.560959,76.95833333,44.22580645,2.135037737,2.421,0,0.3,2.749,25.6,153.75,86.57142857,5801
2018-01-25,68.88913043,24.32,0.0,0.0,190.773,3827.647388880934,217.801,4358.560959,71.83333333,44.32258065,2.135037737,2.417,0,0.0,2.733,25.6,153.75,86.42857143,6325
2018-01-26,68.88913043,24.26,0.0,0.0,190.596,3792.9176458359616,216.36,4358.560959,72.79166667,44.41935484,2.135037737,2.417,0,0.0,2.73,25.8,153.7,86.28571429,6015
2018-01-27,68.88913043,24.26,0.0,0.0,190.596,3812.495271533787,216.36,4358.560959,70.70833333,44.51612903,2.135037737,2.417,0,0.0,2.73,26.5,153.7,86.14285714,6171
2018-01-28,68.88913043,24.26,0.0,0.0,190.596,3827.647388880934,216.36,4358.560959,59.625,44.61290323,2.135037737,2.417,0,0.0,2.73,27.0,153.7,86.0,7435
2018-01-29,68.88913043,24.35,0.0,0.0,190.911,3792.9176458359616,217.821,4358.560959,69.41666667,44.70967742,2.135037737,2.418,0,0.1,2.732,27.4,153.725,85.71428571,6316
2018-01-30,68.88913043,24.48,0.0,0.0,190.35,3820.328639080082,218.522,4358.560959,74.375,44.80645161,2.135037737,2.423,0,2.5,2.74,27.5,153.975,85.42857143,6091
2018-01-31,68.88913043,24.47,0.0,0.0,190.96,3872.3038860037173,219.86,4358.560959,72.58333333,44.90322581,2.135037737,2.409,0,2.2,2.753,26.9,153.975,85.14285714,8625
2018-02-01,65.6965,24.48,0.0,0.0,191.252,3827.647388880934,217.84,4358.560959,71.54166667,45.0,2.135037737,2.405,0,0.1,2.728,27.0,154.125,84.85714286,8074
2018-02-02,65.6965,24.52,0.0,0.0,192.81,3820.328639080082,215.31,4358.560959,71.16666667,45.07142857,2.135037737,2.405,0,0.0,2.691,26.6,154.25,84.57142857,8674
2018-02-03,65.6965,24.52,0.0,0.0,192.81,3872.3038860037173,215.31,4358.560959,67.41666667,45.14285714,2.135037737,2.405,0,0.0,2.691,26.8,154.25,84.28571429,9628
2018-02-04,65.6965,24.52,0.0,0.0,192.81,3792.9176458359616,215.31,4358.560959,68.79166667,45.21428571,2.135037737,2.405,1,0.6,2.691,26.6,154.25,84.0,12431
2018-02-05,65.6965,24.62,0.0,0.0,192.219,3872.3038860037173,215.783,4358.560959,71.95833333,45.28571429,2.135037737,2.409,0,0.0,2.721,26.8,154.25,84.0,9506
2018-02-06,65.6965,24.66,0.0,0.0,190.768,3792.9176458359616,214.574,4358.560959,76.04166667,45.35714286,2.135037737,2.405,0,1.3,2.67,27.0,154.7,84.0,9334
2018-02-07,65.6965,24.4,0.0,0.0,191.472,3792.9176458359616,214.755,4358.560959,81.875,45.42857143,2.135037737,2.401,0,3.6,2.642,26.6,154.575,84.0,9321
2018-02-08,65.6965,24.51,0.0,0.0,189.587,3872.3038860037173,213.582,4358.560959,81.83333333,45.5,2.135037737,2.398,0,2.0,2.644,26.1,154.35,84.0,9694
2018-02-09,65.6965,24.49,0.0,0.0,189.032,3792.9176458359616,214.42,4358.560959,82.04166667,45.57142857,2.135037737,2.411,0,6.2,2.681,26.6,154.35,84.0,8939
2018-02-10,65.6965,24.49,0.0,0.0,189.032,3812.495271533787,214.42,4358.560959,82.75,45.64285714,2.135037737,2.411,0,0.9,2.681,26.3,154.35,84.0,9153
2018-02-11,65.6965,24.49,0.0,0.0,189.032,3872.3038860037173,214.42,4358.560959,78.875,45.71428571,2.135037737,2.411,0,0.1,2.681,26.7,154.35,84.0,9646
2018-02-12,65.6965,24.44,0.0,0.0,188.847,3827.647388880934,215.257,4358.560959,74.83333333,45.78571429,2.135037737,2.411,0,3.3,2.687,27.5,154.95,85.14285714,9301
2018-02-13,65.6965,24.51,0.0,0.0,190.464,3792.9176458359616,217.809,4358.560959,74.08333333,45.85714286,2.135037737,2.427,1,0.1,2.743,27.0,154.95,86.28571429,11530
2018-02-14,65.6965,24.4,0.0,0.0,191.394,3827.647388880934,218.421,4358.560959,69.20833333,45.92857143,2.135037737,2.425,0,0.3,2.747,27.3,155.6,87.42857143,9549
2018-02-15,65.6965,24.45,0.0,0.0,193.722,3792.9176458359616,217.974,4358.560959,71.16666667,46.0,2.135037737,2.417,0,0.8,2.752,28.0,154.925,88.57142857,8684
2018-02-16,65.6965,24.5,0.0,0.0,193.75,3812.495271533787,217.778,4358.560959,66.29166667,46.07142857,2.135037737,2.42,0,5.7,2.753,28.4,155.225,89.71428571,8726
2018-02-17,65.6965,24.5,0.0,0.0,193.75,3827.647388880934,217.778,4358.560959,67.125,46.14285714,2.135037737,2.42,0,0.0,2.753,27.2,155.225,90.85714286,8944
2018-02-18,65.6965,24.5,0.0,0.0,193.75,3820.328639080082,217.778,4358.560959,72.625,46.21428571,2.135037737,2.42,0,0.0,2.753,26.1,155.225,92.0,8396
2018-02-19,65.6965,24.5,0.0,0.0,192.572,3827.647388880934,217.63,4358.560959,70.20833333,46.28571429,2.135037737,2.398,0,0.0,2.749,26.4,155.5,91.85714286,8037
2018-02-20,65.6965,24.45,0.0,0.0,192.936,3812.495271533787,216.042,4358.560959,62.20833333,46.35714286,2.135037737,2.395,0,0.0,2.736,26.2,155.5,91.71428571,8979
2018-02-21,65.6965,24.44,0.0,0.0,191.856,3812.495271533787,216.683,4358.560959,66.83333333,46.42857143,2.135037737,2.389,0,0.0,2.75,26.1,155.225,91.57142857,8025
2018-02-22,65.6965,24.49,0.0,0.0,190.679,3812.495271533787,216.741,4358.560959,73.08333333,46.5,2.135037737,2.398,0,0.0,2.756,26.3,155.2,91.42857143,6806
2018-02-23,65.6965,24.52,0.0,0.0,191.369,3792.9176458359616,216.365,4358.560959,74.91666667,46.57142857,2.135037737,2.392,0,0.1,2.784,26.8,155.175,91.28571429,6077
2018-02-24,65.6965,24.52,0.0,0.0,191.369,3792.9176458359616,216.365,4358.560959,74.54166667,46.64285714,2.135037737,2.392,0,0.5,2.784,27.6,155.175,91.14285714,5829
2018-02-25,65.6965,24.52,0.0,0.0,191.369,4279.455178967374,216.365,4358.560959,79.375,46.71428571,2.135037737,2.392,0,12.6,2.784,27.0,155.175,91.0,5868
2018-02-26,65.6965,24.52,0.0,0.0,190.764,3827.647388880934,215.416,4358.560959,81.41666667,46.78571429,2.135037737,2.386,0,6.8,2.751,26.6,154.9,91.42857143,5552
2018-02-27,65.6965,24.49,0.0,0.0,190.798,3827.647388880934,213.356,4358.560959,85.70833333,46.85714286,2.135037737,2.378,0,8.7,2.752,26.0,154.875,91.85714286,5435
2018-02-28,65.6965,24.39,0.0,0.0,189.458,3812.495271533787,213.597,4358.560959,86.25,46.92857143,2.135037737,2.377,0,8.7,2.729,26.1,155.05,92.28571429,5480
2018-03-01,66.89181818,24.46,0.0,0.0,189.068,3812.495271533787,214.288,4358.560959,83.04166667,47.0,2.135037737,2.38,0,1.7,2.732,27.2,155.05,92.71428571,8505
2018-03-02,66.89181818,24.4,0.0,0.0,190.208,3792.9176458359616,214.591,4358.560959,86.0,47.09677419,2.135037737,2.383,0,7.0,2.747,26.6,155.225,93.14285714,6621
2018-03-03,66.89181818,24.4,0.0,0.0,190.208,3827.647388880934,214.591,4358.560959,87.79166667,47.19354839,2.135037737,2.383,0,9.1,2.747,26.4,155.225,93.57142857,6880
2018-03-04,66.89181818,24.4,0.0,0.0,190.208,3812.495271533787,214.591,4358.560959,86.29166667,47.29032258,2.135037737,2.383,0,4.9,2.747,26.2,155.225,94.0,7406
2018-03-05,66.89181818,24.58,0.0,0.0,191.198,3872.3038860037173,215.361,4358.560959,84.95833333,47.38709677,2.135037737,2.389,0,2.0,2.735,26.4,154.95,93.0,8082
2018-03-06,66.89181818,24.56,0.0,0.0,191.147,3820.328639080082,215.987,4358.560959,85.33333333,47.48387097,2.135037737,2.395,0,4.0,2.734,26.5,155.075,92.0,8322
2018-03-07,66.89181818,24.51,0.0,0.0,192.355,3812.495271533787,214.673,4358.560959,82.83333333,47.58064516,2.135037737,2.387,0,0.2,2.722,26.3,155.375,91.0,9326
2018-03-08,66.89181818,24.56,0.0,0.0,192.836,3872.3038860037173,215.352,4358.560959,79.91666667,47.67741935,2.135037737,2.388,0,0.4,2.745,26.8,155.425,90.0,9721
2018-03-09,66.89181818,24.59,0.0,0.0,191.359,3827.647388880934,216.439,4358.560959,85.66666667,47.77419355,2.135037737,2.395,0,12.9,2.735,26.2,155.5,89.0,8994
2018-03-10,66.89181818,24.59,0.0,0.0,191.359,3812.495271533787,216.439,4358.560959,82.25,47.87096774,2.135037737,2.395,0,8.1,2.735,26.1,155.5,88.0,9636
2018-03-11,66.89181818,24.59,0.0,0.0,191.359,3820.328639080082,216.439,4358.560959,81.375,47.96774194,2.135037737,2.395,0,3.7,2.735,26.3,155.5,87.0,9702
2018-03-12,66.89181818,24.64,0.0,0.0,191.374,3812.495271533787,217.45,4358.560959,85.25,48.06451613,2.135037737,2.402,0,8.2,2.73,26.1,155.65,86.57142857,8856
2018-03-13,66.89181818,24.67,0.0,0.0,191.994,3792.9176458359616,217.582,4358.560959,85.45833333,48.16129032,2.135037737,2.404,0,2.4,2.726,26.2,155.75,86.14285714,8635
2018-03-14,66.89181818,24.68,0.0,0.0,192.974,3827.647388880934,217.495,4358.560959,85.29166667,48.25806452,2.135037737,2.401,0,1.6,2.717,26.8,155.85,85.71428571,8420
2018-03-15,66.89181818,24.63,0.0,0.0,192.74,3820.328639080082,217.499,4358.560959,83.20833333,48.35483871,2.135037737,2.401,0,1.2,2.713,27.4,156.05,85.28571429,8049
2018-03-16,66.89181818,24.65,0.0,0.0,192.012,3872.3038860037173,218.915,4358.560959,85.5,48.4516129,2.135037737,2.393,0,0.9,2.702,27.3,156.025,84.85714286,7465
2018-03-17,66.89181818,24.65,0.0,0.0,192.012,3820.328639080082,218.915,4358.560959,89.125,48.5483871,2.135037737,2.393,0,10.7,2.702,26.6,156.025,84.42857143,7039
2018-03-18,66.89181818,24.65,0.0,0.0,192.012,3820.328639080082,218.915,4358.560959,86.58333333,48.64516129,2.135037737,2.393,0,3.2,2.702,27.0,156.025,84.0,6974
2018-03-19,66.89181818,24.64,0.0,0.0,191.747,3792.9176458359616,218.509,4358.560959,87.91666667,48.74193548,2.135037737,2.394,0,0.7,2.712,26.9,156.1,84.28571429,6409
2018-03-20,66.89181818,24.68,0.0,0.0,192.549,3812.495271533787,220.67,4358.560959,83.25,48.83870968,2.135037737,2.394,0,0.3,2.744,27.1,156.1,84.57142857,6550
2018-03-21,66.89181818,24.65,0.0,0.0,191.097,3872.3038860037173,220.088,4358.560959,83.04166667,48.93548387,2.135037737,2.398,0,1.5,2.727,27.2,156.05,84.85714286,6488
2018-03-22,66.89181818,24.72,0.0,0.0,192.535,3820.328639080082,220.695,4358.560959,82.625,49.03225806,2.135037737,2.403,0,1.2,2.728,27.5,156.135,85.14285714,6207
2018-03-23,66.89181818,24.88,0.0,0.0,192.077,3812.495271533787,222.072,4358.560959,82.45833333,49.12903226,2.135037737,2.408,0,5.7,2.728,27.6,156.15,85.42857143,5901
2018-03-24,66.89181818,24.88,0.0,0.0,192.077,3827.647388880934,222.072,4358.560959,82.29166667,49.22580645,2.135037737,2.408,0,0.4,2.728,27.3,156.15,85.71428571,6004
2018-03-25,66.89181818,24.88,0.0,0.0,192.077,3792.9176458359616,222.072,4358.560959,77.375,49.32258065,2.135037737,2.408,0,0.1,2.728,27.1,156.15,86.0,6464
2018-03-26,66.89181818,24.84,0.0,0.0,192.892,3827.647388880934,220.955,4358.560959,85.20833333,49.41935484,2.135037737,2.403,0,20.5,2.719,26.8,156.075,86.0,5858
2018-03-27,66.89181818,24.72,0.0,0.0,194.196,3872.3038860037173,219.152,4358.560959,88.20833333,49.51612903,2.135037737,2.389,0,6.5,2.696,26.3,156.075,86.0,6017
2018-03-28,66.89181818,24.75,0.0,0.0,193.58,3872.3038860037173,218.253,4358.560959,85.16666667,49.61290323,2.135037737,2.391,0,2.6,2.718,26.8,155.675,86.0,6229
2018-03-29,66.89181818,24.81,0.0,0.0,191.605,3792.9176458359616,218.253,4358.560959,82.625,49.70967742,2.135037737,2.391,0,1.5,2.725,27.4,155.7,86.0,6141
2018-03-30,66.89181818,24.72,0.0,0.0,191.526,3812.495271533787,218.021,4358.560959,82.83333333,49.80645161,2.135037737,2.383,0,0.8,2.699,27.4,155.7,86.0,8013
2018-03-31,66.89181818,24.72,0.0,0.0,191.526,3872.3038860037173,218.021,4358.560959,83.375,49.90322581,2.135037737,2.383,0,3.0,2.699,27.6,155.7,86.0,8468
2018-04-01,71.93285714,24.72,0.0,0.0,191.526,3812.495271533787,218.021,4358.560959,84.95833333,50.0,2.135037737,2.383,0,5.6,2.699,27.3,155.7,86.0,6360
2018-04-02,71.93285714,24.77,0.0,0.0,191.862,3872.3038860037173,219.032,4358.560959,86.54166667,49.6,2.135037737,2.397,0,1.4,2.704,27.0,155.225,88.0,6337
2018-04-03,71.93285714,24.73,0.0,0.0,190.958,3872.3038860037173,219.601,4358.560959,84.83333333,49.2,2.135037737,2.398,0,0.9,2.715,27.0,155.8,90.0,6497
2018-04-04,71.93285714,24.66,0.0,0.0,191.174,3827.647388880934,217.755,4358.560959,82.375,48.8,2.135037737,2.396,0,0.7,2.695,27.2,155.95,92.0,6949
2018-04-05,71.93285714,24.66,0.0,0.0,191.476,3827.647388880934,219.139,4358.560959,81.79166667,48.4,2.135037737,2.395,0,3.1,2.674,27.4,155.5,94.0,7215
2018-04-06,71.93285714,24.66,0.0,0.0,190.333,3820.328639080082,219.808,4358.560959,86.33333333,48.0,2.135037737,2.395,0,11.7,2.567,26.5,155.5,96.0,7524
2018-04-07,71.93285714,24.66,0.0,0.0,190.333,3827.647388880934,219.808,4358.560959,84.70833333,47.6,2.135037737,2.395,0,1.8,2.567,26.4,155.5,98.0,8077
2018-04-08,71.93285714,24.66,0.0,0.0,190.333,3792.9176458359616,219.808,4358.560959,82.54166667,47.2,2.135037737,2.395,0,6.0,2.567,27.0,155.5,100.0,8173
2018-04-09,71.93285714,24.76,0.0,0.0,191.001,3827.647388880934,220.493,4358.560959,83.75,46.8,2.135037737,2.395,0,3.1,2.466,27.0,155.55,98.57142857,8598
2018-04-10,71.93285714,24.84,0.0,0.0,191.645,3827.647388880934,220.728,4358.560959,81.29166667,46.4,2.135037737,2.386,0,1.9,2.493,27.4,155.55,97.14285714,8578
2018-04-11,71.93285714,24.74,0.0,0.0,192.197,3827.647388880934,221.487,4358.560959,86.41666667,46.0,2.135037737,2.384,0,10.9,2.511,26.8,155.7,95.71428571,7925
2018-04-12,71.93285714,24.81,0.0,0.0,192.554,3812.495271533787,221.697,4358.560959,86.20833333,45.6,2.135037737,2.386,0,21.9,2.51,26.4,155.675,94.28571429,7666
2018-04-13,71.93285714,24.85,0.0,0.0,191.9,3820.328639080082,223.637,4358.560959,89.0,45.2,2.135037737,2.382,0,15.2,2.551,26.2,155.675,92.85714286,8476
2018-04-14,71.93285714,24.85,0.0,0.0,191.9,3827.647388880934,223.637,4358.560959,88.16666667,44.8,2.135037737,2.382,0,18.0,2.551,26.2,155.675,91.42857143,8286
2018-04-15,71.93285714,24.85,0.0,0.0,191.9,3820.328639080082,223.637,4358.560959,86.125,44.4,2.135037737,2.382,0,6.2,2.551,26.6,155.675,90.0,6348
2018-04-16,71.93285714,24.89,0.0,0.0,191.963,3827.647388880934,223.393,4358.560959,85.04166667,44.0,2.135037737,2.381,0,1.6,2.541,27.2,155.975,88.85714286,5898
2018-04-17,71.93285714,24.93,0.0,0.0,193.089,3827.647388880934,222.135,4358.560959,87.16666667,43.6,2.135037737,2.38,0,4.8,2.57,26.9,156.35,87.71428571,5447
2018-04-18,71.93285714,24.87,0.0,0.0,193.412,3812.495271533787,220.039,4358.560959,90.0,43.2,2.135037737,2.371,0,13.5,2.564,26.3,156.4,86.57142857,5117
2018-04-19,71.93285714,24.83,0.0,0.0,193.522,3792.9176458359616,218.961,4358.560959,84.91666667,42.8,2.135037737,2.361,0,0.5,2.547,26.9,156.15,85.42857143,5075
2018-04-20,71.93285714,24.83,0.0,0.0,192.782,3792.9176458359616,218.63,4358.560959,84.75,42.4,2.135037737,2.357,0,3.0,2.534,27.4,156.35,84.28571429,4633
2018-04-21,71.93285714,24.83,0.0,0.0,192.782,3812.495271533787,218.63,4358.560959,83.70833333,42.0,2.135037737,2.357,0,2.4,2.534,27.4,156.35,83.14285714,4553
2018-04-22,71.93285714,24.83,0.0,0.0,192.782,3872.3038860037173,218.63,4358.560959,85.70833333,41.6,2.135037737,2.357,0,1.3,2.534,27.5,156.35,82.0,4286
2018-04-23,71.93285714,24.89,0.0,0.0,192.123,3812.495271533787,219.369,4358.560959,84.70833333,41.2,2.135037737,2.363,0,2.2,2.549,27.5,156.825,80.71428571,3962
2018-04-24,71.93285714,24.93,0.0,0.0,191.468,3820.328639080082,219.692,4358.560959,84.45833333,40.8,2.135037737,2.357,0,3.5,2.527,27.1,156.95,79.42857143,3967
2018-04-25,71.93285714,24.87,0.0,0.0,191.997,3827.647388880934,219.402,4358.560959,84.875,40.4,2.135037737,2.359,0,1.6,2.509,27.5,157.7,78.14285714,3871
2018-04-26,71.93285714,24.9,0.0,0.0,191.779,3792.9176458359616,217.311,4358.560959,86.66666667,40.0,2.135037737,2.367,0,8.4,2.537,27.2,157.6,76.85714286,3619
2018-04-27,71.93285714,24.9,0.0,0.0,190.744,3820.328639080082,217.177,4358.560959,84.91666667,39.6,2.135037737,2.373,0,2.8,2.505,27.7,157.7,75.57142857,3608
2018-04-28,71.93285714,24.9,0.0,0.0,190.744,3872.3038860037173,217.177,4358.560959,86.95833333,39.2,2.135037737,2.373,0,6.0,2.505,27.1,157.7,74.28571429,3706
2018-04-29,71.93285714,24.9,0.0,0.0,190.744,3827.647388880934,217.177,4358.560959,86.75,38.8,2.135037737,2.373,0,2.3,2.505,27.0,157.7,73.0,4794
2018-04-30,71.93285714,24.9,0.0,0.0,191.29,3827.647388880934,214.693,4358.560959,86.20833333,38.4,2.135037737,2.361,0,2.0,2.473,27.4,157.7,72.14285714,4884
2018-05-01,76.93434783,24.77,0.0,0.0,190.478,3827.647388880934,213.995,4358.560959,86.25,38.0,2.135037737,2.363,0,5.4,2.459,27.7,157.7,71.28571429,5662
2018-05-02,76.93434783,24.82,0.0,0.0,189.137,3812.495271533787,214.06,4358.560959,88.66666667,38.0,2.135037737,2.365,0,5.3,2.503,27.3,157.575,70.42857143,4298
2018-05-03,76.93434783,24.76,0.0,0.0,188.318,3812.495271533787,213.178,4358.560959,87.70833333,38.0,2.135037737,2.358,0,1.8,2.52,27.3,157.675,69.57142857,4318
2018-05-04,76.93434783,24.74,0.0,0.0,189.029,3812.495271533787,213.563,4358.560959,85.29166667,38.0,2.135037737,2.346,0,1.4,2.504,27.3,157.53,68.71428571,4634
2018-05-05,76.93434783,24.74,0.0,0.0,189.029,3827.647388880934,213.563,4358.560959,89.0,38.0,2.135037737,2.346,0,8.6,2.504,26.4,157.53,67.85714286,4917
2018-05-06,76.93434783,24.74,0.0,0.0,189.029,3872.3038860037173,213.563,4358.560959,87.33333333,38.0,2.135037737,2.346,0,5.9,2.504,26.9,157.53,67.0,5213
2018-05-07,76.93434783,24.74,0.0,0.0,188.406,3812.495271533787,213.501,4358.560959,88.04166667,38.0,2.135037737,2.348,0,2.7,2.493,26.8,157.53,66.85714286,5208
2018-05-08,76.93434783,24.83,0.0,0.0,187.815,3812.495271533787,214.034,4358.560959,88.0,38.0,2.135037737,2.346,0,14.3,2.507,26.6,157.6,66.71428571,5345
2018-05-09,76.93434783,24.85,0.0,0.0,186.984,3820.328639080082,213.346,4358.560959,90.04166667,38.0,2.135037737,2.347,0,25.1,2.558,26.1,158.0,66.57142857,5217
2018-05-10,76.93434783,24.91,0.0,0.0,187.238,3792.9176458359616,213.717,4358.560959,88.625,38.0,2.135037737,2.343,0,22.2,2.549,26.5,157.8,66.42857143,5183
2018-05-11,76.93434783,24.93,0.0,0.0,188.018,3827.647388880934,214.227,4358.560959,87.5,38.0,2.135037737,2.339,0,14.2,2.554,26.7,157.8,66.28571429,5128
2018-05-12,76.93434783,24.93,0.0,0.0,188.018,3812.495271533787,214.227,4358.560959,89.95833333,38.0,2.135037737,2.339,0,21.8,2.554,26.2,157.8,66.14285714,4955
2018-05-13,76.93434783,24.93,0.0,0.0,188.018,3792.9176458359616,214.227,4358.560959,88.58333333,38.0,2.135037737,2.339,0,14.6,2.554,26.5,157.8,66.0,4845
2018-05-14,76.93434783,24.79,0.0,0.0,188.476,3827.647388880934,213.538,4358.560959,90.08333333,38.0,2.135037737,2.322,0,29.4,2.538,26.0,158.025,66.0,4660
2018-05-15,76.93434783,24.82,0.0,0.0,188.476,3792.9176458359616,213.313,4358.560959,86.04166667,38.0,2.135037737,2.334,0,4.5,2.563,26.8,158.1,66.0,4524
2018-05-16,76.93434783,24.78,0.0,0.0,187.151,3792.9176458359616,213.283,4358.560959,89.70833333,38.0,2.135037737,2.329,0,20.8,2.538,26.1,158.15,66.0,4310
2018-05-17,76.93434783,24.73,0.0,0.0,186.736,3812.495271533787,212.545,4358.560959,91.625,38.0,2.135037737,2.32,0,21.8,2.531,25.5,157.8,66.0,4067
2018-05-18,76.93434783,24.72,0.0,0.0,186.109,3792.9176458359616,211.933,4358.560959,91.58333333,38.0,2.135037737,2.317,0,22.0,2.563,25.2,157.75,66.0,3774
2018-05-19,76.93434783,24.72,0.0,0.0,186.109,3792.9176458359616,211.933,4358.560959,86.25,38.0,2.135037737,2.317,0,4.9,2.563,27.1,157.75,66.0,3638
2018-05-20,76.93434783,24.72,0.0,0.0,186.109,3827.647388880934,211.933,4358.560959,90.58333333,38.0,2.135037737,2.317,0,21.0,2.563,26.0,157.75,66.0,3531
2018-05-21,76.93434783,24.8,0.0,0.0,185.79,3872.3038860037173,212.147,4358.560959,91.16666667,38.0,2.135037737,2.321,0,37.8,2.579,25.7,157.8,65.28571429,3354
2018-05-22,76.93434783,24.71,0.0,0.0,186.07,3820.328639080082,210.667,4358.560959,89.83333333,38.0,2.135037737,2.309,0,17.4,2.575,26.4,157.9,64.57142857,3177
2018-05-23,76.93434783,24.77,0.0,0.0,185.99,3872.3038860037173,211.42,4358.560959,90.41666667,38.0,2.135037737,2.312,0,19.8,2.566,26.3,157.85,63.85714286,3164
2018-05-24,76.93434783,24.73,0.0,0.0,184.621,3820.328639080082,210.349,4358.560959,91.75,38.0,2.135037737,2.334,0,35.6,2.539,25.8,158.0,63.14285714,3055
2018-05-25,76.93434783,24.68,0.0,0.0,185.168,3820.328639080082,210.287,4358.560959,90.5,38.0,2.135037737,2.343,0,29.2,2.534,25.9,158.05,62.42857143,3025
2018-05-26,76.93434783,24.68,0.0,0.0,185.168,3792.9176458359616,210.287,4358.560959,89.625,38.0,2.135037737,2.343,0,28.6,2.534,26.2,158.05,61.71428571,3047
2018-05-27,76.93434783,24.68,0.0,0.0,185.168,3792.9176458359616,210.287,4358.560959,88.29166667,38.0,2.135037737,2.343,0,27.2,2.534,26.6,158.05,61.0,3100
2018-05-28,76.93434783,24.61,0.0,0.0,184.16,3792.9176458359616,209.339,4358.560959,84.29166667,38.0,2.135037737,2.328,0,16.1,2.512,27.4,157.95,61.28571429,3166
2018-05-29,76.93434783,24.63,0.0,0.0,183.593,3820.328639080082,210.139,4358.560959,80.875,38.0,2.135037737,2.344,0,4.6,2.546,28.1,157.95,61.57142857,4142
2018-05-30,76.93434783,24.69,0.0,0.0,182.274,3820.328639080082,210.481,4358.560959,80.66666667,38.0,2.135037737,2.347,0,7.8,2.538,28.5,158.1,61.85714286,3350
2018-05-31,76.93434783,24.71,0.0,0.0,184.392,3792.9176458359616,211.766,4358.560959,82.54166667,38.0,2.135037737,2.368,0,3.4,2.55,28.0,158.25,62.14285714,3459
2018-06-01,75.80285714,24.73,0.0,0.0,185.025,3792.9176458359616,211.037,4358.560959,88.33333333,38.0,2.135037737,2.364,0,35.0,2.555,26.5,158.65,62.42857143,4269
2018-06-02,75.80285714,24.73,0.0,0.0,185.025,3812.495271533787,211.037,4358.560959,88.41666667,38.13333333,2.135037737,2.364,0,23.7,2.555,26.6,158.65,62.71428571,4420
2018-06-03,75.80285714,24.73,0.0,0.0,185.025,3812.495271533787,211.037,4358.560959,88.58333333,38.26666667,2.135037737,2.364,0,31.8,2.555,26.5,158.65,63.0,4619
2018-06-04,75.80285714,24.73,0.0,0.0,184.994,3812.495271533787,212.267,4358.560959,86.79166667,38.4,2.135037737,2.361,0,25.3,2.55,26.7,158.525,63.85714286,4817
2018-06-05,75.80285714,24.84,0.0,0.0,185.451,3812.495271533787,212.865,4358.560959,86.25,38.53333333,2.135037737,2.374,0,22.0,2.567,27.0,158.45,64.71428571,5080
2018-06-06,75.80285714,24.86,0.0,0.0,185.672,3827.647388880934,213.284,4358.560959,89.16666667,38.66666667,2.135037737,2.357,0,25.8,2.547,26.4,158.7,65.57142857,5410
2018-06-07,75.80285714,24.83,0.0,0.0,186.845,3792.9176458359616,213.31,4358.560959,87.79166667,38.8,2.135037737,2.355,0,28.7,2.552,26.6,158.9,66.42857143,5621
2018-06-08,75.80285714,24.87,0.0,0.0,187.486,3820.328639080082,212.93,4358.560959,85.75,38.93333333,2.135037737,2.36,0,8.7,2.534,27.1,159.05,67.28571429,5889
2018-06-09,75.80285714,24.87,0.0,0.0,187.486,3827.647388880934,212.93,4358.560959,83.58333333,39.06666667,2.135037737,2.36,0,6.0,2.534,27.5,159.05,68.14285714,6183
2018-06-10,75.80285714,24.87,0.0,0.0,187.486,3812.495271533787,212.93,4358.560959,83.0,39.2,2.135037737,2.36,0,3.9,2.534,27.7,159.05,69.0,6212
2018-06-11,75.80285714,24.91,0.0,0.0,187.17,3827.647388880934,213.284,4358.560959,85.16666667,39.33333333,2.135037737,2.364,0,7.3,2.53,27.3,159.2,68.42857143,6018
2018-06-12,75.80285714,24.96,0.0,0.0,187.601,3812.495271533787,213.615,4358.560959,83.58333333,39.46666667,2.135037737,2.361,0,3.4,2.556,27.5,159.5,67.85714286,5876
2018-06-13,75.80285714,24.94,0.0,0.0,187.333,3820.328639080082,211.736,4358.560959,85.33333333,39.6,2.135037737,2.359,0,4.7,2.552,27.1,159.7,67.28571429,5739
2018-06-14,75.80285714,24.79,0.0,0.0,188.302,3792.9176458359616,212.103,4358.560959,88.125,39.73333333,2.135037737,2.346,0,19.0,2.528,26.3,159.65,66.71428571,5525
2018-06-15,75.80285714,24.83,0.0,0.0,184.7,3792.9176458359616,211.772,4358.560959,87.58333333,39.86666667,2.135037737,2.35,0,14.1,2.523,26.6,159.65,66.14285714,6414
2018-06-16,75.80285714,24.83,0.0,0.0,184.7,3812.495271533787,211.772,4358.560959,89.45833333,40.0,2.135037737,2.35,0,26.7,2.523,25.9,159.65,65.57142857,5010
2018-06-17,75.80285714,24.83,0.0,0.0,184.7,3872.3038860037173,211.772,4358.560959,85.16666667,40.13333333,2.135037737,2.35,0,8.6,2.523,27.1,159.65,65.0,4966
2018-06-18,75.80285714,24.67,0.0,0.0,185.338,3872.3038860037173,210.88,4358.560959,83.83333333,40.26666667,2.135037737,2.342,0,7.3,2.505,27.1,159.9,66.42857143,4853
2018-06-19,75.80285714,24.7,0.0,0.0,185.852,3812.495271533787,210.637,4358.560959,82.25,40.4,2.135037737,2.349,0,2.4,2.514,27.1,160.0,67.85714286,4773
2018-06-20,75.80285714,24.56,0.0,0.0,185.44,3792.9176458359616,211.37,4358.560959,82.33333333,40.53333333,2.135037737,2.347,0,3.5,2.506,27.0,159.9,69.28571429,4667
2018-06-21,75.80285714,24.44,0.0,0.0,185.036,3827.647388880934,210.986,4358.560959,88.20833333,40.66666667,2.135037737,2.343,0,17.3,2.525,26.2,159.5,70.71428571,4192
2018-06-22,75.80285714,24.3,0.0,0.0,185.068,3820.328639080082,210.972,4358.560959,88.0,40.8,2.135037737,2.333,0,13.8,2.531,26.3,159.0,72.14285714,3931
2018-06-23,75.80285714,24.3,0.0,0.0,185.068,3820.328639080082,210.972,4358.560959,86.08333333,40.93333333,2.135037737,2.333,0,3.9,2.531,26.5,159.0,73.57142857,3969
2018-06-24,75.80285714,24.3,0.0,0.0,185.068,3872.3038860037173,210.972,4358.560959,86.20833333,41.06666667,2.135037737,2.333,0,5.8,2.531,26.6,159.0,75.0,3934
2018-06-25,75.80285714,24.07,0.0,0.0,185.346,3827.647388880934,209.442,4358.560959,86.20833333,41.2,2.135037737,2.316,0,8.9,2.512,26.5,158.9,75.28571429,3832
2018-06-26,75.80285714,23.98,0.0,0.0,185.976,3812.495271533787,207.637,4358.560959,86.45833333,41.33333333,2.135037737,2.307,0,19.5,2.504,26.7,158.35,75.57142857,3822
2018-06-27,75.80285714,23.89,0.0,0.0,184.438,3792.9176458359616,207.025,4358.560959,84.83333333,41.46666667,2.135037737,2.3,0,13.4,2.52,26.6,158.35,75.85714286,4941
2018-06-28,75.80285714,23.91,0.0,0.0,182.95,3812.495271533787,209.091,4358.560959,85.79166667,41.6,2.135037737,2.312,0,8.7,2.52,26.7,158.3,76.14285714,3818
2018-06-29,75.80285714,23.76,0.0,0.0,183.137,3872.3038860037173,208.185,4358.560959,86.33333333,41.73333333,2.135037737,2.305,0,10.4,2.498,26.4,158.3,76.42857143,3996
2018-06-30,75.80285714,23.76,0.0,0.0,183.137,3820.328639080082,208.185,4358.560959,88.91666667,41.86666667,2.135037737,2.305,0,13.4,2.498,26.3,158.3,76.71428571,4032
2018-07-01,75.22909091,23.76,0.0,0.0,183.137,3812.495271533787,208.185,4358.560959,86.16666667,42.0,2.135037737,2.305,0,7.2,2.498,26.6,158.3,77.0,6224
2018-07-02,75.22909091,23.85,0.0,0.0,184.974,3792.9176458359616,208.978,4358.560959,89.125,42.12903226,2.135037737,2.311,0,12.0,2.509,25.7,158.4,77.57142857,6346
2018-07-03,75.22909091,23.93,0.0,0.0,184.369,3820.328639080082,209.984,4358.560959,85.54166667,42.25806452,2.135037737,2.31,0,2.8,2.507,27.0,158.4,78.14285714,6554
2018-07-04,75.22909091,23.95,0.0,0.0,184.647,3812.495271533787,210.243,4358.560959,86.0,42.38709677,2.135037737,2.308,0,4.1,2.518,27.1,158.7,78.71428571,6761
2018-07-05,75.22909091,23.96,0.0,0.0,184.988,3820.328639080082,211.505,4358.560959,85.91666667,42.51612903,2.135037737,2.314,0,5.7,2.529,27.0,158.95,79.28571429,7094
2018-07-06,75.22909091,24.08,0.0,0.0,185.828,3792.9176458359616,211.216,4358.560959,85.08333333,42.64516129,2.135037737,2.32,0,4.0,2.552,27.0,159.2,79.85714286,7330
2018-07-07,75.22909091,24.08,0.0,0.0,185.828,3820.328639080082,211.216,4358.560959,80.5,42.77419355,2.135037737,2.32,0,1.7,2.552,27.5,159.2,80.42857143,8189
2018-07-08,75.22909091,24.08,0.0,0.0,185.828,3792.9176458359616,211.216,4358.560959,83.875,42.90322581,2.135037737,2.32,0,4.1,2.552,26.9,159.2,81.0,8253
2018-07-09,75.22909091,24.02,0.0,0.0,187.012,3827.647388880934,211.454,4358.560959,86.91666667,43.03225806,2.135037737,2.317,0,10.5,2.578,26.3,159.3,81.85714286,8086
2018-07-10,75.22909091,23.85,0.0,0.0,187.194,3872.3038860037173,210.43,4358.560959,85.75,43.16129032,2.135037737,2.319,0,9.3,2.553,26.1,159.275,82.71428571,8581
2018-07-11,75.22909091,23.91,0.0,0.0,187.053,3812.495271533787,210.504,4358.560959,88.08333333,43.29032258,2.135037737,2.326,0,21.2,2.56,25.7,159.35,83.57142857,8317
2018-07-12,75.22909091,23.84,0.0,0.0,186.025,3820.328639080082,211.157,4358.560959,86.75,43.41935484,2.135037737,2.329,0,7.4,2.55,26.4,159.4,84.42857143,7898
2018-07-13,75.22909091,23.88,0.0,0.0,186.06,3827.647388880934,211.503,4358.560959,84.625,43.5483871,2.135037737,2.331,0,2.3,2.564,27.0,159.55,85.28571429,7504
2018-07-14,75.22909091,23.88,0.0,0.0,186.06,3820.328639080082,211.503,4358.560959,83.0,43.67741935,2.135037737,2.331,0,3.6,2.564,26.8,159.55,86.14285714,7597
2018-07-15,75.22909091,23.88,0.0,0.0,186.06,3792.9176458359616,211.503,4358.560959,87.33333333,43.80645161,2.135037737,2.331,0,10.5,2.564,26.3,159.55,87.0,7097
2018-07-16,75.22909091,23.84,0.0,0.0,186.442,3792.9176458359616,209.709,4358.560959,85.75,43.93548387,2.135037737,2.337,0,6.0,2.553,26.7,159.8,87.71428571,6847
2018-07-17,75.22909091,23.8,0.0,0.0,187.126,3812.495271533787,209.022,4358.560959,85.25,44.06451613,2.135037737,2.33,0,5.6,2.537,26.8,159.9,88.42857143,6745
2018-07-18,75.22909091,23.61,0.0,0.0,186.459,3792.9176458359616,208.159,4358.560959,85.54166667,44.19354839,2.135037737,2.318,0,0.1,2.515,26.9,159.9,89.14285714,6503
2018-07-19,75.22909091,23.62,0.0,0.0,186.091,3820.328639080082,210.079,4358.560959,84.875,44.32258065,2.135037737,2.327,0,1.6,2.52,26.7,159.95,89.85714286,6338
2018-07-20,75.22909091,23.48,0.0,0.0,186.23,4205.408305482472,208.985,4358.560959,82.83333333,44.4516129,2.135037737,2.317,0,0.5,2.528,26.8,159.95,90.57142857,6476
2018-07-21,75.22909091,23.48,0.0,0.0,186.23,4561.857285074308,208.985,4358.560959,84.20833333,44.58064516,2.135037737,2.317,0,1.3,2.528,26.8,159.95,91.28571429,6624
2018-07-22,75.22909091,23.48,0.0,0.0,186.23,4205.408305482472,208.985,4358.560959,84.625,44.70967742,2.135037737,2.317,0,0.0,2.528,26.9,159.95,92.0,6047
2018-07-23,75.22909091,23.47,0.0,0.0,187.462,4561.857285074308,209.565,4358.560959,84.75,44.83870968,2.135037737,2.312,0,0.3,2.517,26.8,159.5,91.42857143,6277
2018-07-24,75.22909091,23.57,0.0,0.0,186.488,4450.07745912624,210.431,4358.560959,84.29166667,44.96774194,2.135037737,2.321,0,5.2,2.54,26.6,159.425,90.85714286,6514
2018-07-25,75.22909091,23.5,0.0,0.0,186.304,4579.2313052800855,209.22,4358.560959,86.79166667,45.09677419,2.135037737,2.325,0,5.7,2.535,26.4,159.55,90.28571429,6304
2018-07-26,75.22909091,23.42,0.0,0.0,187.129,4678.500497760079,209.26,4358.560959,85.83333333,45.22580645,2.135037737,2.326,0,3.2,2.542,26.5,159.6,89.71428571,6628
2018-07-27,75.22909091,23.43,0.0,0.0,185.815,4450.07745912624,209.677,4358.560959,86.70833333,45.35483871,2.135037737,2.327,0,2.7,2.564,26.3,159.6,89.14285714,7762
2018-07-28,75.22909091,23.43,0.0,0.0,185.815,4579.2313052800855,209.677,4358.560959,86.66666667,45.48387097,2.135037737,2.327,0,3.1,2.564,26.4,159.6,88.57142857,6293
2018-07-29,75.22909091,23.43,0.0,0.0,185.815,4393.619379459101,209.677,4358.560959,85.20833333,45.61290323,2.135037737,2.327,0,4.3,2.564,26.5,159.6,88.0,6544
2018-07-30,75.22909091,23.43,0.0,0.0,186.054,4402.7062922730065,209.565,4358.560959,88.375,45.74193548,2.135037737,2.332,0,11.3,2.553,25.9,159.65,88.85714286,6774
2018-07-31,75.22909091,23.38,0.0,0.0,186.886,4402.7062922730065,209.36,4358.560959,88.70833333,45.87096774,2.135037737,2.334,0,10.2,2.53,25.7,159.65,89.71428571,7322
2018-08-01,73.85130435,23.34,0.0,0.0,186.655,4430.762236601958,207.906,4358.560959,87.91666667,46.0,2.135037737,2.327,0,8.3,2.521,26.3,159.5,90.57142857,6306
2018-08-02,73.85130435,23.39,0.0,0.0,185.977,4402.7062922730065,207.86,4358.560959,89.58333333,45.90322581,2.135037737,2.331,0,11.9,2.523,25.9,159.7,91.42857143,6290
2018-08-03,73.85130435,23.31,0.0,0.0,184.996,4656.428903268625,206.773,4358.560959,87.20833333,45.80645161,2.135037737,2.321,0,3.1,2.506,26.5,159.8,92.28571429,6630
2018-08-04,73.85130435,23.31,0.0,0.0,184.996,4430.762236601958,206.773,4358.560959,86.25,45.70967742,2.135037737,2.321,0,2.1,2.506,26.9,159.8,93.14285714,6589
2018-08-05,73.85130435,23.31,0.0,0.0,184.996,4393.619379459101,206.773,4358.560959,83.70833333,45.61290323,2.135037737,2.321,0,3.3,2.506,26.9,159.8,94.0,7131
2018-08-06,73.85130435,23.38,0.0,0.0,184.849,4402.7062922730065,206.709,4358.560959,83.375,45.51612903,2.135037737,2.328,0,3.6,2.515,26.8,159.75,94.85714286,7469
2018-08-07,73.85130435,23.38,0.0,0.0,184.567,3792.9176458359616,205.911,4358.560959,85.04166667,45.41935484,2.135037737,2.328,0,1.9,2.437,26.4,159.75,95.71428571,6888
2018-08-08,73.85130435,23.45,0.0,0.0,185.294,3792.9176458359616,205.12,4358.560959,87.91666667,45.32258065,2.135037737,2.326,0,6.7,2.399,25.9,159.85,96.57142857,7241
2018-08-09,73.85130435,23.36,0.0,0.0,185.602,3820.328639080082,204.24,4358.560959,88.25,45.22580645,2.135037737,2.322,0,9.0,2.363,25.8,159.95,97.42857143,7421
2018-08-10,73.85130435,23.22,0.0,0.0,184.375,3812.495271533787,204.288,4358.560959,86.91666667,45.12903226,2.135037737,2.285,0,2.4,2.36,26.3,159.95,98.28571429,7017
2018-08-11,73.85130435,23.22,0.0,0.0,184.375,3827.647388880934,204.288,4358.560959,86.04166667,45.03225806,2.135037737,2.285,0,0.3,2.36,26.6,159.95,99.14285714,7045
2018-08-12,73.85130435,23.22,0.0,0.0,184.375,3820.328639080082,204.288,4358.560959,87.70833333,44.93548387,2.135037737,2.285,0,0.3,2.36,26.1,159.95,100.0,6862
2018-08-13,73.85130435,23.26,0.0,0.0,182.519,3792.9176458359616,203.791,4358.560959,87.625,44.83870968,2.135037737,2.289,0,4.5,2.415,26.3,160.0,99.71428571,6032
2018-08-14,73.85130435,23.09,0.0,0.0,182.544,3792.9176458359616,203.359,4358.560959,89.45833333,44.74193548,2.135037737,2.291,0,11.5,2.38,25.8,160.15,99.42857143,5905
2018-08-15,73.85130435,23.32,0.0,0.0,181.674,3872.3038860037173,204.148,4358.560959,87.91666667,44.64516129,2.135037737,2.29,0,9.1,2.402,25.9,160.15,99.14285714,5851
2018-08-16,73.85130435,23.33,0.0,0.0,181.69,5809.00024029797,204.614,4358.560959,84.16666667,44.5483871,2.135037737,2.289,0,2.4,2.395,26.6,160.5,98.85714286,8139
2018-08-17,73.85130435,23.4,0.0,0.0,182.601,5951.517481677281,205.4,4358.560959,86.25,44.4516129,2.135037737,2.299,0,4.0,2.397,26.2,160.45,98.57142857,7922
2018-08-18,73.85130435,23.4,0.0,0.0,182.601,5803.107391737183,205.4,4358.560959,85.375,44.35483871,2.135037737,2.299,0,4.0,2.397,26.1,160.45,98.28571429,7475
2018-08-19,73.85130435,23.4,0.0,0.0,182.601,5953.178820308612,205.4,4358.560959,86.04166667,44.25806452,2.135037737,2.299,0,0.6,2.397,26.2,160.45,98.0,7096
2018-08-20,73.85130435,23.45,0.0,0.0,183.506,5631.45862369338,207.198,4358.560959,86.04166667,44.16129032,2.135037737,2.299,0,0.5,2.389,26.3,160.5,95.85714286,6553
2018-08-21,73.85130435,23.47,0.0,0.0,184.278,5631.45862369338,207.351,4358.560959,87.83333333,44.06451613,2.135037737,2.299,0,1.0,2.36,26.0,160.6,93.71428571,6445
2018-08-22,73.85130435,23.37,0.0,0.0,185.83,5951.517481677281,205.978,4358.560959,89.04166667,43.96774194,2.135037737,2.292,0,0.8,2.356,25.9,160.6,91.57142857,8643
2018-08-23,73.85130435,23.65,0.0,0.0,186.248,5953.178820308612,206.933,4358.560959,88.625,43.87096774,2.135037737,2.301,0,0.1,2.4,25.9,160.7,89.42857143,6139
2018-08-24,73.85130435,23.64,0.0,0.0,185.44,5953.178820308612,207.707,4358.560959,87.875,43.77419355,2.135037737,2.296,0,0.1,2.391,26.0,161.0,87.28571429,5856
2018-08-25,73.85130435,23.64,0.0,0.0,185.44,5809.00024029797,207.707,4358.560959,87.33333333,43.67741935,2.135037737,2.296,0,2.5,2.391,25.9,161.0,85.14285714,7568
2018-08-26,73.85130435,23.64,0.0,0.0,185.44,5631.45862369338,207.707,4358.560959,87.625,43.58064516,2.135037737,2.296,0,1.3,2.391,25.9,161.0,83.0,5736
2018-08-27,73.85130435,23.7,0.0,0.0,187.114,3827.647388880934,207.65,4358.560959,88.33333333,43.48387097,2.135037737,2.3,0,2.5,2.376,26.1,161.1,82.0,4154
2018-08-28,73.85130435,23.66,0.0,0.0,188.132,3820.328639080082,210.248,4358.560959,87.04166667,43.38709677,2.135037737,2.288,0,0.7,2.373,26.2,161.25,81.0,4320
2018-08-29,73.85130435,23.59,0.0,0.0,188.582,3812.495271533787,210.079,4358.560959,86.41666667,43.29032258,2.135037737,2.282,0,1.5,2.366,26.2,161.4,80.0,4517
2018-08-30,73.85130435,23.64,0.0,0.0,188.968,3820.328639080082,209.361,4358.560959,86.45833333,43.19354839,2.135037737,2.275,0,2.2,2.392,26.3,161.45,79.0,4528
2018-08-31,73.85130435,23.69,0.0,0.0,188.42,3812.495271533787,208.012,4358.560959,86.375,43.09677419,2.135037737,2.269,0,4.9,2.378,26.4,161.5,78.0,4591
2018-09-01,79.163,23.69,0.0,0.0,188.42,3872.3038860037173,208.012,4358.560959,85.83333333,43.0,2.135037737,2.269,0,0.6,2.378,26.4,161.5,77.0,4840
2018-09-02,79.163,23.69,0.0,0.0,188.42,3812.495271533787,208.012,4358.560959,86.29166667,42.9,2.135037737,2.269,0,1.0,2.378,26.4,161.5,76.0,4851
2018-09-03,79.163,23.65,0.0,0.0,187.388,3872.3038860037173,208.147,4358.560959,85.5,42.8,2.135037737,2.262,0,1.3,2.377,26.4,161.6,76.28571429,4943
2018-09-04,79.163,23.75,0.0,0.0,187.844,3872.3038860037173,209.344,4358.560959,84.58333333,42.7,2.135037737,2.261,0,0.6,2.378,26.4,161.9,76.57142857,5240
2018-09-05,79.163,23.64,0.0,0.0,187.513,3812.495271533787,208.989,4358.560959,82.625,42.6,2.135037737,2.246,0,0.9,2.334,26.4,162.2,76.85714286,5740
2018-09-06,79.163,23.68,0.0,0.0,188.638,3792.9176458359616,209.409,4358.560959,78.70833333,42.5,2.135037737,2.257,0,0.0,2.318,26.9,161.6,77.14285714,6264
2018-09-07,79.163,23.69,0.0,0.0,187.811,3792.9176458359616,211.551,4358.560959,80.58333333,42.4,2.135037737,2.241,0,0.0,2.302,26.9,162.05,77.42857143,6161
2018-09-08,79.163,23.69,0.0,0.0,187.811,3827.647388880934,211.551,4358.560959,80.45833333,42.3,2.135037737,2.241,0,0.7,2.302,26.8,162.05,77.71428571,6490
2018-09-09,79.163,23.69,0.0,0.0,187.811,3827.647388880934,211.551,4358.560959,82.66666667,42.2,2.135037737,2.241,0,0.4,2.302,26.9,162.05,78.0,6339
2018-09-10,79.163,23.61,0.0,0.0,187.216,3827.647388880934,211.566,4358.560959,80.41666667,42.1,2.135037737,2.234,0,0.5,2.339,27.1,162.4,78.14285714,6122
2018-09-11,79.163,23.69,0.0,0.0,188.286,3792.9176458359616,212.03,4358.560959,83.375,42.0,2.135037737,2.252,0,0.6,2.355,26.6,162.3,78.28571429,5907
2018-09-12,79.163,23.79,0.0,0.0,188.381,3812.495271533787,213.448,4358.560959,79.58333333,41.9,2.135037737,2.261,0,0.0,2.387,27.1,162.5,78.42857143,5895
2018-09-13,79.163,23.85,0.0,0.0,188.923,3792.9176458359616,214.029,4358.560959,76.0,41.8,2.135037737,2.279,0,1.0,2.408,27.4,162.85,78.57142857,5799
2018-09-14,79.163,24.05,0.0,0.0,190.371,3827.647388880934,216.984,4358.560959,77.875,41.7,2.135037737,2.273,0,0.0,2.422,27.3,163.8,78.71428571,5425
2018-09-15,79.163,24.05,0.0,0.0,190.371,3965.727906240101,216.984,4358.560959,77.45833333,41.6,2.135037737,2.273,0,2.0,2.422,27.3,163.8,78.85714286,5491
2018-09-16,79.163,24.05,0.0,0.0,190.371,3965.727906240101,216.984,4358.560959,74.75,41.5,2.135037737,2.273,0,0.4,2.422,27.6,163.8,79.0,5458
2018-09-17,79.163,24.17,0.0,0.0,190.507,4131.250580720093,218.068,4358.560959,77.0,41.4,2.135037737,2.281,0,0.6,2.463,27.8,164.9,78.57142857,4997
2018-09-18,79.163,24.4,0.0,0.0,192.661,3872.3038860037173,219.669,4358.560959,76.125,41.3,2.135037737,2.31,0,2.9,2.505,27.9,165.85,78.14285714,4559
2018-09-19,79.163,24.65,0.0,0.0,193.514,3792.9176458359616,223.947,4358.560959,81.75,41.2,2.135037737,2.344,0,2.8,2.545,27.3,167.125,77.71428571,4087
2018-09-20,79.163,24.6,0.0,0.0,195.085,3872.3038860037173,220.585,4358.560959,83.41666667,41.1,2.135037737,2.335,0,7.3,2.538,27.0,168.8,77.28571429,3966
2018-09-21,79.163,24.6,0.0,0.0,198.787,3782.1821349382326,221.327,4358.560959,88.79166667,41.0,2.135037737,2.321,0,20.5,2.558,25.7,168.675,76.85714286,4474
2018-09-22,79.163,24.6,0.0,0.0,198.787,3760.684577296901,221.327,4358.560959,87.375,40.9,2.135037737,2.321,0,6.1,2.558,26.5,168.675,76.42857143,4186
2018-09-23,79.163,24.6,0.0,0.0,198.787,3842.6669985067197,221.327,4358.560959,86.66666667,40.8,2.135037737,2.321,0,5.4,2.558,26.6,168.675,76.0,4194
2018-09-24,79.163,24.58,0.0,0.0,198.193,3760.684577296901,222.464,4358.560959,89.66666667,40.7,2.135037737,2.322,0,14.4,2.563,25.6,168.675,74.42857143,4925
2018-09-25,79.163,24.56,0.0,0.0,198.16,3760.684577296901,222.448,4358.560959,87.33333333,40.6,2.135037737,2.327,0,4.4,2.565,26.3,168.75,72.85714286,3828
2018-09-26,79.163,24.56,0.0,0.0,198.653,3778.227589483687,221.388,4358.560959,88.83333333,40.5,2.135037737,2.332,0,4.2,2.58,26.4,168.95,71.28571429,3808
2018-09-27,79.163,24.63,0.0,0.0,198.33,3778.227589483687,220.411,4358.560959,88.95833333,40.4,2.135037737,2.333,0,11.0,2.578,26.3,169.25,69.71428571,3793
2018-09-28,79.163,24.62,0.0,0.0,197.032,3760.684577296901,220.557,4358.560959,88.95833333,40.3,2.135037737,2.319,0,24.0,2.601,26.1,169.15,68.14285714,3619
2018-09-29,79.163,24.62,0.0,0.0,197.032,3774.3639531200506,220.557,4358.560959,89.54166667,40.2,2.135037737,2.319,0,25.5,2.601,25.9,169.15,66.57142857,3798
2018-09-30,79.163,24.62,0.0,0.0,197.032,3774.3639531200506,220.557,4358.560959,89.875,40.1,2.135037737,2.319,0,10.0,2.601,26.1,169.15,65.0,3888
2018-10-01,80.78347826,24.65,0.0,0.0,196.366,3872.3038860037173,219.767,4358.560959,88.5,40.0,2.135037737,2.322,0,26.9,2.587,25.9,169.1,65.0,4584
2018-10-02,80.78347826,24.73,0.0,0.0,195.784,3872.3038860037173,219.786,4358.560959,89.70833333,40.16129032,2.135037737,2.316,0,7.0,2.578,25.8,169.325,65.0,4669
2018-10-03,80.78347826,24.75,0.0,0.0,195.536,3812.495271533787,221.39,4358.560959,90.33333333,40.32258065,2.135037737,2.309,0,6.6,2.537,25.8,169.85,65.0,4877
2018-10-04,80.78347826,24.79,0.0,0.0,194.954,3812.495271533787,223.493,4358.560959,88.375,40.48387097,2.135037737,2.309,0,3.3,2.556,26.3,170.025,65.0,4957
2018-10-05,80.78347826,24.62,0.0,0.0,195.775,3872.3038860037173,223.38,4358.560959,88.79166667,40.64516129,2.135037737,2.304,0,9.8,2.562,26.3,170.3,65.0,5171
2018-10-06,80.78347826,24.62,0.0,0.0,195.775,3872.3038860037173,223.38,4358.560959,91.83333333,40.80645161,2.135037737,2.304,0,22.4,2.562,25.6,170.3,65.0,5435
2018-10-07,80.78347826,24.62,0.0,0.0,195.775,3928.0006335128287,223.38,4358.560959,93.70833333,40.96774194,2.135037737,2.304,0,20.6,2.562,24.9,170.3,65.0,5843
2018-10-08,80.78347826,24.71,0.0,0.0,196.254,3792.9176458359616,224.829,4358.560959,91.95833333,41.12903226,2.135037737,2.301,0,9.8,2.583,25.4,170.65,65.28571429,5694
2018-10-09,80.78347826,24.73,0.0,0.0,196.112,3820.328639080082,225.973,4358.560959,90.08333333,41.29032258,2.135037737,2.306,0,18.4,2.561,25.6,171.05,65.57142857,6063
2018-10-10,80.78347826,24.86,0.0,0.0,196.545,3820.328639080082,226.707,4358.560959,90.91666667,41.4516129,2.135037737,2.313,0,21.9,2.584,25.5,171.25,65.85714286,6085
2018-10-11,80.78347826,24.52,0.0,0.0,197.28,3792.9176458359616,223.315,4358.560959,89.41666667,41.61290323,2.135037737,2.306,0,7.1,2.569,25.8,171.3,66.14285714,6007
2018-10-12,80.78347826,24.63,0.0,0.0,198.605,3820.328639080082,224.053,4358.560959,89.95833333,41.77419355,2.135037737,2.309,0,2.4,2.594,25.7,169.75,66.42857143,5798
2018-10-13,80.78347826,24.63,0.0,0.0,198.605,3872.3038860037173,224.053,4358.560959,89.54166667,41.93548387,2.135037737,2.309,0,13.5,2.594,25.3,169.75,66.71428571,5926
2018-10-14,80.78347826,24.63,0.0,0.0,198.605,3872.3038860037173,224.053,4358.560959,86.41666667,42.09677419,2.135037737,2.309,0,1.4,2.594,26.0,169.75,67.0,5864
2018-10-15,80.78347826,24.72,0.0,0.0,195.976,3872.3038860037173,225.291,4358.560959,86.375,42.25806452,2.135037737,2.326,0,0.6,2.614,26.3,170.35,67.0,5323
2018-10-16,80.78347826,24.69,0.0,0.0,196.925,3820.328639080082,224.332,4358.560959,87.41666667,42.41935484,2.135037737,2.324,0,10.6,2.611,25.8,170.85,67.0,5221
2018-10-17,80.78347826,24.69,0.0,0.0,197.435,3820.328639080082,222.999,4358.560959,89.08333333,42.58064516,2.135037737,2.33,0,6.3,2.603,25.3,171.05,67.0,5140
2018-10-18,80.78347826,24.79,0.0,0.0,196.403,3792.9176458359616,224.536,4358.560959,86.41666667,42.74193548,2.135037737,2.341,0,0.3,2.623,26.2,171.3,67.0,4755
2018-10-19,80.78347826,24.84,0.0,0.0,195.944,3812.495271533787,223.733,4358.560959,88.16666667,42.90322581,2.135037737,2.346,0,3.2,2.647,26.0,171.775,67.0,4369
2018-10-20,80.78347826,24.84,0.0,0.0,195.944,3872.3038860037173,223.733,4358.560959,89.70833333,43.06451613,2.135037737,2.346,0,21.4,2.647,25.2,171.775,67.0,4443
2018-10-21,80.78347826,24.84,0.0,0.0,195.944,3827.647388880934,223.733,4358.560959,90.58333333,43.22580645,2.135037737,2.346,0,11.6,2.647,25.3,171.775,67.0,4241
2018-10-22,80.78347826,24.88,0.0,0.0,197.563,3827.647388880934,224.152,4358.560959,91.5,43.38709677,2.135037737,2.347,0,11.6,2.635,25.7,172.6,66.85714286,4017
2018-10-23,80.78347826,24.86,0.0,0.0,197.622,3872.3038860037173,222.39,4358.560959,89.0,43.5483871,2.135037737,2.358,0,8.3,2.63,25.7,172.65,66.71428571,4157
2018-10-24,80.78347826,24.86,0.0,0.0,197.743,3827.647388880934,221.414,4358.560959,89.70833333,43.70967742,2.135037737,2.359,0,6.9,2.633,25.6,172.65,66.57142857,5156
2018-10-25,80.78347826,24.9,0.0,0.0,196.381,3792.9176458359616,221.892,4358.560959,91.54166667,43.87096774,2.135037737,2.354,0,65.0,2.632,24.5,172.75,66.42857143,3999
2018-10-26,80.78347826,24.99,0.0,0.0,196.202,3812.495271533787,222.534,4358.560959,90.08333333,44.03225806,2.135037737,2.37,0,7.3,2.642,25.5,172.9,66.28571429,3835
2018-10-27,80.78347826,24.99,0.0,0.0,196.202,3812.495271533787,222.534,4358.560959,90.04166667,44.19354839,2.135037737,2.37,0,9.5,2.642,25.6,172.9,66.14285714,3930
2018-10-28,80.78347826,24.99,0.0,0.0,196.202,3792.9176458359616,222.534,4358.560959,88.58333333,44.35483871,2.135037737,2.37,0,12.9,2.642,25.7,172.9,66.0,4127
2018-10-29,80.78347826,25.04,0.0,0.0,196.85,3827.647388880934,221.665,4358.560959,85.54166667,44.51612903,2.135037737,2.368,0,1.2,2.664,26.2,173.95,67.85714286,4286
2018-10-30,80.78347826,25.17,0.0,0.0,197.532,3827.647388880934,224.18,4358.560959,84.0,44.67741935,2.135037737,2.374,0,1.1,2.665,26.5,174.45,69.71428571,4575
2018-10-31,80.78347826,25.17,0.0,0.0,197.499,3827.647388880934,226.743,4358.560959,88.25,44.83870968,2.135037737,2.372,0,13.0,2.653,26.4,175.6,71.57142857,4576
2018-11-01,66.22863636,25.3,0.0,0.0,198.264,3862.6006968641113,226.176,4358.560959,89.70833333,45.0,2.135037737,2.407,0,16.3,2.636,25.8,174.25,73.42857143,6242
2018-11-02,66.22863636,25.17,0.0,0.0,198.482,3812.495271533787,227.353,4358.560959,89.375,44.93333333,2.135037737,2.386,0,15.5,2.639,25.9,174.35,75.28571429,6102
2018-11-03,66.22863636,25.17,0.0,0.0,198.482,3792.9176458359616,227.353,4358.560959,91.95833333,44.86666667,2.135037737,2.386,0,28.9,2.639,25.6,174.35,77.14285714,6190
2018-11-04,66.22863636,25.17,0.0,0.0,198.482,3827.647388880934,227.353,4358.560959,87.45833333,44.8,2.135037737,2.386,0,4.2,2.639,26.3,174.35,79.0,6756
2018-11-05,66.22863636,25.2,0.0,0.0,198.213,3827.647388880934,228.381,4358.560959,92.16666667,44.73333333,2.135037737,2.39,0,11.1,2.636,25.5,174.35,78.71428571,6722
2018-11-06,66.22863636,25.25,0.0,0.0,198.578,3827.647388880934,229.377,4358.560959,89.04166667,44.66666667,2.135037737,2.412,0,13.9,2.638,25.3,174.35,78.42857143,9504
2018-11-07,66.22863636,25.21,0.0,0.0,198.909,3827.647388880934,228.38,4358.560959,91.75,44.6,2.135037737,2.416,0,12.0,2.613,24.8,174.75,78.14285714,7896
2018-11-08,66.22863636,25.17,0.0,0.0,199.349,3827.647388880934,227.219,4358.560959,92.04166667,44.53333333,2.135037737,2.416,0,32.8,2.577,24.8,174.85,77.85714286,8168
2018-11-09,66.22863636,25.24,0.0,0.0,198.512,3792.9176458359616,225.821,4358.560959,90.33333333,44.46666667,2.135037737,2.412,0,23.5,2.589,25.3,175.1,77.57142857,7890
2018-11-10,66.22863636,25.24,0.0,0.0,198.512,3820.328639080082,225.821,4358.560959,81.5,44.4,2.135037737,2.412,0,0.4,2.589,26.4,175.1,77.28571429,8742
2018-11-11,66.22863636,25.24,0.0,0.0,198.512,3792.9176458359616,225.821,4358.560959,79.95833333,44.33333333,2.135037737,2.412,0,0.3,2.589,25.7,175.1,77.0,9133
2018-11-12,66.22863636,25.32,0.0,0.0,198.232,3872.3038860037173,228.402,4358.560959,83.79166667,44.26666667,2.135037737,2.425,0,0.9,2.585,25.5,175.75,78.42857143,8452
2018-11-13,66.22863636,25.35,0.0,0.0,196.858,3827.647388880934,228.998,4358.560959,84.125,44.2,2.135037737,2.437,0,0.1,2.627,25.9,176.1,79.85714286,7597
2018-11-14,66.22863636,25.44,0.0,0.0,198.574,3827.647388880934,225.56,4358.560959,85.20833333,44.13333333,2.135037737,2.455,0,0.1,2.68,26.0,176.2,81.28571429,7138
2018-11-15,66.22863636,25.48,0.0,0.0,198.908,3820.328639080082,226.93,4358.560959,86.125,44.06666667,2.135037737,2.456,0,0.0,2.679,26.2,176.55,82.71428571,6645
2018-11-16,66.22863636,25.53,0.0,0.0,199.847,3827.647388880934,227.784,4358.560959,90.16666667,44.0,2.135037737,2.475,0,5.9,2.701,26.1,176.75,84.14285714,5932
2018-11-17,66.22863636,25.53,0.0,0.0,199.847,3792.9176458359616,227.784,4358.560959,87.70833333,43.93333333,2.135037737,2.475,0,1.7,2.701,26.0,176.75,85.57142857,5933
2018-11-18,66.22863636,25.53,0.0,0.0,199.847,3820.328639080082,227.784,4358.560959,88.5,43.86666667,2.135037737,2.475,0,5.7,2.701,25.7,176.75,87.0,5781
2018-11-19,66.22863636,25.52,0.0,0.0,201.528,3827.647388880934,226.668,4358.560959,90.66666667,43.8,2.135037737,2.482,0,14.4,2.679,25.6,177.25,85.57142857,5509
2018-11-20,66.22863636,25.8,0.0,0.0,202.683,3872.3038860037173,228.398,4358.560959,91.08333333,43.73333333,2.135037737,2.507,0,14.7,2.72,25.4,177.25,84.14285714,6816
2018-11-21,66.22863636,25.79,0.0,0.0,201.249,3812.495271533787,230.195,4358.560959,87.375,43.66666667,2.135037737,2.529,0,2.8,2.724,25.7,178.75,82.71428571,5297
2018-11-22,66.22863636,25.85,0.0,0.0,203.187,3872.3038860037173,230.14,4358.560959,83.66666667,43.6,2.135037737,2.542,0,1.0,2.713,26.2,178.75,81.28571429,6942
2018-11-23,66.22863636,25.97,0.0,0.0,203.615,3820.328639080082,231.342,4358.560959,89.66666667,43.53333333,2.135037737,2.545,0,21.5,2.685,25.7,179.6,79.85714286,4949
2018-11-24,66.22863636,25.97,0.0,0.0,203.615,3827.647388880934,231.342,4358.560959,90.04166667,43.46666667,2.135037737,2.545,0,12.7,2.685,25.2,179.6,78.42857143,4993
2018-11-25,66.22863636,25.97,0.0,0.0,203.615,3812.495271533787,231.342,4358.560959,87.91666667,43.4,2.135037737,2.545,0,7.7,2.685,25.8,179.6,77.0,4922
2018-11-26,66.22863636,25.94,0.0,0.0,203.44,3792.9176458359616,229.937,4358.560959,84.41666667,43.33333333,2.135037737,2.548,0,1.5,2.688,26.3,180.25,77.57142857,4942
2018-11-27,66.22863636,25.83,0.0,0.0,203.868,3872.3038860037173,230.411,4358.560959,82.91666667,43.26666667,2.135037737,2.543,0,8.1,2.678,26.3,180.35,78.14285714,5229
2018-11-28,66.22863636,25.89,0.0,0.0,203.297,3820.328639080082,229.981,4358.560959,87.25,43.2,2.135037737,2.576,0,21.5,2.712,25.6,179.65,78.71428571,5054
2018-11-29,66.22863636,25.69,0.0,0.0,203.906,3812.495271533787,228.105,4358.560959,89.29166667,43.13333333,2.135037737,2.567,0,16.0,2.665,25.9,179.75,79.28571429,5013
2018-11-30,66.22863636,25.98,0.0,0.0,204.468,3792.9176458359616,227.569,4358.560959,90.125,43.06666667,2.135037737,2.539,0,4.3,2.689,25.4,178.8,79.85714286,5093
2018-12-01,57.94809524,25.98,0.0,0.0,204.468,3820.328639080082,227.569,4358.560959,79.70833333,43.0,2.135037737,2.539,0,0.0,2.689,26.3,178.8,80.42857143,7591
2018-12-02,57.94809524,25.98,0.0,0.0,204.468,3820.328639080082,227.569,4358.560959,76.08333333,43.12903226,2.135037737,2.539,0,0.1,2.689,26.4,178.8,81.0,8257
2018-12-03,57.94809524,26.19,0.0,0.0,201.973,3820.328639080082,227.752,4358.560959,85.33333333,43.25806452,2.135037737,2.539,0,5.0,2.677,25.8,178.85,81.0,7400
2018-12-04,57.94809524,26.16,0.0,0.0,202.747,3820.328639080082,228.376,4358.560959,87.125,43.38709677,2.135037737,2.542,0,2.8,2.695,26.2,179.05,81.0,7365
2018-12-05,57.94809524,26.04,0.0,0.0,202.831,3820.328639080082,229.163,4358.560959,90.79166667,43.51612903,2.135037737,2.53,0,4.1,2.677,25.6,179.35,81.0,7692
2018-12-06,57.94809524,25.97,0.0,0.0,203.171,3792.9176458359616,227.267,4358.560959,89.79166667,43.64516129,2.135037737,2.52,0,3.6,2.688,25.8,179.25,81.0,7881
2018-12-07,57.94809524,25.89,0.0,0.0,203.595,3872.3038860037173,224.761,4358.560959,88.41666667,43.77419355,2.135037737,2.468,0,1.4,2.683,26.1,178.55,81.0,8224
2018-12-08,57.94809524,25.89,0.0,0.0,203.595,3872.3038860037173,224.761,4358.560959,83.41666667,43.90322581,2.135037737,2.468,0,0.6,2.683,26.7,178.55,81.0,9025
2018-12-09,57.94809524,25.89,0.0,0.0,203.595,3827.647388880934,224.761,4358.560959,80.625,44.03225806,2.135037737,2.468,0,0.3,2.683,26.4,178.55,81.0,9709
2018-12-10,57.94809524,25.99,0.0,0.0,202.948,3820.328639080082,223.91,4358.560959,79.70833333,44.16129032,2.135037737,2.48,0,0.0,2.7,25.8,178.95,82.57142857,9845
2018-12-11,57.94809524,26.08,0.0,0.0,202.914,3792.9176458359616,226.596,4358.560959,77.75,44.29032258,2.135037737,2.498,0,0.0,2.701,25.6,179.3,84.14285714,10193
2018-12-12,57.94809524,26.12,0.0,0.0,202.67,3792.9176458359616,227.519,4358.560959,81.16666667,44.41935484,2.135037737,2.513,0,0.0,2.713,25.1,179.425,85.71428571,9727
2018-12-13,57.94809524,26.03,0.0,0.0,203.771,3820.328639080082,226.261,4358.560959,80.20833333,44.5483871,2.135037737,2.5,0,0.0,2.691,25.3,179.75,87.28571429,9612
2018-12-14,57.94809524,26.08,0.0,0.0,203.93,3812.495271533787,227.16,4358.560959,82.25,44.67741935,2.135037737,2.512,0,0.0,2.697,25.4,179.8,88.85714286,8761
2018-12-15,57.94809524,26.08,0.0,0.0,203.93,3820.328639080082,227.16,4358.560959,84.83333333,44.80645161,2.135037737,2.512,0,1.0,2.697,25.6,179.8,90.42857143,8260
2018-12-16,57.94809524,26.08,0.0,0.0,203.93,3812.495271533787,227.16,4358.560959,83.70833333,44.93548387,2.135037737,2.512,0,0.2,2.697,25.6,179.8,92.0,8153
2018-12-17,57.94809524,26.11,0.0,0.0,203.092,3792.9176458359616,227.664,4358.560959,80.91666667,45.06451613,2.135037737,2.55,0,0.0,2.67,24.7,179.9,92.85714286,8556
2018-12-18,57.94809524,26.17,0.0,0.0,203.888,3827.647388880934,227.421,4358.560959,84.875,45.19354839,2.135037737,2.566,0,0.0,2.673,25.4,180.05,93.71428571,7701
2018-12-19,57.94809524,26.29,0.0,0.0,204.271,3820.328639080082,229.101,4358.560959,85.54166667,45.32258065,2.135037737,2.587,0,0.3,2.649,25.8,180.35,94.57142857,7515
2018-12-20,57.94809524,26.24,0.0,0.0,204.864,3827.647388880934,228.883,4358.560959,79.66666667,45.4516129,2.135037737,2.583,0,1.7,2.629,26.0,181.0,95.42857143,7952
2018-12-21,57.94809524,26.32,0.0,0.0,206.85,3872.3038860037173,231.005,4358.560959,87.95833333,45.58064516,2.135037737,2.59,0,11.4,2.645,25.3,181.2,96.28571429,7043
2018-12-22,57.94809524,26.32,0.0,0.0,206.85,3827.647388880934,231.005,4358.560959,84.33333333,45.70967742,2.135037737,2.59,0,0.0,2.645,25.4,181.2,97.14285714,9189
2018-12-23,57.94809524,26.32,0.0,0.0,206.85,3792.9176458359616,231.005,4358.560959,88.375,45.83870968,2.135037737,2.59,0,9.4,2.645,25.4,181.2,98.0,6640
2018-12-24,57.94809524,26.36,0.0,0.0,205.833,3820.328639080082,230.324,4358.560959,88.54166667,45.96774194,2.135037737,2.592,0,2.0,2.644,25.5,181.55,98.14285714,6320
2018-12-25,57.94809524,26.38,0.0,0.0,206.664,3827.647388880934,229.497,4358.560959,87.58333333,46.09677419,2.135037737,2.592,0,4.6,2.644,25.6,181.55,98.28571429,8152
2018-12-26,57.94809524,26.56,0.0,0.0,205.975,3792.9176458359616,230.564,4358.560959,89.41666667,46.22580645,2.135037737,2.592,0,2.7,2.624,25.5,181.65,98.42857143,6420
2018-12-27,57.94809524,26.6,0.0,0.0,205.907,3812.495271533787,232.547,4358.560959,90.41666667,46.35483871,2.135037737,2.617,0,4.0,2.633,25.3,182.35,98.57142857,6392
2018-12-28,57.94809524,26.59,0.0,0.0,208.122,3792.9176458359616,233.372,4358.560959,86.20833333,46.48387097,2.135037737,2.629,0,1.0,2.624,25.5,183.0,98.71428571,6985
2018-12-29,57.94809524,26.59,0.0,0.0,208.122,3792.9176458359616,233.372,4358.560959,82.29166667,46.61290323,2.135037737,2.629,0,0.8,2.624,25.5,183.0,98.85714286,7762
2018-12-30,57.94809524,26.59,0.0,0.0,208.122,3820.328639080082,233.372,4358.560959,70.875,46.74193548,2.135037737,2.629,0,0.0,2.624,25.9,183.0,99.0,9589
2018-12-31,57.94809524,26.58,0.0,0.0,209.045,3820.328639080082,233.171,4358.560959,75.75,46.87096774,2.135037737,2.633,0,0.6,2.623,25.8,182.9,97.42857143,9258
2019-01-01,59.94478261,26.66,0.0,0.0,209.424,3792.9176458359616,230.691,4081.947727,72.0,47.0,3.528393582,2.614,0,0.0,2.65,26.2,182.85,95.85714286,9260
2019-01-02,59.94478261,26.62,0.0,0.0,209.411,3872.3038860037173,231.03,4081.947727,66.25,46.80645161,3.528393582,2.609,1,0.0,2.662,26.1,182.95,94.28571429,10462
2019-01-03,59.94478261,26.6,0.0,0.0,207.332,3827.647388880934,232.605,4081.947727,64.08333333,46.61290323,3.528393582,2.628,0,0.0,2.701,26.5,182.9,92.71428571,10121
2019-01-04,59.94478261,26.6,0.0,0.0,208.075,3820.328639080082,232.925,4081.947727,62.58333333,46.41935484,3.528393582,2.611,1,0.0,2.733,26.1,182.75,91.14285714,10443
2019-01-05,59.94478261,26.6,0.0,0.0,208.075,3827.647388880934,232.925,4081.947727,70.04166667,46.22580645,3.528393582,2.611,0,0.0,2.733,26.3,182.75,89.57142857,9781
2019-01-06,59.94478261,26.6,0.0,0.0,208.075,3827.647388880934,232.925,4081.947727,66.45833333,46.03225806,3.528393582,2.611,1,0.0,2.733,26.2,182.75,88.0,10843
2019-01-07,59.94478261,26.64,0.0,0.0,207.922,3792.9176458359616,232.258,4081.947727,71.625,45.83870968,3.528393582,2.603,0,0.0,2.729,25.9,182.25,88.14285714,10197
2019-01-08,59.94478261,26.77,0.0,0.0,208.942,3792.9176458359616,233.336,4081.947727,71.5,45.64516129,3.528393582,2.586,0,0.0,2.737,27.1,182.6,88.28571429,9904
2019-01-09,59.94478261,26.82,0.0,0.0,208.78,3872.3038860037173,232.096,4081.947727,67.75,45.4516129,3.528393582,2.585,1,0.6,2.722,27.3,182.45,88.42857143,10850
2019-01-10,59.94478261,26.9,0.0,0.0,210.392,3812.495271533787,233.815,4081.947727,72.29166667,45.25806452,3.528393582,2.585,0,3.2,2.72,27.0,182.05,88.57142857,10117
2019-01-11,59.94478261,26.93,0.0,0.0,209.149,3820.328639080082,234.465,4081.947727,71.04166667,45.06451613,3.528393582,2.576,0,1.1,2.719,26.6,181.95,88.71428571,10013
2019-01-12,59.94478261,26.93,0.0,0.0,209.149,3812.495271533787,234.465,4081.947727,71.29166667,44.87096774,3.528393582,2.576,0,2.8,2.719,26.6,181.95,88.85714286,9727
2019-01-13,59.94478261,26.93,0.0,0.0,209.149,3812.495271533787,234.465,4081.947727,78.33333333,44.67741935,3.528393582,2.576,0,2.5,2.719,26.6,181.95,89.0,8441
2019-01-14,59.94478261,26.96,0.0,0.0,208.47,3792.9176458359616,234.374,4081.947727,78.79166667,44.48387097,3.528393582,2.563,0,2.5,2.719,26.5,182.25,88.14285714,7812
2019-01-15,59.94478261,26.99,0.0,0.0,208.942,3792.9176458359616,234.922,4081.947727,74.33333333,44.29032258,3.528393582,2.569,0,1.1,2.75,26.7,182.25,87.28571429,9959
2019-01-16,59.94478261,26.8,0.0,0.0,207.794,3792.9176458359616,235.835,4081.947727,69.5,44.09677419,3.528393582,2.556,0,0.6,2.737,27.0,182.35,86.42857143,7953
2019-01-17,59.94478261,26.8,0.0,0.0,207.653,3812.495271533787,233.875,4081.947727,62.45833333,43.90322581,3.528393582,2.551,0,0.0,2.745,26.8,181.6,85.57142857,8343
2019-01-18,59.94478261,26.74,0.0,0.0,206.669,3792.9176458359616,234.385,4081.947727,62.45833333,43.70967742,3.528393582,2.554,0,0.0,2.738,26.1,181.65,84.71428571,8013
2019-01-19,59.94478261,26.74,0.0,0.0,206.669,3820.328639080082,234.385,4081.947727,66.33333333,43.51612903,3.528393582,2.554,0,0.0,2.738,25.3,181.65,83.85714286,7684
2019-01-20,59.94478261,26.74,0.0,0.0,206.669,3820.328639080082,234.385,4081.947727,71.625,43.32258065,3.528393582,2.554,0,0.0,2.738,26.0,181.65,83.0,8356
2019-01-21,59.94478261,26.76,0.0,0.0,206.089,3812.495271533787,236.012,4081.947727,75.66666667,43.12903226,3.528393582,2.556,0,0.0,2.739,25.8,181.8,83.85714286,5818
2019-01-22,59.94478261,26.83,0.0,0.0,206.313,3827.647388880934,238.126,4081.947727,78.08333333,42.93548387,3.528393582,2.559,0,0.1,2.756,26.0,182.15,84.71428571,5360
2019-01-23,59.94478261,26.77,0.0,0.0,206.772,3812.495271533787,237.475,4081.947727,77.79166667,42.74193548,3.528393582,2.56,0,0.0,2.765,26.2,182.2,85.57142857,5130
2019-01-24,59.94478261,26.92,0.0,0.0,207.116,3792.9176458359616,239.769,4081.947727,79.375,42.5483871,3.528393582,2.562,0,0.0,2.753,26.6,181.75,86.42857143,4771
2019-01-25,59.94478261,26.92,0.0,0.0,205.186,3820.328639080082,238.971,4081.947727,81.875,42.35483871,3.528393582,2.555,0,0.4,2.742,26.5,181.65,87.28571429,4401
2019-01-26,59.94478261,26.92,0.0,0.0,205.186,3827.647388880934,238.971,4081.947727,82.25,42.16129032,3.528393582,2.555,0,3.1,2.742,26.6,181.65,88.14285714,4405
2019-01-27,59.94478261,26.92,0.0,0.0,205.186,3812.495271533787,238.971,4081.947727,83.875,41.96774194,3.528393582,2.555,0,1.9,2.742,26.3,181.65,89.0,4369
2019-01-28,59.94478261,26.86,0.0,0.0,207.001,3792.9176458359616,236.344,4081.947727,83.875,41.77419355,3.528393582,2.533,0,1.7,2.739,26.2,181.575,89.42857143,4415
2019-01-29,59.94478261,26.71,0.0,0.0,207.307,3812.495271533787,235.31,4081.947727,68.5,41.58064516,3.528393582,2.519,0,0.0,2.744,27.1,180.85,89.85714286,5432
2019-01-30,59.94478261,26.62,0.0,0.0,206.426,3872.3038860037173,233.874,4081.947727,59.625,41.38709677,3.528393582,2.514,0,0.1,2.729,28.1,179.4,90.28571429,6265
2019-01-31,59.94478261,26.19,0.0,0.0,205.61,3820.328639080082,231.058,4081.947727,69.25,41.19354839,3.528393582,2.473,0,0.4,2.698,27.3,178.4,90.71428571,5594
2019-02-01,64.384,26.19,0.0,0.0,203.91,3872.3038860037173,230.308,4081.947727,68.125,41.0,3.528393582,2.463,0,0.9,2.694,27.7,176.65,91.14285714,8721
2019-02-02,64.384,26.19,0.0,0.0,203.91,3812.495271533787,230.308,4081.947727,68.375,41.32142857,3.528393582,2.463,0,0.9,2.694,27.9,176.65,91.57142857,8873
2019-02-03,64.384,26.19,0.0,0.0,203.91,3872.3038860037173,230.308,4081.947727,75.16666667,41.64285714,3.528393582,2.463,0,2.5,2.694,27.5,176.65,92.0,8674
2019-02-04,64.384,26.43,0.0,0.0,202.049,3812.495271533787,230.727,4081.947727,83.79166667,41.96428571,3.528393582,2.492,0,10.4,2.716,26.2,176.65,91.57142857,10194
2019-02-05,64.384,26.33,0.0,0.0,201.749,3820.328639080082,229.708,4081.947727,85.5,42.28571429,3.528393582,2.482,0,9.8,2.697,26.1,178.25,91.14285714,8484
2019-02-06,64.384,26.35,0.0,0.0,203.134,3812.495271533787,230.267,4081.947727,89.29166667,42.60714286,3.528393582,2.493,0,23.3,2.695,25.6,177.6,90.71428571,8892
2019-02-07,64.384,26.35,0.0,0.0,201.526,3792.9176458359616,230.151,4081.947727,85.25,42.92857143,3.528393582,2.497,0,1.1,2.715,26.2,177.75,90.28571429,9216
2019-02-08,64.384,26.17,0.0,0.0,201.356,3792.9176458359616,228.426,4081.947727,87.66666667,43.25,3.528393582,2.499,0,7.7,2.701,26.3,177.75,89.85714286,9022
2019-02-09,64.384,26.17,0.0,0.0,201.356,3872.3038860037173,228.426,4081.947727,90.375,43.57142857,3.528393582,2.499,0,20.4,2.701,25.4,177.75,89.42857143,9576
2019-02-10,64.384,26.17,0.0,0.0,201.356,3792.9176458359616,228.426,4081.947727,87.58333333,43.89285714,3.528393582,2.499,0,3.7,2.701,26.0,177.75,89.0,9726
2019-02-11,64.384,26.32,0.0,0.0,201.072,3820.328639080082,229.865,4081.947727,76.91666667,44.21428571,3.528393582,2.528,1,0.7,2.707,27.1,177.75,89.28571429,10747
2019-02-12,64.384,26.4,0.0,0.0,200.188,3827.647388880934,229.301,4081.947727,70.625,44.53571429,3.528393582,2.519,1,0.9,2.683,27.5,178.3,89.57142857,11640
2019-02-13,64.384,26.37,0.0,0.0,201.794,3792.9176458359616,228.75,4081.947727,72.375,44.85714286,3.528393582,2.514,1,1.2,2.678,27.5,178.5,89.85714286,11277
2019-02-14,64.384,26.38,0.0,0.0,200.766,3812.495271533787,230.28,4081.947727,78.45833333,45.17857143,3.528393582,2.505,0,0.7,2.695,27.2,178.55,90.14285714,9764
2019-02-15,64.384,26.54,0.0,0.0,201.485,3812.495271533787,232.115,4081.947727,87.25,45.5,3.528393582,2.516,0,10.0,2.711,26.3,178.65,90.42857143,8600
2019-02-16,64.384,26.54,0.0,0.0,201.485,3872.3038860037173,232.115,4081.947727,89.29166667,45.82142857,3.528393582,2.516,0,7.8,2.711,26.1,178.65,90.71428571,8453
2019-02-17,64.384,26.54,0.0,0.0,201.485,3872.3038860037173,232.115,4081.947727,87.83333333,46.14285714,3.528393582,2.516,0,4.4,2.711,26.5,178.65,91.0,8273
2019-02-18,64.384,26.57,0.0,0.0,201.58,3792.9176458359616,234.63,4081.947727,85.20833333,46.46428571,3.528393582,2.519,0,2.5,2.733,26.9,179.6,90.28571429,7791
2019-02-19,64.384,26.74,0.0,0.0,202.866,3812.495271533787,234.517,4081.947727,84.66666667,46.78571429,3.528393582,2.531,0,0.4,2.736,27.0,179.6,89.57142857,9927
2019-02-20,64.384,26.71,0.0,0.0,203.44,3872.3038860037173,234.275,4081.947727,82.91666667,47.10714286,3.528393582,2.522,0,0.3,2.735,26.9,179.7,88.85714286,8135
2019-02-21,64.384,26.73,0.0,0.0,203.463,3827.647388880934,234.277,4081.947727,71.625,47.42857143,3.528393582,2.527,0,0.4,2.745,27.7,179.5,88.14285714,8873
2019-02-22,64.384,26.87,0.0,0.0,203.275,3812.495271533787,235.419,4081.947727,71.875,47.75,3.528393582,2.538,0,0.3,2.744,27.5,179.475,87.42857143,8552
2019-02-23,64.384,26.87,0.0,0.0,203.275,3812.495271533787,235.419,4081.947727,75.41666667,48.07142857,3.528393582,2.538,0,0.5,2.744,26.3,179.475,86.71428571,8568
2019-02-24,64.384,26.87,0.0,0.0,203.275,4044.9097244219197,235.419,4081.947727,80.45833333,48.39285714,3.528393582,2.538,0,0.6,2.744,26.5,179.475,86.0,8448
2019-02-25,64.384,26.84,0.0,0.0,203.344,3792.9176458359616,238.32,4081.947727,77.58333333,48.71428571,3.528393582,2.532,0,1.4,2.737,27.3,179.75,85.71428571,7672
2019-02-26,64.384,26.89,0.0,0.0,203.99,3792.9176458359616,239.363,4081.947727,82.45833333,49.03571429,3.528393582,2.526,0,4.5,2.734,27.1,179.85,85.42857143,7385
2019-02-27,64.384,26.89,0.0,0.0,204.768,3827.647388880934,238.767,4081.947727,82.75,49.35714286,3.528393582,2.541,0,2.3,2.729,26.8,179.85,85.14285714,7895
2019-02-28,64.384,26.8,0.0,0.0,204.301,3792.9176458359616,237.342,4081.947727,74.66666667,49.67857143,3.528393582,2.532,0,0.9,2.724,27.5,180.025,84.85714286,8655
2019-03-01,66.94190476,26.8,0.0,0.0,204.546,3820.328639080082,237.064,4081.947727,77.29166667,50.0,3.528393582,2.535,0,0.1,2.731,27.3,179.75,84.57142857,8549
2019-03-02,66.94190476,26.8,0.0,0.0,204.546,3827.647388880934,237.064,4081.947727,74.25,49.83870968,3.528393582,2.535,0,0.0,2.731,27.8,179.75,84.28571429,9020
2019-03-03,66.94190476,26.8,0.0,0.0,204.546,3792.9176458359616,237.064,4081.947727,78.83333333,49.67741935,3.528393582,2.535,0,4.9,2.731,27.5,179.75,84.0,8712
2019-03-04,66.94190476,26.69,0.0,0.0,204.277,3872.3038860037173,235.952,4081.947727,83.45833333,49.51612903,3.528393582,2.54,1,4.5,2.716,26.5,179.75,83.71428571,11173
2019-03-05,66.94190476,26.59,0.0,0.0,203.613,3827.647388880934,235.085,4081.947727,80.33333333,49.35483871,3.528393582,2.547,0,1.6,2.704,27.2,179.05,83.42857143,9307
2019-03-06,66.94190476,26.6,0.0,0.0,202.208,3827.647388880934,233.764,4081.947727,79.125,49.19354839,3.528393582,2.548,0,1.9,2.691,27.6,178.5,83.14285714,9701
2019-03-07,66.94190476,26.56,0.0,0.0,201.568,3820.328639080082,232.428,4081.947727,78.0,49.03225806,3.528393582,2.55,0,0.5,2.688,28.1,178.65,82.85714286,9735
2019-03-08,66.94190476,26.56,0.0,0.0,199.777,3812.495271533787,234.937,4081.947727,79.33333333,48.87096774,3.528393582,2.557,0,1.6,2.706,28.0,178.55,82.57142857,9232
2019-03-09,66.94190476,26.56,0.0,0.0,199.777,3792.9176458359616,234.937,4081.947727,81.79166667,48.70967742,3.528393582,2.557,0,4.1,2.706,27.2,178.55,82.28571429,9420
2019-03-10,66.94190476,26.56,0.0,0.0,199.777,3820.328639080082,234.937,4081.947727,78.125,48.5483871,3.528393582,2.557,0,0.1,2.706,27.3,178.55,82.0,10005
2019-03-11,66.94190476,26.65,0.0,0.0,200.486,3792.9176458359616,233.698,4081.947727,77.625,48.38709677,3.528393582,2.567,0,2.3,2.722,27.2,178.625,81.71428571,9711
2019-03-12,66.94190476,26.67,0.0,0.0,200.703,3820.328639080082,238.568,4081.947727,76.54166667,48.22580645,3.528393582,2.572,0,0.5,2.731,27.1,178.75,81.42857143,9667
2019-03-13,66.94190476,26.6,0.0,0.0,201.568,6093.1821349382335,236.824,4081.947727,75.625,48.06451613,3.528393582,2.578,1,1.3,2.73,27.4,178.85,81.14285714,10960
2019-03-14,66.94190476,26.59,0.0,0.0,202.491,6081.210893086374,237.373,4081.947727,72.08333333,47.90322581,3.528393582,2.589,1,0.0,2.752,28.3,178.85,80.85714286,10391
2019-03-15,66.94190476,26.56,0.0,0.0,202.08,5703.950348432056,236.415,4081.947727,71.83333333,47.74193548,3.528393582,2.599,0,0.3,2.767,28.5,178.55,80.57142857,9413
2019-03-16,66.94190476,26.56,0.0,0.0,202.08,6212.400348432056,236.415,4081.947727,75.75,47.58064516,3.528393582,2.599,0,1.5,2.767,28.0,178.55,80.28571429,8929
2019-03-17,66.94190476,26.56,0.0,0.0,202.08,6212.400348432056,236.415,4081.947727,79.45833333,47.41935484,3.528393582,2.599,0,2.4,2.767,27.3,178.55,80.0,8370
2019-03-18,66.94190476,26.59,0.0,0.0,202.038,3827.647388880934,236.852,4081.947727,84.29166667,47.25806452,3.528393582,2.586,0,32.3,2.77,26.7,178.325,78.71428571,6527
2019-03-19,66.94190476,26.66,0.0,0.0,202.008,3827.647388880934,235.567,4081.947727,80.83333333,47.09677419,3.528393582,2.595,0,0.1,2.794,27.4,178.5,77.42857143,6318
2019-03-20,66.94190476,26.59,0.0,0.0,202.466,3812.495271533787,233.463,4081.947727,78.375,46.93548387,3.528393582,2.588,0,0.8,2.785,28.0,178.5,76.14285714,7832
2019-03-21,66.94190476,26.5,0.0,0.0,203.572,3820.328639080082,235.231,4081.947727,78.0,46.77419355,3.528393582,2.574,0,5.4,2.755,27.4,178.1,74.85714286,6246
2019-03-22,66.94190476,26.53,0.0,0.0,202.365,3792.9176458359616,235.206,4081.947727,78.29166667,46.61290323,3.528393582,2.584,0,0.2,2.781,28.0,178.05,73.57142857,5502
2019-03-23,66.94190476,26.53,0.0,0.0,202.365,3792.9176458359616,235.206,4081.947727,81.66666667,46.4516129,3.528393582,2.584,0,2.4,2.781,27.9,178.05,72.28571429,5143
2019-03-24,66.94190476,26.53,0.0,0.0,202.365,3792.9176458359616,235.206,4081.947727,78.25,46.29032258,3.528393582,2.584,0,0.0,2.781,27.8,178.05,71.0,5318
2019-03-25,66.94190476,26.39,0.0,0.0,201.315,3872.3038860037173,234.262,4081.947727,76.70833333,46.12903226,3.528393582,2.569,0,0.1,2.752,28.0,178.125,71.71428571,5276
2019-03-26,66.94190476,26.17,0.0,0.0,201.392,3827.647388880934,232.342,4081.947727,71.83333333,45.96774194,3.528393582,2.547,0,0.0,2.713,28.4,177.35,72.42857143,5631
2019-03-27,66.94190476,26.13,0.0,0.0,199.654,3820.328639080082,229.897,4081.947727,72.79166667,45.80645161,3.528393582,2.544,0,0.0,2.709,28.5,176.15,73.14285714,5493
2019-03-28,66.94190476,26.12,0.0,0.0,197.915,3792.9176458359616,228.697,4081.947727,72.66666667,45.64516129,3.528393582,2.534,0,0.4,2.669,28.3,176.2,73.85714286,5561
2019-03-29,66.94190476,25.96,0.0,0.0,197.707,3792.9176458359616,228.449,4081.947727,74.70833333,45.48387097,3.528393582,2.517,0,1.7,2.671,27.6,175.475,74.57142857,5513
2019-03-30,66.94190476,25.96,0.0,0.0,197.707,3872.3038860037173,228.449,4081.947727,75.16666667,45.32258065,3.528393582,2.517,0,1.5,2.671,28.1,175.475,75.28571429,5669
2019-03-31,66.94190476,25.96,0.0,0.0,197.707,3792.9176458359616,228.449,4081.947727,72.08333333,45.16129032,3.528393582,2.517,0,0.1,2.671,28.4,175.475,76.0,6004
2019-04-01,71.47590909,25.94,0.0,0.0,196.69,3827.647388880934,229.263,4081.947727,70.33333333,45.0,3.528393582,2.53,0,0.1,2.669,28.5,174.375,77.71428571,7134
2019-04-02,71.47590909,26.01,0.0,0.0,195.369,3820.328639080082,229.932,4081.947727,69.79166667,44.7,3.528393582,2.55,0,2.0,2.676,28.0,174.55,79.42857143,7361
2019-04-03,71.47590909,25.97,0.0,0.0,195.38,3820.328639080082,228.375,4081.947727,67.5,44.4,3.528393582,2.529,0,0.1,2.667,28.6,174.7,81.14285714,7618
2019-04-04,71.47590909,26.0,0.0,0.0,196.146,3827.647388880934,227.961,4081.947727,65.58333333,44.1,3.528393582,2.525,0,0.0,2.675,29.0,174.625,82.85714286,7842
2019-04-05,71.47590909,25.99,0.0,0.0,195.789,3872.3038860037173,228.204,4081.947727,69.04166667,43.8,3.528393582,2.509,0,0.1,2.69,29.0,174.85,84.57142857,7489
2019-04-06,71.47590909,25.99,0.0,0.0,195.789,3812.495271533787,228.204,4081.947727,71.66666667,43.5,3.528393582,2.509,0,0.2,2.69,28.8,174.85,86.28571429,7476
2019-04-07,71.47590909,25.99,0.0,0.0,195.789,3812.495271533787,228.204,4081.947727,71.125,43.2,3.528393582,2.509,0,0.1,2.69,29.2,174.85,88.0,7660
2019-04-08,71.47590909,26.02,0.0,0.0,195.909,3820.328639080082,228.267,4081.947727,70.45833333,42.9,3.528393582,2.521,0,0.1,2.689,29.3,174.675,89.71428571,7748
2019-04-09,71.47590909,25.99,0.0,0.0,196.526,3792.9176458359616,228.61,4081.947727,73.625,42.6,3.528393582,2.524,0,2.6,2.716,29.1,174.75,91.42857143,7335
2019-04-10,71.47590909,25.96,0.0,0.0,196.691,3812.495271533787,227.925,4081.947727,72.95833333,42.3,3.528393582,2.527,0,1.2,2.699,29.2,174.625,93.14285714,7491
2019-04-11,71.47590909,26.03,0.0,0.0,196.77,3827.647388880934,228.438,4081.947727,78.91666667,42.0,3.528393582,2.522,0,3.9,2.712,28.1,174.575,94.85714286,6947
2019-04-12,71.47590909,26.01,0.0,0.0,196.256,3812.495271533787,228.718,4081.947727,78.75,41.7,3.528393582,2.514,0,1.3,2.713,28.6,174.6,96.57142857,6305
2019-04-13,71.47590909,26.01,0.0,0.0,196.256,3792.9176458359616,228.718,4081.947727,78.79166667,41.4,3.528393582,2.514,0,2.0,2.713,28.7,174.6,98.28571429,7669
2019-04-14,71.47590909,26.01,0.0,0.0,196.256,3820.328639080082,228.718,4081.947727,77.875,41.1,3.528393582,2.514,0,3.0,2.713,28.5,174.6,100.0,7585
2019-04-15,71.47590909,26.01,0.0,0.0,197.185,3792.9176458359616,227.934,4081.947727,79.95833333,40.8,3.528393582,2.511,0,3.9,2.724,28.1,174.6,93.85714286,5530
2019-04-16,71.47590909,26.09,0.0,0.0,197.307,3872.3038860037173,227.775,4081.947727,81.41666667,40.5,3.528393582,2.513,0,15.9,2.734,27.8,174.675,87.71428571,5329
2019-04-17,71.47590909,25.92,0.0,0.0,196.949,3820.328639080082,226.304,4081.947727,87.41666667,40.2,3.528393582,2.507,0,17.6,2.723,27.0,174.6,81.57142857,4777
2019-04-18,71.47590909,25.94,0.0,0.0,197.08,3792.9176458359616,226.287,4081.947727,85.20833333,39.9,3.528393582,2.506,0,9.5,2.714,27.6,174.1,75.42857143,4501
2019-04-19,71.47590909,25.99,0.0,0.0,195.328,3872.3038860037173,226.775,4081.947727,84.375,39.6,3.528393582,2.503,0,6.0,2.732,27.5,174.1,69.28571429,5350
2019-04-20,71.47590909,25.99,0.0,0.0,195.328,3820.328639080082,226.775,4081.947727,87.5,39.3,3.528393582,2.503,0,14.8,2.732,27.0,174.1,63.14285714,3960
2019-04-21,71.47590909,25.99,0.0,0.0,195.328,3792.9176458359616,226.775,4081.947727,84.79166667,39.0,3.528393582,2.503,0,3.6,2.732,27.5,174.1,57.0,3847
2019-04-22,71.47590909,25.94,0.0,0.0,195.624,3812.495271533787,226.027,4081.947727,85.70833333,38.7,3.528393582,2.501,0,1.3,2.738,27.6,174.65,55.42857143,3533
2019-04-23,71.47590909,25.99,0.0,0.0,196.435,3820.328639080082,225.665,4081.947727,83.25,38.4,3.528393582,2.497,0,1.6,2.713,27.7,174.7,53.85714286,3638
2019-04-24,71.47590909,25.95,0.0,0.0,195.894,3812.495271533787,226.056,4081.947727,82.04166667,38.1,3.528393582,2.494,0,1.3,2.706,27.7,174.9,52.28571429,3580
2019-04-25,71.47590909,26.03,0.0,0.0,194.825,3827.647388880934,226.673,4081.947727,84.16666667,37.8,3.528393582,2.508,0,1.6,2.704,27.9,175.25,50.71428571,3315
2019-04-26,71.47590909,26.08,0.0,0.0,194.775,3812.495271533787,227.415,4081.947727,85.95833333,37.5,3.528393582,2.515,0,1.2,2.724,27.6,175.45,49.14285714,3117
2019-04-27,71.47590909,26.08,0.0,0.0,194.775,3812.495271533787,227.415,4081.947727,83.16666667,37.2,3.528393582,2.515,0,0.3,2.724,28.3,175.45,47.57142857,3178
2019-04-28,71.47590909,26.08,0.0,0.0,194.775,3820.328639080082,227.415,4081.947727,85.79166667,36.9,3.528393582,2.515,0,2.8,2.724,28.1,175.45,46.0,3150
2019-04-29,71.47590909,26.13,0.0,0.0,195.313,3812.495271533787,229.651,4081.947727,89.79166667,36.6,3.528393582,2.527,0,17.8,2.722,26.7,175.8,46.85714286,3188
2019-04-30,71.47590909,26.12,0.0,0.0,196.391,3812.495271533787,229.932,4081.947727,88.70833333,36.3,3.528393582,2.53,0,11.0,2.714,27.1,176.2,47.71428571,3322
2019-05-01,70.38913043,26.19,0.0,0.0,197.366,3812.495271533787,230.207,4081.947727,82.79166667,36.0,3.528393582,2.541,0,6.8,2.697,28.4,176.2,48.57142857,1408
2019-05-02,70.38913043,26.3,0.0,0.0,197.014,3820.328639080082,233.665,4081.947727,85.79166667,36.16129032,3.528393582,2.563,0,5.7,2.721,28.1,176.6,49.42857143,1083
2019-05-03,70.38913043,26.18,0.0,0.0,197.145,3812.495271533787,232.406,4081.947727,88.08333333,36.32258065,3.528393582,2.554,0,11.5,2.716,27.1,177.375,50.28571429,1107
2019-05-04,70.38913043,26.18,0.0,0.0,197.145,3812.495271533787,232.406,4081.947727,82.5,36.48387097,3.528393582,2.554,0,7.0,2.716,28.0,177.375,51.14285714,1222
2019-05-05,70.38913043,26.18,0.0,0.0,197.145,3872.3038860037173,232.406,4081.947727,78.125,36.64516129,3.528393582,2.554,0,0.5,2.716,28.6,177.375,52.0,1374
2019-05-06,70.38913043,26.08,0.0,0.0,198.408,3812.495271533787,231.437,4081.947727,76.66666667,36.80645161,3.528393582,2.537,0,0.0,2.701,28.4,177.45,52.0,1462
2019-05-07,70.38913043,25.71,0.0,0.0,198.411,3820.328639080082,227.259,4081.947727,75.70833333,36.96774194,3.528393582,2.501,0,1.3,2.683,28.7,177.0,52.0,1532
2019-05-08,70.38913043,25.65,0.0,0.0,197.783,3820.328639080082,228.261,4081.947727,70.04166667,37.12903226,3.528393582,2.495,0,0.5,2.684,29.1,174.7,52.0,1697
2019-05-09,70.38913043,25.8,0.0,0.0,195.171,3827.647388880934,229.255,4081.947727,71.91666667,37.29032258,3.528393582,2.515,0,0.7,2.703,28.9,175.45,52.0,1621
2019-05-10,70.38913043,25.65,0.0,0.0,196.469,3827.647388880934,228.895,4081.947727,76.33333333,37.4516129,3.528393582,2.501,0,1.9,2.699,29.0,176.35,52.0,1498
2019-05-11,70.38913043,25.65,0.0,0.0,196.469,3792.9176458359616,228.895,4081.947727,77.58333333,37.61290323,3.528393582,2.501,0,1.8,2.699,28.7,176.35,52.0,1487
2019-05-12,70.38913043,25.65,0.0,0.0,196.469,3820.328639080082,228.895,4081.947727,85.79166667,37.77419355,3.528393582,2.501,0,3.2,2.699,27.8,176.35,52.0,1360
2019-05-13,70.38913043,25.67,0.0,0.0,197.813,3792.9176458359616,228.123,4081.947727,82.45833333,37.93548387,3.528393582,2.51,0,3.3,2.719,28.2,176.65,52.42857143,1332
2019-05-14,70.38913043,25.6,0.0,0.0,198.086,3792.9176458359616,226.49,4081.947727,87.08333333,38.09677419,3.528393582,2.506,0,2.7,2.723,27.6,176.75,52.85714286,1240
2019-05-15,70.38913043,25.55,0.0,0.0,197.913,3792.9176458359616,225.291,4081.947727,78.91666667,38.25806452,3.528393582,2.508,0,2.0,2.722,28.8,176.25,53.28571429,1301
2019-05-16,70.38913043,25.38,0.0,0.0,197.232,3827.647388880934,223.644,4081.947727,87.08333333,38.41935484,3.528393582,2.499,0,4.5,2.712,27.4,176.05,53.71428571,1177
2019-05-17,70.38913043,25.4,0.0,0.0,196.515,3827.647388880934,223.741,4081.947727,86.91666667,38.58064516,3.528393582,2.522,0,3.5,2.72,27.4,175.8,54.14285714,1106
2019-05-18,70.38913043,25.4,0.0,0.0,196.515,3812.495271533787,223.741,4081.947727,87.04166667,38.74193548,3.528393582,2.522,0,4.3,2.72,27.3,175.8,54.57142857,1366
2019-05-19,70.38913043,25.4,0.0,0.0,196.515,3812.495271533787,223.741,4081.947727,86.125,38.90322581,3.528393582,2.522,0,2.7,2.72,27.6,175.8,55.0,1334
2019-05-20,70.38913043,25.49,0.0,0.0,195.952,3820.328639080082,223.825,4081.947727,83.5,39.06451613,3.528393582,2.527,0,3.1,2.732,27.8,175.8,54.57142857,1304
2019-05-21,70.38913043,25.53,0.0,0.0,196.11,3827.647388880934,223.548,4081.947727,83.91666667,39.22580645,3.528393582,2.532,0,2.7,2.74,27.6,176.15,54.14285714,1010
2019-05-22,70.38913043,25.51,0.0,0.0,196.381,3820.328639080082,223.41,4081.947727,83.04166667,39.38709677,3.528393582,2.531,0,4.9,2.718,27.4,176.55,53.71428571,1031
2019-05-23,70.38913043,25.56,0.0,0.0,196.666,3872.3038860037173,224.361,4081.947727,86.95833333,39.5483871,3.528393582,2.541,0,9.5,2.735,26.9,176.525,53.28571429,966
2019-05-24,70.38913043,25.53,0.0,0.0,197.159,3827.647388880934,223.468,4081.947727,85.5,39.70967742,3.528393582,2.533,0,10.6,2.736,26.9,176.475,52.85714286,945
2019-05-25,70.38913043,25.53,0.0,0.0,197.159,3872.3038860037173,223.468,4081.947727,83.83333333,39.87096774,3.528393582,2.533,0,9.4,2.736,27.4,176.475,52.42857143,957
2019-05-26,70.38913043,25.53,0.0,0.0,197.159,3792.9176458359616,223.468,4081.947727,80.95833333,40.03225806,3.528393582,2.533,0,4.4,2.736,28.3,176.475,52.0,955
2019-05-27,70.38913043,25.48,0.0,0.0,197.547,3820.328639080082,223.05,4081.947727,84.875,40.19354839,3.528393582,2.53,0,3.6,2.723,28.0,176.25,51.57142857,925
2019-05-28,70.38913043,25.47,0.0,0.0,197.162,3812.495271533787,222.623,4081.947727,87.20833333,40.35483871,3.528393582,2.522,0,3.0,2.711,28.0,176.275,51.14285714,917
2019-05-29,70.38913043,25.53,0.0,0.0,196.583,3820.328639080082,222.374,4081.947727,87.91666667,40.51612903,3.528393582,2.524,0,5.8,2.704,27.5,176.3,50.71428571,977
2019-05-30,70.38913043,25.51,0.0,0.0,196.037,3792.9176458359616,222.827,4081.947727,84.45833333,40.67741935,3.528393582,2.532,0,4.2,2.687,28.2,176.375,50.28571429,1024
2019-05-31,70.38913043,25.55,0.0,0.0,196.166,3812.495271533787,223.529,4081.947727,83.95833333,40.83870968,3.528393582,2.55,0,4.8,2.699,27.7,176.35,49.85714286,1084
2019-06-01,63.2085,25.55,0.0,0.0,196.166,3820.328639080082,223.529,4081.947727,76.79166667,41.0,3.528393582,2.55,0,1.2,2.699,28.8,176.35,49.42857143,2155
2019-06-02,63.2085,25.55,0.0,0.0,196.166,3820.328639080082,223.529,4081.947727,83.375,41.06666667,3.528393582,2.55,0,3.7,2.699,28.0,176.35,49.0,2085
2019-06-03,63.2085,25.52,0.0,0.0,197.009,3792.9176458359616,224.025,4081.947727,83.95833333,41.13333333,3.528393582,2.545,0,8.2,2.707,27.8,176.5,49.42857143,2098
2019-06-04,63.2085,25.52,0.0,0.0,198.274,3812.495271533787,223.813,4081.947727,88.54166667,41.2,3.528393582,2.541,0,32.1,2.699,26.7,176.425,49.85714286,2202
2019-06-05,63.2085,25.52,0.0,0.0,198.411,3820.328639080082,224.069,4081.947727,88.70833333,41.26666667,3.528393582,2.549,0,12.3,2.707,26.8,176.425,50.28571429,2956
2019-06-06,63.2085,25.49,0.0,0.0,197.847,3812.495271533787,224.695,4081.947727,87.83333333,41.33333333,3.528393582,2.541,0,21.8,2.72,27.0,176.425,50.71428571,2358
2019-06-07,63.2085,25.43,0.0,0.0,198.817,3792.9176458359616,223.836,4081.947727,88.54166667,41.4,3.528393582,2.535,0,26.7,2.722,26.8,176.425,51.14285714,2417
2019-06-08,63.2085,25.43,0.0,0.0,198.817,3792.9176458359616,223.836,4081.947727,84.70833333,41.46666667,3.528393582,2.535,0,20.3,2.722,27.7,176.425,51.57142857,2557
2019-06-09,63.2085,25.43,0.0,0.0,198.817,3792.9176458359616,223.836,4081.947727,85.54166667,41.53333333,3.528393582,2.535,0,13.5,2.722,27.5,176.425,52.0,2605
2019-06-10,63.2085,25.51,0.0,0.0,199.709,3820.328639080082,224.515,4081.947727,85.16666667,41.6,3.528393582,2.541,0,8.6,2.731,27.6,176.45,52.28571429,2602
2019-06-11,63.2085,25.49,0.0,0.0,199.431,3792.9176458359616,223.935,4081.947727,82.41666667,41.66666667,3.528393582,2.542,0,2.2,2.716,28.0,176.45,52.57142857,2650
2019-06-12,63.2085,25.5,0.0,0.0,199.73,3792.9176458359616,223.832,4081.947727,84.58333333,41.73333333,3.528393582,2.538,0,7.1,2.734,27.8,176.5,52.85714286,2525
2019-06-13,63.2085,25.49,0.0,0.0,199.046,3872.3038860037173,222.501,4081.947727,85.125,41.8,3.528393582,2.527,0,15.4,2.742,27.9,176.6,53.14285714,2382
2019-06-14,63.2085,25.51,0.0,0.0,199.004,3792.9176458359616,221.601,4081.947727,89.58333333,41.86666667,3.528393582,2.529,0,12.1,2.747,27.3,176.7,53.42857143,2127
2019-06-15,63.2085,25.51,0.0,0.0,199.004,3792.9176458359616,221.601,4081.947727,86.625,41.93333333,3.528393582,2.529,0,9.4,2.747,27.8,176.7,53.71428571,2136
2019-06-16,63.2085,25.51,0.0,0.0,199.004,3827.647388880934,221.601,4081.947727,87.33333333,42.0,3.528393582,2.529,0,11.8,2.747,27.5,176.7,54.0,2668
2019-06-17,63.2085,25.59,0.0,0.0,197.86,3872.3038860037173,222.049,4081.947727,83.625,42.06666667,3.528393582,2.538,0,3.6,2.76,28.2,176.8,53.57142857,2009
2019-06-18,63.2085,25.56,0.0,0.0,198.204,3812.495271533787,223.335,4081.947727,81.91666667,42.13333333,3.528393582,2.535,0,4.5,2.768,28.4,176.825,53.14285714,1935
2019-06-19,63.2085,25.78,0.0,0.0,197.745,3812.495271533787,224.45,4081.947727,79.66666667,42.2,3.528393582,2.541,0,5.0,2.81,28.5,176.675,52.71428571,1897
2019-06-20,63.2085,25.69,0.0,0.0,198.16,3792.9176458359616,225.12,4081.947727,85.08333333,42.26666667,3.528393582,2.536,0,13.4,2.8,27.6,176.725,52.28571429,1749
2019-06-21,63.2085,25.63,0.0,0.0,199.456,3812.495271533787,224.928,4081.947727,83.125,42.33333333,3.528393582,2.546,0,17.2,2.819,27.7,176.675,51.85714286,1707
2019-06-22,63.2085,25.63,0.0,0.0,199.456,3820.328639080082,224.928,4081.947727,83.0,42.4,3.528393582,2.546,0,10.2,2.819,27.7,176.675,51.42857143,1691
2019-06-23,63.2085,25.63,0.0,0.0,199.456,3872.3038860037173,224.928,4081.947727,83.625,42.46666667,3.528393582,2.546,0,4.6,2.819,27.7,176.675,51.0,1661
2019-06-24,63.2085,25.63,0.0,0.0,200.667,3792.9176458359616,223.997,4081.947727,83.70833333,42.53333333,3.528393582,2.543,0,5.7,2.805,27.8,176.525,51.42857143,1591
2019-06-25,63.2085,25.65,0.0,0.0,201.061,3792.9176458359616,224.097,4081.947727,85.29166667,42.6,3.528393582,2.549,0,6.1,2.802,27.6,176.5,51.85714286,1570
2019-06-26,63.2085,25.66,0.0,0.0,200.404,3827.647388880934,223.876,4081.947727,80.79166667,42.66666667,3.528393582,2.554,0,4.7,2.798,28.0,176.6,52.28571429,1686
2019-06-27,63.2085,25.68,0.0,0.0,200.645,3812.495271533787,224.067,4081.947727,79.83333333,42.73333333,3.528393582,2.558,0,1.7,2.787,28.1,176.6,52.71428571,1705
2019-06-28,63.2085,25.7,0.0,0.0,200.663,3792.9176458359616,222.844,4081.947727,80.16666667,42.8,3.528393582,2.558,0,1.9,2.797,28.0,176.5,53.14285714,1697
2019-06-29,63.2085,25.7,0.0,0.0,200.663,3827.647388880934,222.844,4081.947727,79.25,42.86666667,3.528393582,2.558,0,1.5,2.797,28.1,176.5,53.57142857,1806
2019-06-30,63.2085,25.7,0.0,0.0,200.663,3872.3038860037173,222.844,4081.947727,81.25,42.93333333,3.528393582,2.558,0,1.5,2.797,28.1,176.5,54.0,1845
2019-07-01,64.32217391,25.64,0.0,0.0,200.532,3872.3038860037173,222.078,4081.947727,80.0,43.0,3.528393582,2.558,0,0.3,2.783,28.3,176.3,55.14285714,3940
2019-07-02,64.32217391,25.57,0.0,0.0,198.842,3820.328639080082,221.357,4081.947727,77.66666667,42.96774194,3.528393582,2.557,0,3.6,2.778,28.1,176.35,56.28571429,4104
2019-07-03,64.32217391,25.61,0.0,0.0,198.863,3812.495271533787,221.548,4081.947727,80.58333333,42.93548387,3.528393582,2.567,0,2.8,2.77,27.9,176.05,57.42857143,4133
2019-07-04,64.32217391,25.53,0.0,0.0,198.419,3812.495271533787,220.602,4081.947727,83.16666667,42.90322581,3.528393582,2.572,0,3.2,2.759,27.6,176.125,58.57142857,4129
2019-07-05,64.32217391,25.59,0.0,0.0,198.598,3792.9176458359616,220.408,4081.947727,82.95833333,42.87096774,3.528393582,2.568,0,1.7,2.764,27.7,176.15,59.71428571,4238
2019-07-06,64.32217391,25.59,0.0,0.0,198.598,3820.328639080082,220.408,4081.947727,79.20833333,42.83870968,3.528393582,2.568,0,0.4,2.764,28.2,176.15,60.85714286,4665
2019-07-07,64.32217391,25.59,0.0,0.0,198.598,3792.9176458359616,220.408,4081.947727,79.5,42.80645161,3.528393582,2.568,0,0.3,2.764,28.3,176.15,62.0,4804
2019-07-08,64.32217391,25.48,0.0,0.0,197.581,3820.328639080082,219.014,4081.947727,81.70833333,42.77419355,3.528393582,2.561,0,2.3,2.751,28.1,176.15,62.85714286,4708
2019-07-09,64.32217391,25.5,0.0,0.0,197.443,3792.9176458359616,219.321,4081.947727,88.125,42.74193548,3.528393582,2.561,0,7.9,2.776,26.7,175.675,63.71428571,4518
2019-07-10,64.32217391,25.51,0.0,0.0,196.777,3812.495271533787,219.61,4081.947727,88.33333333,42.70967742,3.528393582,2.562,0,13.0,2.79,26.5,175.45,64.57142857,4526
2019-07-11,64.32217391,25.49,0.0,0.0,197.195,3827.647388880934,220.691,4081.947727,86.41666667,42.67741935,3.528393582,2.558,0,1.4,2.783,27.4,175.4,65.42857143,4407
2019-07-12,64.32217391,25.53,0.0,0.0,197.265,3812.495271533787,219.938,4081.947727,88.25,42.64516129,3.528393582,2.562,0,4.3,2.804,27.0,175.5,66.28571429,4083
2019-07-13,64.32217391,25.53,0.0,0.0,197.265,3872.3038860037173,219.938,4081.947727,86.83333333,42.61290323,3.528393582,2.562,0,6.6,2.804,26.5,175.5,67.14285714,4251
2019-07-14,64.32217391,25.53,0.0,0.0,197.265,3820.328639080082,219.938,4081.947727,85.16666667,42.58064516,3.528393582,2.562,0,4.7,2.804,26.8,175.5,68.0,4119
2019-07-15,64.32217391,25.53,0.0,0.0,197.658,3812.495271533787,218.022,4081.947727,82.70833333,42.5483871,3.528393582,2.558,0,5.8,2.785,27.3,175.725,66.85714286,4003
2019-07-16,64.32217391,25.54,0.0,0.0,197.673,3872.3038860037173,218.408,4081.947727,82.75,42.51612903,3.528393582,2.55,0,12.1,2.79,27.4,175.725,65.71428571,4923
2019-07-17,64.32217391,25.53,0.0,0.0,196.83,3820.328639080082,220.576,4081.947727,82.95833333,42.48387097,3.528393582,2.551,0,10.1,2.797,27.3,175.675,64.57142857,3663
2019-07-18,64.32217391,25.53,0.0,0.0,197.076,3827.647388880934,219.777,4081.947727,84.58333333,42.4516129,3.528393582,2.552,0,19.2,2.788,26.6,175.75,63.42857143,3546
2019-07-19,64.32217391,25.54,0.0,0.0,198.045,3792.9176458359616,219.431,4081.947727,79.75,42.41935484,3.528393582,2.549,0,4.4,2.784,27.4,175.8,62.28571429,3478
2019-07-20,64.32217391,25.54,0.0,0.0,198.045,3820.328639080082,219.431,4081.947727,80.25,42.38709677,3.528393582,2.549,0,2.3,2.784,27.3,175.8,61.14285714,3414
2019-07-21,64.32217391,25.54,0.0,0.0,198.045,3812.495271533787,219.431,4081.947727,87.0,42.35483871,3.528393582,2.549,0,16.3,2.784,26.7,175.8,60.0,3068
2019-07-22,64.32217391,25.58,0.0,0.0,197.192,3820.328639080082,218.971,4081.947727,83.66666667,42.32258065,3.528393582,2.549,0,23.3,2.785,27.0,175.875,61.0,3003
2019-07-23,64.32217391,25.62,0.0,0.0,196.981,3792.9176458359616,219.969,4081.947727,82.0,42.29032258,3.528393582,2.553,0,0.8,2.781,27.3,176.05,62.0,2946
2019-07-24,64.32217391,25.62,0.0,0.0,196.258,3820.328639080082,219.616,4081.947727,83.41666667,42.25806452,3.528393582,2.55,0,1.5,2.784,27.0,176.2,63.0,2867
2019-07-25,64.32217391,25.6,0.0,0.0,196.158,3872.3038860037173,218.18,4081.947727,87.95833333,42.22580645,3.528393582,2.556,0,14.5,2.779,26.3,176.2,64.0,2733
2019-07-26,64.32217391,25.54,0.0,0.0,196.281,3872.3038860037173,215.299,4081.947727,85.16666667,42.19354839,3.528393582,2.561,0,3.2,2.775,26.8,176.2,65.0,2741
2019-07-27,64.32217391,25.54,0.0,0.0,196.281,3812.495271533787,215.299,4081.947727,85.0,42.16129032,3.528393582,2.561,0,0.5,2.775,26.9,176.2,66.0,2751
2019-07-28,64.32217391,25.54,0.0,0.0,196.281,3792.9176458359616,215.299,4081.947727,83.0,42.12903226,3.528393582,2.561,0,2.9,2.775,27.2,176.2,67.0,2863
2019-07-29,64.32217391,25.58,0.0,0.0,195.911,3827.647388880934,214.162,4081.947727,82.29166667,42.09677419,3.528393582,2.557,0,5.1,2.773,27.1,176.2,68.42857143,2952
2019-07-30,64.32217391,25.61,0.0,0.0,196.246,3812.495271533787,214.455,4081.947727,84.83333333,42.06451613,3.528393582,2.559,0,2.2,2.768,27.0,176.25,69.85714286,2964
2019-07-31,64.32217391,25.56,0.0,0.0,196.46,3792.9176458359616,214.148,4081.947727,84.41666667,42.03225806,3.528393582,2.555,0,3.1,2.738,27.2,176.375,71.28571429,3161
2019-08-01,59.61818182,25.44,0.0,0.0,195.235,4011.4172473867598,214.727,4081.947727,88.33333333,42.0,3.528393582,2.533,0,4.8,2.705,26.8,176.5,72.71428571,4395
2019-08-02,59.61818182,25.06,0.0,0.0,195.504,4011.4172473867598,214.853,4081.947727,87.16666667,41.87096774,3.528393582,2.496,0,4.7,2.698,27.0,176.65,74.14285714,4339
2019-08-03,59.61818182,25.06,0.0,0.0,195.504,4014.9236129723936,214.853,4081.947727,84.25,41.74193548,3.528393582,2.496,0,3.5,2.698,27.5,176.65,75.57142857,4677
2019-08-04,59.61818182,25.06,0.0,0.0,195.504,4002.8466898954703,214.853,4081.947727,85.08333333,41.61290323,3.528393582,2.496,0,2.6,2.698,27.3,176.65,77.0,4834
2019-08-05,59.61818182,25.23,0.0,0.0,196.15,4350.071926331509,215.921,4081.947727,85.625,41.48387097,3.528393582,2.496,0,9.0,2.715,27.1,176.95,77.85714286,5039
2019-08-06,59.61818182,25.11,0.0,0.0,198.051,4395.600464576074,215.43,4081.947727,85.125,41.35483871,3.528393582,2.492,0,3.6,2.713,27.3,177.45,78.71428571,5419
2019-08-07,59.61818182,25.09,0.0,0.0,198.597,4371.867131242741,214.624,4081.947727,84.04166667,41.22580645,3.528393582,2.51,0,6.6,2.716,27.4,177.425,79.57142857,5775
2019-08-08,59.61818182,25.02,0.0,0.0,198.523,4305.143354902937,212.769,4081.947727,88.83333333,41.09677419,3.528393582,2.491,0,28.4,2.708,26.1,176.9,80.42857143,5653
2019-08-09,59.61818182,25.04,0.0,0.0,197.627,4305.143354902937,213.546,4081.947727,89.16666667,40.96774194,3.528393582,2.479,0,12.2,2.701,26.4,176.85,81.28571429,5428
2019-08-10,59.61818182,25.04,0.0,0.0,197.627,4350.071926331509,213.546,4081.947727,90.70833333,40.83870968,3.528393582,2.479,0,21.4,2.701,26.2,176.85,82.14285714,5413
2019-08-11,59.61818182,25.04,0.0,0.0,197.627,4375.615920664701,213.546,4081.947727,87.16666667,40.70967742,3.528393582,2.479,0,11.2,2.701,27.1,176.85,83.0,5289
2019-08-12,59.61818182,25.09,0.0,0.0,197.925,4150.462074510855,213.333,4081.947727,85.16666667,40.58064516,3.528393582,2.476,0,8.4,2.723,27.1,176.85,81.14285714,6577
2019-08-13,59.61818182,25.17,0.0,0.0,198.154,4402.071926331509,213.359,4081.947727,87.08333333,40.4516129,3.528393582,2.481,0,43.2,2.676,26.5,176.9,79.28571429,5292
2019-08-14,59.61818182,25.17,0.0,0.0,197.524,4150.462074510855,214.125,4081.947727,84.875,40.32258065,3.528393582,2.466,0,10.7,2.681,26.9,176.9,77.42857143,6388
2019-08-15,59.61818182,25.14,0.0,0.0,196.976,4375.615920664701,215.277,4081.947727,84.125,40.19354839,3.528393582,2.489,0,1.6,2.662,27.3,177.175,75.57142857,4749
2019-08-16,59.61818182,25.14,0.0,0.0,196.67,3908.913346462657,215.133,4081.947727,86.875,40.06451613,3.528393582,2.481,0,22.7,2.647,26.7,177.175,73.71428571,5073
2019-08-17,59.61818182,25.14,0.0,0.0,196.67,3931.4548622109596,215.133,4081.947727,88.20833333,39.93548387,3.528393582,2.481,0,26.1,2.647,26.3,177.175,71.85714286,4836
2019-08-18,59.61818182,25.14,0.0,0.0,196.67,3948.4548622109596,215.133,4081.947727,86.75,39.80645161,3.528393582,2.481,0,10.3,2.647,26.6,177.175,70.0,4708
2019-08-19,59.61818182,25.19,0.0,0.0,196.386,3908.913346462657,216.566,4081.947727,87.45833333,39.67741935,3.528393582,2.486,0,8.6,2.676,26.7,177.4,70.14285714,4306
2019-08-20,59.61818182,25.3,0.0,0.0,196.377,3970.791957026713,216.94,4081.947727,86.75,39.5483871,3.528393582,2.502,0,6.4,2.717,26.8,177.95,70.28571429,4094
2019-08-21,59.61818182,25.32,0.0,0.0,197.451,3948.4548622109596,219.924,4081.947727,88.125,39.41935484,3.528393582,2.493,0,15.8,2.736,26.3,178.875,70.42857143,3926
2019-08-22,59.61818182,25.33,0.0,0.0,198.109,3948.4548622109596,221.074,4081.947727,88.625,39.29032258,3.528393582,2.514,0,18.9,2.722,25.7,179.5,70.57142857,3896
2019-08-23,59.61818182,25.1,0.0,0.0,198.739,3993.3916073322225,219.435,4081.947727,89.08333333,39.16129032,3.528393582,2.492,0,21.5,2.715,25.6,180.05,70.71428571,3710
2019-08-24,59.61818182,25.1,0.0,0.0,198.739,3908.913346462657,219.435,4081.947727,87.25,39.03225806,3.528393582,2.492,0,15.2,2.715,26.1,180.05,70.85714286,3662
2019-08-25,59.61818182,25.1,0.0,0.0,198.739,3970.791957026713,219.435,4081.947727,88.91666667,38.90322581,3.528393582,2.492,0,10.3,2.715,26.0,180.05,71.0,3553
2019-08-26,59.61818182,25.08,0.0,0.0,200.369,3948.4548622109596,220.895,4081.947727,90.04166667,38.77419355,3.528393582,2.51,0,16.3,2.703,25.6,179.6,70.71428571,3550
2019-08-27,59.61818182,25.14,0.0,0.0,199.245,3993.3916073322225,220.226,4081.947727,85.79166667,38.64516129,3.528393582,2.508,0,10.5,2.695,26.4,179.75,70.42857143,3689
2019-08-28,59.61818182,25.23,0.0,0.0,199.232,3993.3916073322225,219.938,4081.947727,86.83333333,38.51612903,3.528393582,2.514,0,8.1,2.709,26.4,180.35,70.14285714,3699
2019-08-29,59.61818182,25.03,0.0,0.0,199.608,3931.4548622109596,218.176,4081.947727,87.83333333,38.38709677,3.528393582,2.508,0,29.8,2.684,25.8,180.425,69.85714286,3793
2019-08-30,59.61818182,25.05,0.0,0.0,199.266,3931.4548622109596,217.104,4081.947727,83.91666667,38.25806452,3.528393582,2.496,0,10.7,2.691,26.4,179.45,69.57142857,3910
2019-08-31,59.61818182,25.05,0.0,0.0,199.266,3931.4548622109596,217.104,4081.947727,86.375,38.12903226,3.528393582,2.496,0,8.6,2.691,26.6,179.45,69.28571429,3915
2019-09-01,62.43095238,25.05,0.0,0.0,199.266,5522.324512665977,217.104,4081.947727,90.0,38.0,3.528393582,2.496,0,8.3,2.691,25.9,179.45,69.0,4292
2019-09-02,62.43095238,25.1,0.0,0.0,196.923,5522.324512665977,218.032,4081.947727,87.91666667,38.06666667,3.528393582,2.497,0,6.3,2.698,26.4,179.9,69.57142857,4215
2019-09-03,62.43095238,25.23,0.0,0.0,197.059,5472.61556329849,221.28,4081.947727,88.75,38.13333333,3.528393582,2.506,0,5.3,2.727,26.6,180.4,70.14285714,4218
2019-09-04,62.43095238,25.27,0.0,0.0,197.715,5522.324512665977,222.928,4081.947727,83.83333333,38.2,3.528393582,2.511,0,2.5,2.726,27.2,180.6,70.71428571,4691
2019-09-05,62.43095238,25.4,0.0,0.0,199.109,5526.095404015265,222.181,4081.947727,85.91666667,38.26666667,3.528393582,2.523,0,4.8,2.748,26.6,180.75,71.28571429,4942
2019-09-06,62.43095238,25.33,0.0,0.0,199.329,5526.095404015265,222.956,4081.947727,88.95833333,38.33333333,3.528393582,2.512,0,5.9,2.752,26.3,180.9,71.85714286,4872
2019-09-07,62.43095238,25.33,0.0,0.0,199.329,5526.095404015265,222.956,4081.947727,86.83333333,38.4,3.528393582,2.512,0,3.7,2.752,27.1,180.9,72.42857143,5125
2019-09-08,62.43095238,25.33,0.0,0.0,199.329,5447.414804113198,222.956,4081.947727,84.08333333,38.46666667,3.528393582,2.512,0,1.6,2.752,27.6,180.9,73.0,5376
2019-09-09,62.43095238,25.35,0.0,0.0,199.368,5447.414804113198,222.758,4081.947727,83.25,38.53333333,3.528393582,2.508,0,1.5,2.756,27.8,180.575,72.14285714,5360
2019-09-10,62.43095238,25.32,0.0,0.0,199.27,5472.61556329849,222.336,4081.947727,86.5,38.6,3.528393582,2.517,0,5.0,2.751,27.1,180.4,71.28571429,5315
2019-09-11,62.43095238,25.46,0.0,0.0,199.105,3820.328639080082,222.444,4081.947727,89.95833333,38.66666667,3.528393582,2.539,0,20.1,2.776,25.7,180.35,70.42857143,3893
2019-09-12,62.43095238,25.45,0.0,0.0,198.437,3812.495271533787,225.465,4081.947727,89.54166667,38.73333333,3.528393582,2.539,0,16.7,2.8,25.9,180.35,69.57142857,3621
2019-09-13,62.43095238,25.51,0.0,0.0,199.375,3820.328639080082,224.331,4081.947727,88.75,38.8,3.528393582,2.519,0,15.0,2.817,26.0,180.35,68.71428571,4387
2019-09-14,62.43095238,25.51,0.0,0.0,199.375,3812.495271533787,224.331,4081.947727,87.0,38.86666667,3.528393582,2.519,0,7.7,2.817,26.5,180.35,67.85714286,3382
2019-09-15,62.43095238,25.51,0.0,0.0,199.375,3820.328639080082,224.331,4081.947727,91.29166667,38.93333333,3.528393582,2.519,0,20.5,2.817,25.5,180.35,67.0,3273
2019-09-16,62.43095238,25.45,0.0,0.0,199.591,3872.3038860037173,225.831,4081.947727,89.04166667,39.0,3.528393582,2.525,0,19.5,2.802,25.7,180.475,65.71428571,3239
2019-09-17,62.43095238,25.49,0.0,0.0,198.385,3792.9176458359616,225.431,4081.947727,87.70833333,39.06666667,3.528393582,2.539,0,10.4,2.811,26.2,180.65,64.42857143,3014
2019-09-18,62.43095238,25.48,0.0,0.0,199.887,3820.328639080082,226.622,4081.947727,88.125,39.13333333,3.528393582,2.534,0,6.1,2.823,26.6,180.75,63.14285714,2889
2019-09-19,62.43095238,25.53,0.0,0.0,199.239,3827.647388880934,226.12,4081.947727,91.20833333,39.2,3.528393582,2.548,0,10.3,2.829,26.0,180.95,61.85714286,2698
2019-09-20,62.43095238,25.48,0.0,0.0,199.658,3827.647388880934,225.623,4081.947727,90.04166667,39.26666667,3.528393582,2.562,0,11.9,2.84,25.9,181.2,60.57142857,2617
2019-09-21,62.43095238,25.48,0.0,0.0,199.658,3782.1821349382326,225.623,4081.947727,88.20833333,39.33333333,3.528393582,2.562,0,9.9,2.84,26.5,181.2,59.28571429,3040
2019-09-22,62.43095238,25.48,0.0,0.0,199.658,3842.6669985067197,225.623,4081.947727,88.625,39.4,3.528393582,2.562,0,11.1,2.84,26.2,181.2,58.0,2984
2019-09-23,62.43095238,25.43,0.0,0.0,199.518,3842.6669985067197,226.257,4081.947727,90.33333333,39.46666667,3.528393582,2.551,0,33.0,2.829,25.7,181.5,57.57142857,2848
2019-09-24,62.43095238,25.45,0.0,0.0,199.377,3760.684577296901,224.356,4081.947727,93.66666667,39.53333333,3.528393582,2.556,0,58.6,2.826,25.0,181.15,57.14285714,2711
2019-09-25,62.43095238,25.46,0.0,0.0,199.481,3658.250580720093,224.002,4081.947727,92.625,39.6,3.528393582,2.559,0,23.5,2.826,25.2,181.65,56.71428571,2418
2019-09-26,62.43095238,25.52,0.0,0.0,198.579,3487.8576406172224,223.537,4081.947727,84.54166667,39.66666667,3.528393582,2.578,0,0.9,2.811,25.8,181.775,56.28571429,2717
2019-09-27,62.43095238,25.46,0.0,0.0,198.38,3499.3576406172224,223.868,4081.947727,86.83333333,39.73333333,3.528393582,2.576,0,1.3,2.807,26.1,181.9,55.85714286,2556
2019-09-28,62.43095238,25.46,0.0,0.0,198.38,3658.250580720093,223.868,4081.947727,89.58333333,39.8,3.528393582,2.576,0,20.3,2.807,25.5,181.9,55.42857143,2554
2019-09-29,62.43095238,25.46,0.0,0.0,198.38,3658.250580720093,223.868,4081.947727,89.0,39.86666667,3.528393582,2.576,0,1.5,2.807,25.5,181.9,55.0,2676
2019-09-30,62.43095238,25.49,0.0,0.0,198.853,3812.495271533787,224.397,4081.947727,89.08333333,39.93333333,3.528393582,2.562,0,20.0,2.794,25.6,182.125,55.28571429,2652
2019-10-01,59.63130435,25.42,0.0,0.0,198.344,3820.328639080082,223.672,4081.947727,90.375,40.0,3.528393582,2.553,0,8.0,2.789,25.4,182.325,55.57142857,3593
2019-10-02,59.63130435,25.36,0.0,0.0,199.145,3792.9176458359616,223.781,4081.947727,87.70833333,40.09677419,3.528393582,2.552,0,0.4,2.783,26.0,181.825,55.85714286,3779
2019-10-03,59.63130435,25.37,0.0,0.0,199.107,3812.495271533787,223.752,4081.947727,91.41666667,40.19354839,3.528393582,2.56,0,20.0,2.804,25.6,181.5,56.14285714,3665
2019-10-04,59.63130435,25.28,0.0,0.0,198.777,3812.495271533787,222.393,4081.947727,88.0,40.29032258,3.528393582,2.546,0,5.5,2.781,26.0,181.425,56.42857143,3898
2019-10-05,59.63130435,25.28,0.0,0.0,198.777,3827.647388880934,222.393,4081.947727,91.0,40.38709677,3.528393582,2.546,0,13.7,2.781,25.5,181.425,56.71428571,4116
2019-10-06,59.63130435,25.28,0.0,0.0,198.777,4042.636997149192,222.393,4081.947727,91.20833333,40.48387097,3.528393582,2.546,0,11.8,2.781,25.2,181.425,57.0,4582
2019-10-07,59.63130435,25.23,0.0,0.0,199.05,3827.647388880934,220.492,4081.947727,88.375,40.58064516,3.528393582,2.531,0,8.7,2.763,25.6,180.925,57.57142857,4659
2019-10-08,59.63130435,25.3,0.0,0.0,198.283,3872.3038860037173,220.38,4081.947727,90.66666667,40.67741935,3.528393582,2.537,0,9.4,2.78,25.6,180.45,58.14285714,4612
2019-10-09,59.63130435,25.36,0.0,0.0,197.501,3827.647388880934,224.712,4081.947727,89.08333333,40.77419355,3.528393582,2.542,0,14.6,2.8,25.8,180.55,58.71428571,4655
2019-10-10,59.63130435,25.48,0.0,0.0,197.936,3827.647388880934,228.622,4081.947727,88.29166667,40.87096774,3.528393582,2.547,0,4.5,2.811,26.0,180.6,59.28571429,4626
2019-10-11,59.63130435,25.58,0.0,0.0,198.622,3872.3038860037173,228.205,4081.947727,91.0,40.96774194,3.528393582,2.539,0,8.2,2.816,25.7,180.75,59.85714286,4432
2019-10-12,59.63130435,25.58,0.0,0.0,198.622,3820.328639080082,228.205,4081.947727,90.0,41.06451613,3.528393582,2.539,0,15.0,2.816,25.7,180.75,60.42857143,4412
2019-10-13,59.63130435,25.58,0.0,0.0,198.622,3792.9176458359616,228.205,4081.947727,90.29166667,41.16129032,3.528393582,2.539,0,41.4,2.816,25.7,180.75,61.0,5394
2019-10-14,59.63130435,25.65,0.0,0.0,199.438,3872.3038860037173,232.486,4081.947727,89.54166667,41.25806452,3.528393582,2.54,0,9.5,2.824,25.8,181.0,61.14285714,4151
2019-10-15,59.63130435,25.64,0.0,0.0,199.497,3872.3038860037173,233.543,4081.947727,90.83333333,41.35483871,3.528393582,2.549,0,67.7,2.836,25.5,181.8,61.28571429,3999
2019-10-16,59.63130435,25.7,0.0,0.0,200.378,3820.328639080082,234.598,4081.947727,90.45833333,41.4516129,3.528393582,2.557,0,22.8,2.836,25.2,182.0,61.42857143,3993
2019-10-17,59.63130435,25.68,0.0,0.0,201.363,3872.3038860037173,236.1,4081.947727,90.0,41.5483871,3.528393582,2.558,0,12.2,2.851,26.0,182.0,61.57142857,3698
2019-10-18,59.63130435,25.67,0.0,0.0,202.309,3792.9176458359616,235.613,4081.947727,88.58333333,41.64516129,3.528393582,2.562,0,8.3,2.849,25.9,182.0,61.71428571,3570
2019-10-19,59.63130435,25.67,0.0,0.0,202.309,3812.495271533787,235.613,4081.947727,90.20833333,41.74193548,3.528393582,2.562,0,10.0,2.849,25.6,182.0,61.85714286,3473
2019-10-20,59.63130435,25.67,0.0,0.0,202.309,3792.9176458359616,235.613,4081.947727,91.70833333,41.83870968,3.528393582,2.562,0,36.8,2.849,25.5,182.0,62.0,3325
2019-10-21,59.63130435,25.65,0.0,0.0,203.164,3820.328639080082,233.847,4081.947727,92.16666667,41.93548387,3.528393582,2.564,0,33.7,2.849,25.3,181.8,61.28571429,3222
2019-10-22,59.63130435,25.65,0.0,0.0,202.559,3792.9176458359616,234.332,4081.947727,86.04166667,42.03225806,3.528393582,2.563,0,6.6,2.833,26.0,181.65,60.57142857,3330
2019-10-23,59.63130435,25.62,0.0,0.0,201.956,3792.9176458359616,232.879,4081.947727,88.41666667,42.12903226,3.528393582,2.552,0,17.0,2.826,26.3,181.4,59.85714286,3102
2019-10-24,59.63130435,25.64,0.0,0.0,201.769,3872.3038860037173,232.481,4081.947727,94.66666667,42.22580645,3.528393582,2.558,0,53.0,2.837,24.2,181.2,59.14285714,3052
2019-10-25,59.63130435,25.66,0.0,0.0,201.093,3792.9176458359616,233.459,4081.947727,85.625,42.32258065,3.528393582,2.563,0,1.4,2.841,25.3,181.3,58.42857143,3137
2019-10-26,59.63130435,25.66,0.0,0.0,201.093,3812.495271533787,233.459,4081.947727,88.625,42.41935484,3.528393582,2.563,0,6.2,2.841,25.6,181.3,57.71428571,3010
2019-10-27,59.63130435,25.66,0.0,0.0,201.093,3820.328639080082,233.459,4081.947727,86.45833333,42.51612903,3.528393582,2.563,0,2.1,2.841,25.8,181.3,57.0,4006
2019-10-28,59.63130435,25.68,0.0,0.0,200.733,3827.647388880934,233.6,4081.947727,91.33333333,42.61290323,3.528393582,2.559,0,21.8,2.836,24.7,181.475,59.0,3115
2019-10-29,59.63130435,25.72,0.0,0.0,201.262,3820.328639080082,234.254,4081.947727,89.29166667,42.70967742,3.528393582,2.558,0,9.0,2.848,25.2,181.55,61.0,3229
2019-10-30,59.63130435,25.71,0.0,0.0,201.591,3872.3038860037173,234.477,4081.947727,89.75,42.80645161,3.528393582,2.551,0,6.6,2.821,25.2,181.55,63.0,3472
2019-10-31,59.63130435,25.73,0.0,0.0,202.336,3827.647388880934,234.392,4081.947727,91.25,42.90322581,3.528393582,2.559,0,6.3,2.85,25.2,181.175,65.0,3436
2019-11-01,62.68666667,25.67,0.0,0.0,201.871,3862.6006968641113,232.621,4081.947727,87.375,43.0,3.528393582,2.549,0,1.5,2.838,26.3,181.2,67.0,5817
2019-11-02,62.68666667,25.67,0.0,0.0,201.871,3872.3038860037173,232.621,4081.947727,88.75,43.03333333,3.528393582,2.549,0,9.7,2.838,25.8,181.2,69.0,6076
2019-11-03,62.68666667,25.67,0.0,0.0,201.871,3827.647388880934,232.621,4081.947727,91.16666667,43.06666667,3.528393582,2.549,0,65.4,2.838,25.1,181.2,71.0,6252
2019-11-04,62.68666667,25.7,0.0,0.0,202.198,3792.9176458359616,232.317,4081.947727,89.75,43.1,3.528393582,2.546,0,4.9,2.837,25.8,180.55,70.57142857,6260
2019-11-05,62.68666667,25.79,0.0,0.0,200.769,3827.647388880934,232.244,4081.947727,88.29166667,43.13333333,3.528393582,2.542,0,5.4,2.827,26.1,180.3,70.14285714,6698
2019-11-06,62.68666667,25.89,0.0,0.0,199.553,3792.9176458359616,231.751,4081.947727,86.54166667,43.16666667,3.528393582,2.543,0,3.8,2.844,26.6,180.65,69.71428571,6875
2019-11-07,62.68666667,25.8,0.0,0.0,199.723,3792.9176458359616,230.64,4081.947727,86.70833333,43.2,3.528393582,2.529,0,4.1,2.829,26.8,180.85,69.28571429,7012
2019-11-08,62.68666667,25.74,0.0,0.0,199.637,3827.647388880934,232.13,4081.947727,89.83333333,43.23333333,3.528393582,2.522,0,10.0,2.825,26.3,180.575,68.85714286,6937
2019-11-09,62.68666667,25.74,0.0,0.0,199.637,3872.3038860037173,232.13,4081.947727,91.08333333,43.26666667,3.528393582,2.522,0,9.0,2.825,25.8,180.575,68.42857143,7219
2019-11-10,62.68666667,25.74,0.0,0.0,199.637,3792.9176458359616,232.13,4081.947727,91.41666667,43.3,3.528393582,2.522,0,9.1,2.825,25.8,180.575,68.0,9034
2019-11-11,62.68666667,25.75,0.0,0.0,198.875,3812.495271533787,231.949,4081.947727,89.375,43.33333333,3.528393582,2.514,0,9.1,2.809,25.8,180.575,67.0,7154
2019-11-12,62.68666667,25.65,0.0,0.0,199.128,3792.9176458359616,231.704,4081.947727,89.0,43.36666667,3.528393582,2.497,0,7.5,2.799,26.0,180.575,66.0,8836
2019-11-13,62.68666667,25.68,0.0,0.0,198.676,3820.328639080082,232.382,4081.947727,87.41666667,43.4,3.528393582,2.505,0,2.5,2.819,26.1,180.3,65.0,6886
2019-11-14,62.68666667,25.7,0.0,0.0,198.328,3820.328639080082,232.476,4081.947727,86.41666667,43.43333333,3.528393582,2.513,0,0.4,2.823,26.5,180.4,64.0,6496
2019-11-15,62.68666667,25.54,0.0,0.0,198.709,3812.495271533787,232.59,4081.947727,90.45833333,43.46666667,3.528393582,2.494,0,22.7,2.808,26.2,180.2,63.0,5880
2019-11-16,62.68666667,25.54,0.0,0.0,198.709,3827.647388880934,232.59,4081.947727,88.625,43.5,3.528393582,2.494,0,13.5,2.808,26.0,180.2,62.0,6018
2019-11-17,62.68666667,25.54,0.0,0.0,198.709,3820.328639080082,232.59,4081.947727,88.75,43.53333333,3.528393582,2.494,0,7.1,2.808,26.2,180.2,61.0,5727
2019-11-18,62.68666667,25.5,0.0,0.0,199.011,3872.3038860037173,231.861,4081.947727,88.95833333,43.56666667,3.528393582,2.495,0,6.5,2.806,25.7,179.55,62.28571429,5599
2019-11-19,62.68666667,25.46,0.0,0.0,198.651,3827.647388880934,231.727,4081.947727,91.0,43.6,3.528393582,2.498,0,20.5,2.807,25.3,179.375,63.57142857,5300
2019-11-20,62.68666667,25.55,0.0,0.0,198.573,3827.647388880934,232.041,4081.947727,88.375,43.63333333,3.528393582,2.503,0,45.9,2.818,25.8,179.3,64.85714286,5234
2019-11-21,62.68666667,25.56,0.0,0.0,198.41,3812.495271533787,231.128,4081.947727,88.58333333,43.66666667,3.528393582,2.507,0,13.0,2.819,26.0,179.675,66.14285714,4883
2019-11-22,62.68666667,25.7,0.0,0.0,198.584,3820.328639080082,233.416,4081.947727,90.29166667,43.7,3.528393582,2.523,0,15.5,2.827,25.6,180.125,67.42857143,4648
2019-11-23,62.68666667,25.7,0.0,0.0,198.584,3827.647388880934,233.416,4081.947727,89.29166667,43.73333333,3.528393582,2.523,0,10.0,2.827,25.7,180.125,68.71428571,4648
2019-11-24,62.68666667,25.7,0.0,0.0,198.584,3872.3038860037173,233.416,4081.947727,88.75,43.76666667,3.528393582,2.523,0,10.2,2.827,25.9,180.125,70.0,4599
2019-11-25,62.68666667,25.8,0.0,0.0,198.396,3820.328639080082,233.776,4081.947727,92.20833333,43.8,3.528393582,2.539,0,16.2,2.837,25.3,180.95,71.0,4295
2019-11-26,62.68666667,25.72,0.0,0.0,199.17,3812.495271533787,233.824,4081.947727,90.04166667,43.83333333,3.528393582,2.537,0,9.0,2.825,25.8,181.7,72.0,4394
2019-11-27,62.68666667,25.67,0.0,0.0,199.977,3820.328639080082,233.394,4081.947727,88.20833333,43.86666667,3.528393582,2.526,0,4.4,2.817,26.6,180.95,73.0,4506
2019-11-28,62.68666667,25.71,0.0,0.0,198.844,3820.328639080082,234.009,4081.947727,91.33333333,43.9,3.528393582,2.521,0,17.8,2.809,25.9,180.75,74.0,4447
2019-11-29,62.68666667,25.74,0.0,0.0,198.786,3872.3038860037173,234.557,4081.947727,91.79166667,43.93333333,3.528393582,2.53,0,13.0,2.822,25.7,180.925,75.0,4514
2019-11-30,62.68666667,25.74,0.0,0.0,198.786,3812.495271533787,234.557,4081.947727,92.16666667,43.96666667,3.528393582,2.53,0,27.8,2.822,25.3,180.925,76.0,4740
2019-12-01,65.34818182,25.74,0.0,0.0,198.786,3872.3038860037173,234.557,4081.947727,87.66666667,44.0,3.528393582,2.53,0,8.3,2.822,26.1,180.925,77.0,8435
2019-12-02,65.34818182,25.7,0.0,0.0,199.206,3827.647388880934,235.939,4081.947727,88.875,43.83870968,3.528393582,2.53,0,8.7,2.83,26.2,181.3,75.85714286,8103
2019-12-03,65.34818182,25.68,0.0,0.0,200.771,3827.647388880934,237.477,4081.947727,88.66666667,43.67741935,3.528393582,2.534,0,3.8,2.832,26.0,181.575,74.71428571,8554
2019-12-04,65.34818182,25.75,0.0,0.0,201.12,3820.328639080082,238.734,4081.947727,89.66666667,43.51612903,3.528393582,2.545,0,24.0,2.845,25.7,181.225,73.57142857,8878
2019-12-05,65.34818182,25.74,0.0,0.0,200.586,3820.328639080082,238.043,4081.947727,91.08333333,43.35483871,3.528393582,2.54,0,7.6,2.844,25.5,181.45,72.42857143,8984
2019-12-06,65.34818182,25.73,0.0,0.0,201.427,3820.328639080082,238.188,4081.947727,87.70833333,43.19354839,3.528393582,2.551,0,2.6,2.849,26.1,181.2,71.28571429,9414
2019-12-07,65.34818182,25.73,0.0,0.0,201.427,3792.9176458359616,238.188,4081.947727,89.75,43.03225806,3.528393582,2.551,0,6.6,2.849,25.8,181.2,70.14285714,9638
2019-12-08,65.34818182,25.73,0.0,0.0,201.427,3872.3038860037173,238.188,4081.947727,84.66666667,42.87096774,3.528393582,2.551,1,3.9,2.849,26.1,181.2,69.0,10731
2019-12-09,65.34818182,25.73,0.0,0.0,200.242,3827.647388880934,238.288,4081.947727,80.875,42.70967742,3.528393582,2.557,1,0.5,2.851,25.5,181.2,71.14285714,11326
2019-12-10,65.34818182,25.72,0.0,0.0,200.333,3872.3038860037173,238.995,4081.947727,88.33333333,42.5483871,3.528393582,2.56,0,4.0,2.858,25.6,181.125,73.28571429,10073
2019-12-11,65.34818182,25.87,0.0,0.0,200.821,3872.3038860037173,238.146,4081.947727,89.54166667,42.38709677,3.528393582,2.562,1,13.1,2.881,25.0,181.125,75.42857143,12729
2019-12-12,65.34818182,25.88,0.0,0.0,201.472,3812.495271533787,241.343,4081.947727,85.79166667,42.22580645,3.528393582,2.557,0,1.7,2.879,25.7,180.9,77.57142857,9725
2019-12-13,65.34818182,25.89,0.0,0.0,201.194,3827.647388880934,241.558,4081.947727,89.54166667,42.06451613,3.528393582,2.554,0,3.9,2.898,25.7,181.1,79.71428571,8564
2019-12-14,65.34818182,25.89,0.0,0.0,201.194,3812.495271533787,241.558,4081.947727,89.16666667,41.90322581,3.528393582,2.554,0,3.6,2.898,25.8,181.1,81.85714286,8249
2019-12-15,65.34818182,25.89,0.0,0.0,201.194,3827.647388880934,241.558,4081.947727,86.5,41.74193548,3.528393582,2.554,0,0.6,2.898,25.7,181.1,84.0,8442
2019-12-16,65.34818182,25.88,0.0,0.0,201.254,3792.9176458359616,237.883,4081.947727,85.375,41.58064516,3.528393582,2.549,0,0.8,2.901,25.7,181.2,85.0,7969
2019-12-17,65.34818182,25.83,0.0,0.0,201.782,3792.9176458359616,236.941,4081.947727,87.5,41.41935484,3.528393582,2.55,0,12.9,2.891,25.3,181.175,86.0,7606
2019-12-18,65.34818182,25.87,0.0,0.0,201.908,3827.647388880934,236.081,4081.947727,88.16666667,41.25806452,3.528393582,2.548,0,3.3,2.906,25.7,181.175,87.0,7132
2019-12-19,65.34818182,25.83,0.0,0.0,201.22,3812.495271533787,235.503,4081.947727,87.25,41.09677419,3.528393582,2.547,0,5.8,2.908,26.0,181.475,88.0,6611
2019-12-20,65.34818182,25.84,0.0,0.0,201.717,3827.647388880934,234.553,4081.947727,91.04166667,40.93548387,3.528393582,2.545,0,18.9,2.912,25.2,181.1,89.0,6179
2019-12-21,65.34818182,25.84,0.0,0.0,201.717,3820.328639080082,234.553,4081.947727,89.25,40.77419355,3.528393582,2.545,0,6.1,2.912,25.7,181.1,90.0,6016
2019-12-22,65.34818182,25.84,0.0,0.0,201.717,3827.647388880934,234.553,4081.947727,88.625,40.61290323,3.528393582,2.545,0,10.6,2.912,26.1,181.1,91.0,5788
2019-12-23,65.34818182,25.87,0.0,0.0,200.512,3792.9176458359616,234.832,4081.947727,87.29166667,40.4516129,3.528393582,2.543,0,3.5,2.929,26.0,181.325,92.28571429,5432
2019-12-24,65.34818182,25.94,0.0,0.0,200.934,3792.9176458359616,235.113,4081.947727,88.83333333,40.29032258,3.528393582,2.545,0,2.3,2.928,26.1,181.4,93.57142857,5181
2019-12-25,65.34818182,25.9,0.0,0.0,201.007,3792.9176458359616,235.661,4081.947727,88.91666667,40.12903226,3.528393582,2.542,0,2.5,2.912,26.1,181.4,94.85714286,6555
2019-12-26,65.34818182,25.92,0.0,0.0,201.044,3812.495271533787,237.291,4081.947727,84.33333333,39.96774194,3.528393582,2.537,0,0.1,2.92,26.3,181.375,96.14285714,5365
2019-12-27,65.34818182,25.99,0.0,0.0,201.17,3812.495271533787,238.291,4081.947727,81.83333333,39.80645161,3.528393582,2.546,0,0.0,2.926,26.1,181.45,97.42857143,5546
2019-12-28,65.34818182,25.99,0.0,0.0,201.17,3812.495271533787,238.291,4081.947727,78.0,39.64516129,3.528393582,2.546,0,0.0,2.926,26.4,181.45,98.71428571,5960
2019-12-29,65.34818182,25.99,0.0,0.0,201.17,3827.647388880934,238.291,4081.947727,76.0,39.48387097,3.528393582,2.546,0,0.0,2.926,26.1,181.45,100.0,6476
2019-12-30,65.34818182,26.03,0.0,0.0,202.659,3872.3038860037173,240.666,4081.947727,83.375,39.32258065,3.528393582,2.541,0,0.7,2.927,25.6,181.7,99.28571429,6104
2019-12-31,65.34818182,25.99,0.0,0.0,203.338,3812.495271533787,240.147,4081.947727,84.79166667,39.16129032,3.528393582,2.542,0,0.4,2.923,26.5,181.375,98.57142857,5898
2020-01-01,63.89869565,26.03,0.0,0.0,203.237,3812.495271533787,238.526,3847.601377,88.41666667,39.0,6.153945084,2.541,0,1.1,2.936,26.5,181.175,97.85714286,5320
2020-01-02,63.89869565,26.01,0.0,0.0,203.013,3812.495271533787,237.276,3847.601377,87.33333333,39.29032258,6.153945084,2.524,0,1.6,2.918,26.6,181.45,97.14285714,5509
2020-01-03,63.89869565,25.97,0.0,0.0,202.548,3827.647388880934,238.778,3847.601377,87.70833333,39.58064516,6.153945084,2.521,0,0.8,2.932,26.6,181.3,96.42857143,5532
2020-01-04,63.89869565,25.97,0.0,0.0,202.548,3820.328639080082,238.778,3847.601377,87.54166667,39.87096774,6.153945084,2.521,0,2.3,2.932,26.6,181.3,95.71428571,5888
2020-01-05,63.89869565,25.97,0.0,0.0,202.548,3812.495271533787,238.778,3847.601377,88.125,40.16129032,6.153945084,2.521,0,0.5,2.932,26.4,181.3,95.0,6275
2020-01-06,63.89869565,26.08,0.0,0.0,202.237,3827.647388880934,237.924,3847.601377,85.79166667,40.4516129,6.153945084,2.521,0,0.5,2.924,26.4,181.325,94.28571429,6825
2020-01-07,63.89869565,26.12,0.0,0.0,202.89,3812.495271533787,237.896,3847.601377,77.70833333,40.74193548,6.153945084,2.538,0,0.4,2.962,26.8,181.275,93.57142857,7806
2020-01-08,63.89869565,26.15,0.0,0.0,202.018,3812.495271533787,236.97,3847.601377,72.41666667,41.03225806,6.153945084,2.546,0,0.2,2.956,27.1,181.6,92.85714286,8730
2020-01-09,63.89869565,26.2,0.0,0.0,201.538,3820.328639080082,236.861,3847.601377,76.04166667,41.32258065,6.153945084,2.555,0,0.0,2.97,25.9,181.35,92.14285714,8775
2020-01-10,63.89869565,26.32,0.0,0.0,201.334,3827.647388880934,235.788,3847.601377,80.91666667,41.61290323,6.153945084,2.566,1,0.0,2.964,25.1,181.35,91.42857143,10800
2020-01-11,63.89869565,26.32,0.0,0.0,201.334,3812.495271533787,235.788,3847.601377,72.95833333,41.90322581,6.153945084,2.566,0,0.0,2.964,26.6,181.35,90.71428571,8975
2020-01-12,63.89869565,26.32,0.0,0.0,201.334,3827.647388880934,235.788,3847.601377,71.70833333,42.19354839,6.153945084,2.566,0,0.6,2.964,27.2,181.35,90.0,8886
2020-01-13,63.89869565,26.34,0.0,0.0,201.606,3812.495271533787,236.212,3847.601377,65.70833333,42.48387097,6.153945084,2.559,0,0.0,2.952,26.5,181.55,88.71428571,9680
2020-01-14,63.89869565,26.31,0.0,0.0,202.008,3827.647388880934,236.575,3847.601377,63.33333333,42.77419355,6.153945084,2.564,1,0.0,2.953,25.3,181.45,87.42857143,10589
2020-01-15,63.89869565,26.33,0.0,0.0,201.788,3812.495271533787,237.057,3847.601377,70.95833333,43.06451613,6.153945084,2.551,1,0.0,2.937,25.1,181.45,86.14285714,11824
2020-01-16,63.89869565,26.4,0.0,0.0,202.187,3827.647388880934,235.807,3847.601377,77.58333333,43.35483871,6.153945084,2.549,0,1.0,2.941,26.1,181.25,84.85714286,7790
2020-01-17,63.89869565,26.39,0.0,0.0,201.711,3820.328639080082,235.913,3847.601377,82.125,43.64516129,6.153945084,2.551,0,0.1,2.942,26.5,181.25,83.57142857,6698
2020-01-18,63.89869565,26.39,0.0,0.0,201.711,3820.328639080082,235.913,3847.601377,83.25,43.93548387,6.153945084,2.551,0,0.5,2.942,26.8,181.25,82.28571429,6393
2020-01-19,63.89869565,26.39,0.0,0.0,201.711,3820.328639080082,235.913,3847.601377,81.20833333,44.22580645,6.153945084,2.551,0,1.2,2.942,27.1,181.25,81.0,6384
2020-01-20,63.89869565,26.26,0.0,0.0,200.859,3872.3038860037173,236.769,3847.601377,81.54166667,44.51612903,6.153945084,2.548,0,1.1,2.928,27.1,181.325,81.0,6113
2020-01-21,63.89869565,26.25,0.0,0.0,201.079,3792.9176458359616,238.528,3847.601377,80.25,44.80645161,6.153945084,2.551,0,4.1,2.93,27.0,181.425,81.0,6040
2020-01-22,63.89869565,26.16,0.0,0.0,200.972,3827.647388880934,238.216,3847.601377,77.625,45.09677419,6.153945084,2.541,0,1.9,2.931,27.5,181.5,81.0,6077
2020-01-23,63.89869565,26.16,0.0,0.0,201.135,3812.495271533787,237.455,3847.601377,77.04166667,45.38709677,6.153945084,2.544,0,1.8,2.923,27.7,181.525,81.0,5885
2020-01-24,63.89869565,26.15,0.0,0.0,200.539,3792.9176458359616,237.023,3847.601377,74.41666667,45.67741935,6.153945084,2.539,0,0.2,2.879,27.9,181.575,81.0,5999
2020-01-25,63.89869565,26.15,0.0,0.0,200.539,3827.647388880934,237.023,3847.601377,71.33333333,45.96774194,6.153945084,2.539,0,0.0,2.879,27.7,181.575,81.0,6480
2020-01-26,63.89869565,26.15,0.0,0.0,200.539,3792.9176458359616,237.023,3847.601377,70.95833333,46.25806452,6.153945084,2.539,0,0.0,2.879,27.0,181.575,81.0,6811
2020-01-27,63.89869565,26.16,0.0,0.0,200.067,3812.495271533787,236.458,3847.601377,79.41666667,46.5483871,6.153945084,2.548,0,0.0,2.913,26.3,181.55,82.57142857,6035
2020-01-28,63.89869565,26.15,0.029411764705882353,0.0,199.867,3827.647388880934,236.332,3847.601377,76.66666667,46.83870968,6.153945084,2.544,0,0.0,2.898,26.1,181.5,84.14285714,6873
2020-01-29,63.89869565,26.15,0.058823529411764705,0.0,199.958,3812.495271533787,237.684,3847.601377,77.16666667,47.12903226,6.153945084,2.535,0,0.0,2.871,26.2,181.5,85.71428571,7392
2020-01-30,63.89869565,26.14,0.08823529411764706,0.0,199.703,3827.647388880934,239.532,3847.601377,78.70833333,47.41935484,6.153945084,2.534,0,0.0,2.834,26.4,181.5,87.28571429,7845
2020-01-31,63.89869565,25.83,0.11764705882352941,0.0,200.084,3820.328639080082,235.827,3847.601377,78.33333333,47.70967742,6.153945084,2.543,0,0.0,2.847,26.5,181.45,88.85714286,8205
2020-02-01,55.691,25.83,0.14705882352941177,0.0,200.084,3827.647388880934,235.827,3847.601377,72.5,48.0,6.153945084,2.543,0,0.0,2.847,26.9,181.45,90.42857143,6597
2020-02-02,55.691,25.83,0.17647058823529413,0.0,200.084,3812.495271533787,235.827,3847.601377,79.16666667,47.51724138,6.153945084,2.543,0,4.9,2.847,26.6,181.45,92.0,6173
2020-02-03,55.691,25.92,0.20588235294117646,0.0,201.172,3812.495271533787,236.48,3847.601377,75.79166667,47.03448276,6.153945084,2.551,0,0.8,2.88,26.9,181.475,91.57142857,6439
2020-02-04,55.691,25.99,0.23529411764705882,0.0,200.592,3820.328639080082,235.856,3847.601377,74.5,46.55172414,6.153945084,2.546,0,0.0,2.883,27.0,181.475,91.14285714,8622
2020-02-05,55.691,26.0,0.2647058823529412,0.0,200.32,3792.9176458359616,234.582,3847.601377,75.20833333,46.06896552,6.153945084,2.545,0,0.4,2.861,27.3,181.4,90.71428571,7138
2020-02-06,55.691,25.9,0.29411764705882354,0.0,199.376,3812.495271533787,233.935,3847.601377,75.66666667,45.5862069,6.153945084,2.535,0,0.0,2.825,27.2,181.425,90.28571429,7451
2020-02-07,55.691,25.96,0.3235294117647059,0.0,199.067,3820.328639080082,234.334,3847.601377,78.41666667,45.10344828,6.153945084,2.544,0,0.0,2.829,26.7,181.45,89.85714286,7512
2020-02-08,55.691,25.96,0.35294117647058826,0.0,199.067,3872.3038860037173,234.334,3847.601377,77.70833333,44.62068966,6.153945084,2.544,0,0.2,2.829,26.7,181.45,89.42857143,10148
2020-02-09,55.691,25.96,0.38235294117647056,0.0,199.067,3872.3038860037173,234.334,3847.601377,70.75,44.13793103,6.153945084,2.544,0,0.0,2.829,27.2,181.45,89.0,8930
2020-02-10,55.691,26.04,0.4117647058823529,0.0,198.451,3872.3038860037173,235.097,3847.601377,62.91666667,43.65517241,6.153945084,2.545,0,0.0,2.861,27.2,181.45,89.0,9716
2020-02-11,55.691,26.01,0.4411764705882353,0.0,197.853,3827.647388880934,235.178,3847.601377,65.29166667,43.17241379,6.153945084,2.543,0,0.0,2.868,27.9,181.5,89.0,8847
2020-02-12,55.691,26.0,0.47058823529411764,0.0,197.98,3872.3038860037173,236.761,3847.601377,64.41666667,42.68965517,6.153945084,2.543,0,0.0,2.847,29.2,181.45,89.0,8561
2020-02-13,55.691,25.95,0.5,0.0,197.146,3792.9176458359616,236.756,3847.601377,68.79166667,42.20689655,6.153945084,2.535,0,1.4,2.854,28.7,181.475,89.0,7590
2020-02-14,55.691,26.0,0.5294117647058824,0.0,196.638,3792.9176458359616,236.235,3847.601377,74.58333333,41.72413793,6.153945084,2.543,0,3.6,2.857,27.3,181.45,89.0,7050
2020-02-15,55.691,26.0,0.5588235294117647,0.0,196.638,3820.328639080082,236.235,3847.601377,80.95833333,41.24137931,6.153945084,2.543,0,4.6,2.857,27.1,181.45,89.0,6443
2020-02-16,55.691,26.0,0.5882352941176471,0.0,196.638,3812.495271533787,236.235,3847.601377,81.16666667,40.75862069,6.153945084,2.543,0,1.3,2.857,27.1,181.45,89.0,6269
2020-02-17,55.691,25.93,0.6176470588235294,0.0,196.402,3820.328639080082,236.071,3847.601377,72.5,40.27586207,6.153945084,2.535,0,0.7,2.841,27.8,181.6,88.85714286,6616
2020-02-18,55.691,25.99,0.6470588235294118,0.0,196.637,3812.495271533787,235.163,3847.601377,68.41666667,39.79310345,6.153945084,2.54,0,0.1,2.863,26.9,181.6,88.71428571,7094
2020-02-19,55.691,25.85,0.6764705882352942,0.0,195.857,3792.9176458359616,233.951,3847.601377,72.125,39.31034483,6.153945084,2.532,0,0.0,2.829,26.9,182.0,88.57142857,6657
2020-02-20,55.691,25.83,0.7058823529411765,0.0,196.525,3827.647388880934,235.586,3847.601377,69.875,38.82758621,6.153945084,2.525,0,0.0,2.83,27.5,181.625,88.42857143,6529
2020-02-21,55.691,25.84,0.7352941176470589,0.0,195.747,3872.3038860037173,235.021,3847.601377,71.58333333,38.34482759,6.153945084,2.525,0,1.5,2.778,28.5,181.625,88.28571429,7652
2020-02-22,55.691,25.84,0.7647058823529411,0.0,195.747,3812.495271533787,235.021,3847.601377,70.45833333,37.86206897,6.153945084,2.525,0,1.6,2.778,28.7,181.625,88.14285714,5959
2020-02-23,55.691,25.84,0.7941176470588235,0.0,195.747,3812.495271533787,235.021,3847.601377,69.91666667,37.37931034,6.153945084,2.525,0,2.0,2.778,28.4,181.625,88.0,6059
2020-02-24,55.691,25.89,0.8235294117647058,0.0,196.855,3872.3038860037173,236.319,3847.601377,71.54166667,36.89655172,6.153945084,2.528,0,0.0,2.78,28.0,181.75,88.85714286,6011
2020-02-25,55.691,25.86,0.8529411764705882,0.0,197.127,3872.3038860037173,234.452,3847.601377,74.625,36.4137931,6.153945084,2.537,0,0.0,2.774,28.3,181.7,89.71428571,5740
2020-02-26,55.691,25.94,0.8823529411764706,0.0,197.563,3872.3038860037173,234.291,3847.601377,77.54166667,35.93103448,6.153945084,2.536,0,0.4,2.739,28.3,181.675,90.57142857,5838
2020-02-27,55.691,26.0,0.9117647058823529,0.0,197.563,3792.9176458359616,233.279,3847.601377,74.95833333,35.44827586,6.153945084,2.507,0,0.0,2.724,28.5,181.825,91.42857143,6016
2020-02-28,55.691,26.15,0.9411764705882353,0.0,199.889,3872.3038860037173,232.296,3847.601377,73.41666667,34.96551724,6.153945084,2.498,0,0.4,2.752,28.1,181.95,92.28571429,6555
2020-02-29,55.691,26.15,0.9705882352941176,0.0,199.889,3820.328639080082,232.296,3847.601377,69.41666667,34.48275862,6.153945084,2.498,0,0.2,2.752,28.2,181.95,93.14285714,7295
2020-03-01,33.94727273,26.15,1.0,0.0,199.889,3827.647388880934,232.296,3847.601377,71.83333333,34.0,6.153945084,2.498,0,0.2,2.752,27.9,181.95,94.0,2142
2020-03-02,33.94727273,26.13,1.0,0.0,200.49,3792.9176458359616,233.307,3847.601377,77.79166667,33.80645161,6.153945084,2.491,0,0.0,2.75,27.6,182.15,94.42857143,1959
2020-03-03,33.94727273,26.26,1.0,0.0,202.714,3827.647388880934,234.262,3847.601377,75.58333333,33.61290323,6.153945084,2.474,0,0.0,2.747,27.5,182.1,94.85714286,2167
2020-03-04,33.94727273,26.2,1.0,0.0,203.312,3872.3038860037173,235.852,3847.601377,76.125,33.41935484,6.153945084,2.473,0,0.0,2.69,27.6,182.0,95.28571429,2342
2020-03-05,33.94727273,26.22,1.0,0.0,202.583,3872.3038860037173,237.403,3847.601377,78.70833333,33.22580645,6.153945084,2.457,0,0.9,2.652,28.0,181.9,95.71428571,2308
2020-03-06,33.94727273,26.17,1.0,0.0,204.307,3872.3038860037173,238.922,3847.601377,77.08333333,33.03225806,6.153945084,2.451,0,0.7,2.428,28.0,181.925,96.14285714,2861
2020-03-07,33.94727273,26.17,1.0,0.0,204.307,3820.328639080082,238.922,3847.601377,76.875,32.83870968,6.153945084,2.451,0,0.7,2.428,28.1,181.925,96.57142857,2959
2020-03-08,33.94727273,26.17,1.0,0.0,204.307,3792.9176458359616,238.922,3847.601377,79.04166667,32.64516129,6.153945084,2.451,0,0.8,2.428,27.7,181.925,97.0,2975
2020-03-09,33.94727273,26.21,1.0,0.0,205.218,3812.495271533787,235.636,3847.601377,76.04166667,32.4516129,6.153945084,2.46,0,0.0,2.555,28.6,181.925,95.14285714,3443
2020-03-10,33.94727273,26.22,1.0,0.0,208.164,3820.328639080082,234.139,3847.601377,78.04166667,32.25806452,6.153945084,2.477,0,0.1,2.49,28.3,182.55,93.28571429,2912
2020-03-11,33.94727273,26.01,1.0,0.0,205.729,3820.328639080082,230.181,3847.601377,77.33333333,32.06451613,6.153945084,2.452,0,1.1,2.441,28.3,182.6,91.42857143,2905
2020-03-12,33.94727273,26.27,1.0,0.0,205.623,3792.9176458359616,226.548,3847.601377,78.45833333,31.87096774,6.153945084,2.495,0,1.1,2.538,28.2,183.075,89.57142857,2588
2020-03-13,33.94727273,26.34,1.0,0.0,204.537,3872.3038860037173,226.344,3847.601377,75.25,31.67741935,6.153945084,2.49,0,0.8,2.476,28.4,184.5,87.71428571,2660
2020-03-14,33.94727273,26.34,1.0,0.0,204.537,3872.3038860037173,226.344,3847.601377,79.79166667,31.48387097,6.153945084,2.49,0,1.3,2.476,28.1,184.5,85.85714286,2440
2020-03-15,33.94727273,26.34,1.0,0.0,204.537,3827.647388880934,226.344,3847.601377,77.375,31.29032258,6.153945084,2.49,0,1.4,2.476,28.2,184.5,84.0,2421
2020-03-16,33.94727273,26.36,1.0,0.0,204.61,3820.328639080082,222.781,3847.601377,80.08333333,31.09677419,6.153945084,2.495,0,3.5,2.445,28.1,184.5,77.57142857,2839
2020-03-17,33.94727273,26.34,1.0,0.0,206.01,3812.495271533787,215.663,3847.601377,86.58333333,30.90322581,6.153945084,2.49,0,4.7,2.292,27.4,184.85,71.14285714,2885
2020-03-18,33.94727273,26.19,1.0,0.0,203.206,3812.495271533787,214.118,3847.601377,81.79166667,30.70967742,6.153945084,2.49,0,0.1,2.35,27.9,185.7,64.71428571,2702
2020-03-19,33.94727273,26.35,1.0,0.0,202.6,3792.9176458359616,217.773,3847.601377,85.54166667,30.51612903,6.153945084,2.48,0,10.4,2.33,27.7,186.4,58.28571429,2446
2020-03-20,33.94727273,26.36,1.0,0.0,199.048,3820.328639080082,216.043,3847.601377,82.95833333,30.32258065,6.153945084,2.449,0,0.8,2.342,27.8,187.05,51.85714286,1793
2020-03-21,33.94727273,26.36,1.0,0.0,199.048,3812.495271533787,216.043,3847.601377,78.625,30.12903226,6.153945084,2.449,0,0.7,2.342,27.6,187.05,45.42857143,1873
2020-03-22,33.94727273,26.36,1.0,0.0,199.048,3820.328639080082,216.043,3847.601377,74.0,29.93548387,6.153945084,2.449,0,0.0,2.342,27.4,187.05,39.0,1976
2020-03-23,33.94727273,26.47,1.0,0.0,199.978,3872.3038860037173,219.943,3847.601377,73.875,29.74193548,6.153945084,2.448,0,0.2,2.383,28.1,187.05,37.85714286,1791
2020-03-24,33.94727273,26.27,1.0,0.0,200.483,3792.9176458359616,222.234,3847.601377,76.95833333,29.5483871,6.153945084,2.448,0,0.4,2.39,28.1,187.05,36.71428571,1616
2020-03-25,33.94727273,26.43,1.0,0.0,201.717,3792.9176458359616,228.276,3847.601377,75.54166667,29.35483871,6.153945084,2.497,0,1.3,2.411,28.3,187.05,35.57142857,1637
2020-03-26,33.94727273,26.49,1.0,0.0,203.456,3872.3038860037173,234.513,3847.601377,75.75,29.16129032,6.153945084,2.491,0,0.1,2.377,27.8,187.05,34.42857143,1738
2020-03-27,33.94727273,26.47,1.0,0.0,206.224,3827.647388880934,233.769,3847.601377,70.58333333,28.96774194,6.153945084,2.492,0,0.0,2.359,28.3,188.25,33.28571429,1867
2020-03-28,33.94727273,26.47,1.0,0.0,206.224,3872.3038860037173,233.769,3847.601377,73.79166667,28.77419355,6.153945084,2.492,0,0.5,2.359,28.4,188.25,32.14285714,1828
2020-03-29,33.94727273,26.47,1.0,0.0,206.224,3812.495271533787,233.769,3847.601377,76.41666667,28.58064516,6.153945084,2.492,0,1.2,2.359,28.3,188.25,31.0,1784
2020-03-30,33.94727273,26.68,1.0,0.0,209.432,3827.647388880934,235.039,3847.601377,80.16666667,28.38709677,6.153945084,2.508,0,12.6,2.401,27.9,188.25,31.57142857,1773
2020-03-31,33.94727273,26.61,1.0,0.0,207.702,3872.3038860037173,234.563,3847.601377,84.29166667,28.19354839,6.153945084,2.474,0,3.0,2.4,27.3,189.25,32.14285714,1740
2020-04-01,26.84863636,26.67,1.0,0.0,208.448,3792.9176458359616,234.867,3847.601377,79.45833333,28.0,6.153945084,2.474,0,0.0,2.443,27.8,189.5,32.71428571,0
2020-04-02,26.84863636,26.78,1.0,0.0,207.182,3792.9176458359616,233.591,3847.601377,75.625,27.93333333,6.153945084,2.492,0,0.0,2.476,27.8,189.5,33.28571429,0
2020-04-03,26.84863636,27.2,1.0,0.0,205.178,3872.3038860037173,236.355,3847.601377,76.45833333,27.86666667,6.153945084,2.54,0,0.5,2.534,27.9,190.5,33.85714286,0
2020-04-04,26.84863636,27.2,1.0,0.0,205.178,3792.9176458359616,236.355,3847.601377,82.08333333,27.8,6.153945084,2.54,0,43.0,2.534,27.7,190.5,34.42857143,0
2020-04-05,26.84863636,27.2,1.0,0.0,205.178,3827.647388880934,236.355,3847.601377,80.70833333,27.73333333,6.153945084,2.54,0,2.2,2.534,27.9,190.5,35.0,0
2020-04-06,26.84863636,27.38,1.0,0.0,205.352,3792.9176458359616,238.307,3847.601377,79.41666667,27.66666667,6.153945084,2.551,0,2.1,2.552,28.1,193.25,35.57142857,0
2020-04-07,26.84863636,27.3,1.0,0.0,208.266,3872.3038860037173,239.689,3847.601377,81.08333333,27.6,6.153945084,2.541,0,2.5,2.567,28.0,193.25,36.14285714,0
2020-04-08,26.84863636,27.05,1.0,0.0,210.158,3820.328639080082,237.929,3847.601377,84.33333333,27.53333333,6.153945084,2.497,0,3.3,2.559,27.8,193.5,36.71428571,0
2020-04-09,26.84863636,27.06,1.0,0.0,209.521,3872.3038860037173,237.882,3847.601377,84.41666667,27.46666667,6.153945084,2.51,0,5.1,2.578,27.9,191.0,37.28571429,0
2020-04-10,26.84863636,27.0,1.0,0.0,208.159,3827.647388880934,238.97,3847.601377,84.45833333,27.4,6.153945084,2.498,0,9.7,2.583,27.7,191.0,37.85714286,0
2020-04-11,26.84863636,27.0,1.0,0.0,208.159,3812.495271533787,238.97,3847.601377,84.625,27.33333333,6.153945084,2.498,0,6.0,2.583,27.6,191.0,38.42857143,0
2020-04-12,26.84863636,27.0,1.0,0.0,208.159,3872.3038860037173,238.97,3847.601377,83.16666667,27.26666667,6.153945084,2.498,0,5.3,2.583,27.7,191.0,39.0,0
2020-04-13,26.84863636,27.01,1.0,0.0,208.293,3820.328639080082,241.128,3847.601377,83.20833333,27.2,6.153945084,2.506,0,1.2,2.602,27.5,191.0,38.14285714,0
2020-04-14,26.84863636,27.02,1.0,0.0,207.874,3792.9176458359616,239.682,3847.601377,82.29166667,27.13333333,6.153945084,2.495,0,8.5,2.545,27.4,191.0,37.28571429,0
2020-04-15,26.84863636,27.04,1.0,0.0,209.15,3820.328639080082,239.175,3847.601377,83.16666667,27.06666667,6.153945084,2.493,0,4.5,2.581,27.1,191.5,36.42857143,0
2020-04-16,26.84863636,27.07,1.0,0.0,208.324,3827.647388880934,240.02,3847.601377,82.75,27.0,6.153945084,2.501,0,6.0,2.583,27.4,192.0,35.57142857,0
2020-04-17,26.84863636,27.14,1.0,0.0,207.49,3827.647388880934,239.413,3847.601377,81.33333333,26.93333333,6.153945084,2.507,0,4.9,2.538,27.7,192.0,34.71428571,0
2020-04-18,26.84863636,27.14,1.0,0.0,207.49,3827.647388880934,239.413,3847.601377,82.79166667,26.86666667,6.153945084,2.507,0,3.7,2.538,27.9,192.0,33.85714286,0
2020-04-19,26.84863636,27.14,1.0,0.0,207.49,3820.328639080082,239.413,3847.601377,84.25,26.8,6.153945084,2.507,0,1.4,2.538,27.9,192.0,33.0,0
2020-04-20,26.84863636,27.07,1.0,0.0,208.199,3792.9176458359616,236.67,3847.601377,80.20833333,26.73333333,6.153945084,2.494,0,0.9,2.474,28.7,192.5,33.0,0
2020-04-21,26.84863636,27.24,1.0,0.0,208.55,3792.9176458359616,238.663,3847.601377,83.0,26.66666667,6.153945084,2.526,0,6.3,2.535,28.3,192.5,33.0,0
2020-04-22,26.84863636,27.24,1.0,0.0,208.435,3872.3038860037173,238.471,3847.601377,82.54166667,26.6,6.153945084,2.536,0,5.2,2.568,27.7,193.5,33.0,0
2020-04-23,26.84863636,27.11,1.0,0.0,208.865,3812.495271533787,238.722,3847.601377,85.20833333,26.53333333,6.153945084,2.517,0,7.5,2.571,27.3,193.0,33.0,0
2020-04-24,26.84863636,27.07,1.0,0.0,207.438,3792.9176458359616,239.268,3847.601377,85.29166667,26.46666667,6.153945084,2.519,0,3.6,2.575,27.1,193.0,33.0,0
2020-04-25,26.84863636,27.07,1.0,0.0,207.438,3820.328639080082,239.268,3847.601377,83.5,26.4,6.153945084,2.519,0,2.5,2.575,28.3,193.0,33.0,0
2020-04-26,26.84863636,27.07,1.0,0.0,207.438,3827.647388880934,239.268,3847.601377,85.0,26.33333333,6.153945084,2.519,0,4.2,2.575,28.1,193.0,33.0,0
2020-04-27,26.84863636,27.04,1.0,0.0,207.744,3792.9176458359616,238.56,3847.601377,84.875,26.26666667,6.153945084,2.517,0,0.9,2.578,28.5,192.5,34.85714286,0
2020-04-28,26.84863636,27.06,1.0,0.0,207.898,3812.495271533787,239.328,3847.601377,84.875,26.2,6.153945084,2.538,0,6.6,2.618,28.1,192.0,36.71428571,0
2020-04-29,26.84863636,26.9,1.0,0.0,207.165,3820.328639080082,239.916,3847.601377,88.125,26.13333333,6.153945084,2.531,0,2.8,2.551,27.8,192.0,38.57142857,0
2020-04-30,26.84863636,26.9,1.0,0.0,208.218,3792.9176458359616,238.221,3847.601377,85.375,26.06666667,6.153945084,2.508,0,2.2,2.516,28.4,190.5,40.42857143,0
2020-05-01,32.42238095,26.75,1.0,0.0,208.145,3827.647388880934,235.814,3847.601377,83.91666667,26.0,6.153945084,2.498,0,2.7,2.526,28.4,190.5,42.28571429,0
2020-05-02,32.42238095,26.75,1.0,0.0,208.145,3872.3038860037173,235.814,3847.601377,81.375,26.12903226,6.153945084,2.498,0,2.0,2.526,29.0,190.5,44.14285714,0
2020-05-03,32.42238095,26.75,1.0,0.0,208.145,3792.9176458359616,235.814,3847.601377,84.125,26.25806452,6.153945084,2.498,0,5.1,2.526,28.8,190.5,46.0,0
2020-05-04,32.42238095,26.68,1.0,0.0,208.601,3827.647388880934,235.022,3847.601377,86.58333333,26.38709677,6.153945084,2.489,0,5.0,2.548,27.7,189.5,44.71428571,0
2020-05-05,32.42238095,26.17,1.0,0.0,206.123,3792.9176458359616,230.198,3847.601377,85.125,26.51612903,6.153945084,2.443,0,4.0,2.491,27.7,189.0,43.42857143,0
2020-05-06,32.42238095,26.25,1.0,0.0,204.24,3827.647388880934,230.57,3847.601377,88.08333333,26.64516129,6.153945084,2.454,0,5.2,2.505,27.3,186.5,42.14285714,0
2020-05-07,32.42238095,26.29,1.0,0.0,200.768,3872.3038860037173,231.428,3847.601377,85.16666667,26.77419355,6.153945084,2.462,0,5.2,2.528,27.7,186.5,40.85714286,0
2020-05-08,32.42238095,26.47,1.0,0.0,201.475,3812.495271533787,232.235,3847.601377,84.83333333,26.90322581,6.153945084,2.476,0,2.9,2.546,27.7,186.5,39.57142857,0
2020-05-09,32.42238095,26.47,1.0,0.0,201.475,3872.3038860037173,232.235,3847.601377,85.79166667,27.03225806,6.153945084,2.476,0,4.8,2.546,27.7,186.5,38.28571429,0
2020-05-10,32.42238095,26.47,1.0,0.0,201.475,3820.328639080082,232.235,3847.601377,88.16666667,27.16129032,6.153945084,2.476,0,13.8,2.546,27.4,186.5,37.0,0
2020-05-11,32.42238095,26.54,1.0,0.0,201.624,3812.495271533787,230.813,3847.601377,90.25,27.29032258,6.153945084,2.504,0,18.8,2.548,26.6,188.25,36.85714286,0
2020-05-12,32.42238095,26.5,1.0,0.0,203.153,3812.495271533787,230.239,3847.601377,88.04166667,27.41935484,6.153945084,2.494,0,6.5,2.534,27.2,188.25,36.71428571,0
2020-05-13,32.42238095,26.42,1.0,0.0,203.905,3820.328639080082,229.581,3847.601377,86.33333333,27.5483871,6.153945084,2.483,0,3.0,2.547,27.4,188.25,36.57142857,0
2020-05-14,32.42238095,26.44,1.0,0.0,203.341,3820.328639080082,227.472,3847.601377,85.75,27.67741935,6.153945084,2.476,0,4.2,2.552,27.9,187.75,36.42857143,0
2020-05-15,32.42238095,26.35,1.0,0.0,202.575,3872.3038860037173,228.882,3847.601377,90.0,27.80645161,6.153945084,2.475,0,11.9,2.574,27.2,187.9,36.28571429,0
2020-05-16,32.42238095,26.35,1.0,0.0,202.575,3827.647388880934,228.882,3847.601377,84.91666667,27.93548387,6.153945084,2.475,0,12.4,2.574,28.6,187.9,36.14285714,0
2020-05-17,32.42238095,26.35,1.0,0.0,202.575,3812.495271533787,228.882,3847.601377,84.5,28.06451613,6.153945084,2.475,0,8.8,2.574,28.8,187.9,36.0,0
2020-05-18,32.42238095,26.39,1.0,0.0,203.106,3812.495271533787,229.775,3847.601377,87.33333333,28.19354839,6.153945084,2.477,0,37.7,2.585,27.7,187.7,36.14285714,0
2020-05-19,32.42238095,26.36,1.0,0.0,204.472,3792.9176458359616,229.081,3847.601377,80.0,28.32258065,6.153945084,2.475,0,9.0,2.625,28.8,187.525,36.28571429,0
2020-05-20,32.42238095,26.21,1.0,0.0,204.66,3820.328639080082,228.039,3847.601377,79.16666667,28.4516129,6.153945084,2.466,0,5.9,2.622,28.5,187.15,36.42857143,0
2020-05-21,32.42238095,26.0,1.0,0.0,205.27,3872.3038860037173,226.062,3847.601377,87.41666667,28.58064516,6.153945084,2.442,0,11.5,2.587,27.1,186.55,36.57142857,0
2020-05-22,32.42238095,25.99,1.0,0.0,204.199,3872.3038860037173,226.359,3847.601377,87.125,28.70967742,6.153945084,2.444,0,25.2,2.584,27.1,185.7,36.71428571,0
2020-05-23,32.42238095,25.99,1.0,0.0,204.199,3820.328639080082,226.359,3847.601377,82.375,28.83870968,6.153945084,2.444,0,4.5,2.584,28.3,185.7,36.85714286,0
2020-05-24,32.42238095,25.99,1.0,0.0,204.199,3872.3038860037173,226.359,3847.601377,87.75,28.96774194,6.153945084,2.444,0,12.0,2.584,27.6,185.7,37.0,0
2020-05-25,32.42238095,26.07,1.0,0.0,202.176,3792.9176458359616,229.548,3847.601377,86.33333333,29.09677419,6.153945084,2.464,0,4.8,2.62,28.0,185.7,37.14285714,0
2020-05-26,32.42238095,25.97,1.0,0.0,202.176,3792.9176458359616,228.255,3847.601377,90.0,29.22580645,6.153945084,2.452,0,7.7,2.619,27.4,186.125,37.28571429,0
2020-05-27,32.42238095,26.06,1.0,0.0,204.228,3812.495271533787,229.583,3847.601377,90.45833333,29.35483871,6.153945084,2.462,0,11.6,2.641,26.8,186.3,37.42857143,0
2020-05-28,32.42238095,26.08,1.0,0.0,204.876,3872.3038860037173,229.944,3847.601377,89.04166667,29.48387097,6.153945084,2.462,0,19.3,2.651,26.9,186.35,37.57142857,0
2020-05-29,32.42238095,26.08,1.0,0.0,206.346,3872.3038860037173,232.482,3847.601377,87.625,29.61290323,6.153945084,2.463,0,17.3,2.69,27.0,186.25,37.71428571,0
2020-05-30,32.42238095,26.08,1.0,0.0,206.346,3812.495271533787,232.482,3847.601377,85.58333333,29.74193548,6.153945084,2.463,0,1.9,2.69,27.6,186.25,37.85714286,0
2020-05-31,32.42238095,26.08,1.0,0.0,206.346,3827.647388880934,232.482,3847.601377,85.33333333,29.87096774,6.153945084,2.463,0,2.7,2.69,27.8,186.25,38.0,0
2020-06-01,40.86045455,26.16,1.0,0.0,206.645,3827.647388880934,233.251,3847.601377,86.45833333,30.0,6.153945084,2.474,0,6.9,2.703,27.5,186.075,39.28571429,0
2020-06-02,40.86045455,26.09,1.0,0.0,207.092,3872.3038860037173,233.644,3847.601377,84.83333333,29.96666667,6.153945084,2.466,0,1.4,2.703,27.6,185.85,40.57142857,0
2020-06-03,40.86045455,26.07,1.0,0.0,207.52,3812.495271533787,233.584,3847.601377,83.625,29.93333333,6.153945084,2.456,0,1.0,2.675,27.5,185.8,41.85714286,0
2020-06-04,40.86045455,26.17,1.0,0.0,208.634,3812.495271533787,234.873,3847.601377,78.58333333,29.9,6.153945084,2.454,0,0.2,2.694,28.0,185.45,43.14285714,0
2020-06-05,40.86045455,26.16,1.0,0.0,210.169,3827.647388880934,235.503,3847.601377,82.29166667,29.86666667,6.153945084,2.454,0,7.4,2.709,27.7,185.45,44.42857143,0
2020-06-06,40.86045455,26.16,1.0,0.0,210.169,3820.328639080082,235.503,3847.601377,89.58333333,29.83333333,6.153945084,2.454,0,44.5,2.709,26.3,185.45,45.71428571,0
2020-06-07,40.86045455,26.16,1.0,0.0,210.169,3827.647388880934,235.503,3847.601377,86.83333333,29.8,6.153945084,2.454,0,26.5,2.709,26.9,185.45,47.0,0
2020-06-08,40.86045455,26.14,1.0,0.0,209.205,3827.647388880934,235.532,3847.601377,85.625,29.76666667,6.153945084,2.45,0,13.8,2.686,27.4,185.1,47.28571429,0
2020-06-09,40.86045455,26.22,1.0,0.0,208.958,3792.9176458359616,236.202,3847.601377,85.375,29.73333333,6.153945084,2.448,0,4.9,2.7,27.8,185.05,47.57142857,0
2020-06-10,40.86045455,26.2,1.0,0.0,209.735,3812.495271533787,233.399,3847.601377,83.125,29.7,6.153945084,2.436,0,7.6,2.636,27.9,185.3,47.85714286,0
2020-06-11,40.86045455,26.13,1.0,0.0,210.554,3827.647388880934,232.394,3847.601377,86.83333333,29.66666667,6.153945084,2.435,0,13.4,2.639,27.3,185.2,48.14285714,0
2020-06-12,40.86045455,26.21,1.0,0.0,209.107,3872.3038860037173,234.444,3847.601377,88.625,29.63333333,6.153945084,2.446,0,14.0,2.661,26.9,185.3,48.42857143,0
2020-06-13,40.86045455,26.21,1.0,0.0,209.107,3820.328639080082,234.444,3847.601377,84.125,29.6,6.153945084,2.446,0,4.6,2.661,27.6,185.3,48.71428571,0
2020-06-14,40.86045455,26.21,1.0,0.0,209.107,3812.495271533787,234.444,3847.601377,84.54166667,29.56666667,6.153945084,2.446,0,9.7,2.661,27.7,185.3,49.0,0
2020-06-15,40.86045455,26.24,1.0,0.0,208.424,3792.9176458359616,234.121,3847.601377,85.20833333,29.53333333,6.153945084,2.439,0,4.4,2.664,28.3,186.0,50.0,0
2020-06-16,40.86045455,26.3,1.0,0.0,210.476,3872.3038860037173,234.242,3847.601377,87.875,29.5,6.153945084,2.443,0,9.5,2.671,27.6,186.15,51.0,0
2020-06-17,40.86045455,26.3,1.0,0.0,209.473,3820.328639080082,231.882,3847.601377,87.70833333,29.46666667,6.153945084,2.441,0,7.6,2.667,27.5,186.55,52.0,0
2020-06-18,40.86045455,26.37,1.0,0.0,209.57,3872.3038860037173,230.662,3847.601377,85.58333333,29.43333333,6.153945084,2.446,0,3.0,2.683,28.0,186.625,53.0,0
2020-06-19,40.86045455,26.38,1.0,0.0,208.973,3872.3038860037173,232.622,3847.601377,85.125,29.4,6.153945084,2.46,0,4.9,2.691,27.8,186.65,54.0,0
2020-06-20,40.86045455,26.38,1.0,0.0,208.973,3792.9176458359616,232.622,3847.601377,81.625,29.36666667,6.153945084,2.46,0,2.0,2.691,28.1,186.65,55.0,0
2020-06-21,40.86045455,26.38,1.0,0.0,208.973,3872.3038860037173,232.622,3847.601377,84.04166667,29.33333333,6.153945084,2.46,0,12.1,2.691,27.6,186.65,56.0,0
2020-06-22,40.86045455,26.41,1.0,0.0,208.47,3812.495271533787,233.633,3847.601377,81.54166667,29.3,6.153945084,2.469,0,2.2,2.708,27.9,186.65,56.28571429,0
2020-06-23,40.86045455,26.35,1.0,0.0,209.962,3820.328639080082,231.81,3847.601377,84.41666667,29.26666667,6.153945084,2.465,0,0.0,2.678,27.5,186.6,56.57142857,0
2020-06-24,40.86045455,26.32,1.0,0.0,210.857,3820.328639080082,231.463,3847.601377,86.33333333,29.23333333,6.153945084,2.465,0,2.9,2.697,27.5,186.65,56.85714286,0
2020-06-25,40.86045455,26.29,1.0,0.0,209.869,3827.647388880934,229.678,3847.601377,88.16666667,29.2,6.153945084,2.461,0,19.4,2.663,26.6,186.4,57.14285714,0
2020-06-26,40.86045455,26.27,1.0,0.0,209.01,3820.328639080082,228.999,3847.601377,86.54166667,29.16666667,6.153945084,2.464,0,16.9,2.652,26.5,186.2,57.42857143,0
2020-06-27,40.86045455,26.27,1.0,0.0,209.01,3872.3038860037173,228.999,3847.601377,85.66666667,29.13333333,6.153945084,2.464,0,5.1,2.652,26.8,186.2,57.71428571,0
2020-06-28,40.86045455,26.27,1.0,0.0,209.01,3812.495271533787,228.999,3847.601377,86.33333333,29.1,6.153945084,2.464,0,3.6,2.652,27.5,186.2,58.0,0
2020-06-29,40.86045455,26.34,1.0,0.0,208.748,3872.3038860037173,230.938,3847.601377,86.54166667,29.06666667,6.153945084,2.464,0,9.6,2.613,27.2,186.2,58.14285714,0
2020-06-30,40.86045455,26.32,1.0,0.0,209.176,3872.3038860037173,232.297,3847.601377,88.70833333,29.03333333,6.153945084,2.466,0,5.2,2.63,27.0,186.225,58.28571429,0
2020-07-01,43.29565217,26.32,1.0,0.0,209.065,3827.647388880934,232.02,3847.601377,89.0,29.0,6.153945084,2.489,0,3.0,2.63,27.0,186.225,58.42857143,0
2020-07-02,43.29565217,26.29,1.0,0.0,209.419,3812.495271533787,232.034,3847.601377,86.875,29.0,6.153945084,2.489,0,8.9,2.599,27.2,186.1,58.57142857,0
2020-07-03,43.29565217,26.45,1.0,0.0,209.083,3872.3038860037173,232.164,3847.601377,84.375,29.0,6.153945084,2.489,0,13.4,2.581,27.3,185.85,58.71428571,0
2020-07-04,43.29565217,26.45,1.0,0.0,209.083,3872.3038860037173,232.164,3847.601377,85.79166667,29.0,6.153945084,2.489,0,4.8,2.581,27.3,185.85,58.85714286,0
2020-07-05,43.29565217,26.45,1.0,0.0,209.083,3812.495271533787,232.164,3847.601377,83.5,29.0,6.153945084,2.489,0,3.7,2.581,27.6,185.85,59.0,0
2020-07-06,43.29565217,26.49,1.0,0.0,208.988,3820.328639080082,233.187,3847.601377,82.20833333,29.0,6.153945084,2.484,0,6.7,2.589,27.5,185.85,56.57142857,0
2020-07-07,43.29565217,26.52,1.0,0.0,210.046,3792.9176458359616,234.363,3847.601377,85.75,29.0,6.153945084,2.478,0,13.7,2.603,27.2,185.925,54.14285714,0
2020-07-08,43.29565217,26.55,1.0,0.0,209.453,3827.647388880934,234.273,3847.601377,86.45833333,29.0,6.153945084,2.471,0,10.2,2.616,27.3,185.825,51.71428571,0
2020-07-09,43.29565217,26.52,1.0,0.0,210.436,3872.3038860037173,234.58,3847.601377,86.70833333,29.0,6.153945084,2.47,0,13.0,2.617,27.0,185.85,49.28571429,0
2020-07-10,43.29565217,26.55,1.0,0.0,209.6,3792.9176458359616,233.426,3847.601377,83.04166667,29.0,6.153945084,2.47,0,11.2,2.613,27.1,185.85,46.85714286,0
2020-07-11,43.29565217,26.55,1.0,0.0,209.6,3820.328639080082,233.426,3847.601377,87.91666667,29.0,6.153945084,2.47,0,5.7,2.613,26.4,185.85,44.42857143,0
2020-07-12,43.29565217,26.55,1.0,0.0,209.6,3827.647388880934,233.426,3847.601377,87.04166667,29.0,6.153945084,2.47,0,3.6,2.613,26.7,185.85,42.0,0
2020-07-13,43.29565217,26.51,1.0,0.0,209.86,3872.3038860037173,233.27,3847.601377,84.95833333,29.0,6.153945084,2.463,0,6.9,2.612,27.1,185.9,42.71428571,0
2020-07-14,43.29565217,26.58,1.0,0.0,210.772,3792.9176458359616,233.837,3847.601377,84.25,29.0,6.153945084,2.473,0,3.5,2.613,27.5,185.85,43.42857143,0
2020-07-15,43.29565217,26.56,1.0,0.0,211.738,3812.495271533787,233.189,3847.601377,88.5,29.0,6.153945084,2.47,0,14.1,2.588,26.7,185.85,44.14285714,0
2020-07-16,43.29565217,26.55,1.0,0.0,211.998,3872.3038860037173,233.473,3847.601377,88.75,29.0,6.153945084,2.479,0,19.6,2.579,26.5,185.8,44.85714286,0
2020-07-17,43.29565217,26.59,1.0,0.0,211.382,3792.9176458359616,235.26,3847.601377,86.08333333,29.0,6.153945084,2.485,0,1.8,2.596,27.2,185.775,45.57142857,0
2020-07-18,43.29565217,26.59,1.0,0.0,211.382,3792.9176458359616,235.26,3847.601377,87.45833333,29.0,6.153945084,2.485,0,2.3,2.596,27.1,185.775,46.28571429,0
2020-07-19,43.29565217,26.59,1.0,0.0,211.382,3812.495271533787,235.26,3847.601377,88.04166667,29.0,6.153945084,2.485,0,2.8,2.596,27.2,185.775,47.0,0
2020-07-20,43.29565217,26.61,1.0,0.0,212.181,3827.647388880934,236.542,3847.601377,88.79166667,29.0,6.153945084,2.492,0,10.7,2.623,26.1,185.8,47.71428571,0
2020-07-21,43.29565217,26.53,1.0,0.0,212.572,3792.9176458359616,236.598,3847.601377,84.66666667,29.0,6.153945084,2.489,0,1.3,2.608,26.4,185.8,48.42857143,0
2020-07-22,43.29565217,26.52,1.0,0.0,214.077,3820.328639080082,236.737,3847.601377,87.75,29.0,6.153945084,2.483,0,4.1,2.597,26.4,185.8,49.14285714,0
2020-07-23,43.29565217,26.46,1.0,0.0,214.876,3872.3038860037173,237.694,3847.601377,91.16666667,29.0,6.153945084,2.484,0,19.8,2.587,25.7,185.8,49.85714286,0
2020-07-24,43.29565217,26.54,1.0,0.0,215.359,3827.647388880934,239.293,3847.601377,87.83333333,29.0,6.153945084,2.482,0,10.2,2.59,26.0,185.8,50.57142857,0
2020-07-25,43.29565217,26.54,1.0,0.0,215.359,3820.328639080082,239.293,3847.601377,87.875,29.0,6.153945084,2.482,0,2.2,2.59,26.6,185.8,51.28571429,0
2020-07-26,43.29565217,26.54,1.0,0.0,215.359,3812.495271533787,239.293,3847.601377,85.45833333,29.0,6.153945084,2.482,0,4.6,2.59,26.6,185.8,52.0,0
2020-07-27,43.29565217,26.53,1.0,0.0,216.473,3827.647388880934,240.277,3847.601377,86.875,29.0,6.153945084,2.48,0,0.1,2.559,26.8,185.75,52.14285714,0
2020-07-28,43.29565217,26.52,1.0,0.0,218.216,3872.3038860037173,241.368,3847.601377,87.125,29.0,6.153945084,2.477,0,16.4,2.556,26.7,185.8,52.28571429,0
2020-07-29,43.29565217,26.48,1.0,0.0,217.588,3872.3038860037173,243.109,3847.601377,86.25,29.0,6.153945084,2.479,0,18.6,2.533,26.6,185.725,52.42857143,0
2020-07-30,43.29565217,26.6,1.0,0.0,218.94,3792.9176458359616,242.858,3847.601377,85.75,29.0,6.153945084,2.477,0,3.5,2.489,26.8,185.65,52.57142857,0
2020-07-31,43.29565217,26.58,1.0,0.0,219.862,3872.3038860037173,242.663,3847.601377,86.875,29.0,6.153945084,2.468,0,11.6,2.531,26.6,185.6,52.71428571,0
2020-08-01,45.08142857,26.58,1.0,0.0,219.862,2145.8892760356175,242.663,3847.601377,85.875,29.0,6.153945084,2.468,0,7.1,2.531,27.0,185.6,52.85714286,0
2020-08-02,45.08142857,26.58,1.0,0.0,219.862,2414.1254355400697,242.663,3847.601377,87.5,29.09677419,6.153945084,2.468,0,21.1,2.531,26.4,185.6,53.0,0
2020-08-03,45.08142857,26.6,1.0,0.0,218.522,2414.1254355400697,242.491,3847.601377,88.04166667,29.19354839,6.153945084,2.471,0,11.8,2.513,26.3,185.6,52.85714286,0
2020-08-04,45.08142857,26.73,1.0,0.0,218.225,2272.118056978889,243.274,3847.601377,86.08333333,29.29032258,6.153945084,2.479,0,3.3,2.537,26.9,185.525,52.71428571,0
2020-08-05,45.08142857,26.66,1.0,0.0,218.909,2414.1254355400697,243.849,3847.601377,86.25,29.38709677,6.153945084,2.475,0,4.9,2.523,27.0,185.5,52.57142857,0
2020-08-06,45.08142857,26.57,1.0,0.0,219.962,2414.1254355400697,241.807,3847.601377,89.79166667,29.48387097,6.153945084,2.468,0,30.3,2.506,26.0,185.45,52.42857143,0
2020-08-07,45.08142857,26.53,1.0,0.0,220.163,2414.1254355400697,241.496,3847.601377,89.75,29.58064516,6.153945084,2.467,0,20.0,2.513,26.3,185.25,52.28571429,0
2020-08-08,45.08142857,26.53,1.0,0.0,220.163,2414.1254355400697,241.496,3847.601377,89.5,29.67741935,6.153945084,2.467,0,24.8,2.513,26.0,185.25,52.14285714,0
2020-08-09,45.08142857,26.53,1.0,0.0,220.163,2272.118056978889,241.496,3847.601377,88.29166667,29.77419355,6.153945084,2.467,0,17.4,2.513,26.2,185.25,52.0,0
2020-08-10,45.08142857,26.46,1.0,0.0,218.277,3827.647388880934,240.167,3847.601377,87.08333333,29.87096774,6.153945084,2.465,0,7.8,2.514,26.6,184.75,52.28571429,0
2020-08-11,45.08142857,26.36,1.0,0.0,216.764,3820.328639080082,238.522,3847.601377,88.5,29.96774194,6.153945084,2.445,0,9.0,2.479,26.3,184.05,52.57142857,0
2020-08-12,45.08142857,26.32,1.0,0.0,215.939,3792.9176458359616,238.941,3847.601377,86.08333333,30.06451613,6.153945084,2.443,0,0.4,2.504,26.7,183.0,52.85714286,0
2020-08-13,45.08142857,26.4,1.0,0.0,215.493,3872.3038860037173,240.324,3847.601377,84.0,30.16129032,6.153945084,2.449,0,0.6,2.516,26.9,182.9,53.14285714,0
2020-08-14,45.08142857,26.48,1.0,0.0,215.923,3812.495271533787,240.777,3847.601377,83.45833333,30.25806452,6.153945084,2.456,0,1.1,2.488,26.9,183.65,53.42857143,0
2020-08-15,45.08142857,26.48,1.0,0.0,215.923,3872.3038860037173,240.777,3847.601377,86.08333333,30.35483871,6.153945084,2.456,0,1.0,2.488,26.8,183.65,53.71428571,0
2020-08-16,45.08142857,26.48,1.0,0.0,215.923,3820.328639080082,240.777,3847.601377,86.54166667,30.4516129,6.153945084,2.456,0,0.1,2.488,26.9,183.65,54.0,0
2020-08-17,45.08142857,26.64,1.0,0.0,217.282,3820.328639080082,244.326,3847.601377,88.0,30.5483871,6.153945084,2.473,0,2.2,2.518,26.9,183.75,53.71428571,0
2020-08-18,45.08142857,26.88,1.0,0.0,217.915,3827.647388880934,243.922,3847.601377,86.33333333,30.64516129,6.153945084,2.486,0,1.7,2.532,27.0,184.55,53.42857143,0
2020-08-19,45.08142857,26.65,1.0,0.0,219.989,3812.495271533787,243.798,3847.601377,86.54166667,30.74193548,6.153945084,2.458,0,4.0,2.493,26.9,186.2,53.14285714,0
2020-08-20,45.08142857,26.66,1.0,0.0,220.268,3792.9176458359616,241.632,3847.601377,84.95833333,30.83870968,6.153945084,2.463,0,4.1,2.463,27.1,184.5,52.85714286,0
2020-08-21,45.08142857,26.72,1.0,0.0,218.621,3812.495271533787,241.684,3847.601377,85.33333333,30.93548387,6.153945084,2.493,0,2.2,2.477,27.2,184.6,52.57142857,0
2020-08-22,45.08142857,26.72,1.0,0.0,218.621,3872.3038860037173,241.684,3847.601377,86.33333333,31.03225806,6.153945084,2.493,0,2.1,2.477,27.1,184.6,52.28571429,0
2020-08-23,45.08142857,26.72,1.0,0.0,218.621,3820.328639080082,241.684,3847.601377,86.54166667,31.12903226,6.153945084,2.493,0,2.9,2.477,27.0,184.6,52.0,0
2020-08-24,45.08142857,26.96,1.0,0.0,217.618,3827.647388880934,245.417,3847.601377,88.125,31.22580645,6.153945084,2.511,0,2.9,2.475,26.9,185.0,52.71428571,0
2020-08-25,45.08142857,27.04,1.0,0.0,217.942,3872.3038860037173,246.159,3847.601377,87.54166667,31.32258065,6.153945084,2.509,0,1.6,2.456,27.2,186.6,53.42857143,0
2020-08-26,45.08142857,26.96,1.0,0.0,220.567,3792.9176458359616,245.481,3847.601377,84.375,31.41935484,6.153945084,2.515,0,1.6,2.471,27.2,186.35,54.14285714,0
2020-08-27,45.08142857,27.13,1.0,0.0,220.256,3872.3038860037173,248.882,3847.601377,81.875,31.51612903,6.153945084,2.548,0,2.5,2.513,27.4,185.95,54.85714286,0
2020-08-28,45.08142857,27.13,1.0,0.0,219.752,3812.495271533787,248.643,3847.601377,79.75,31.61290323,6.153945084,2.536,0,1.5,2.509,27.4,186.4,55.57142857,0
2020-08-29,45.08142857,27.13,1.0,0.0,219.752,3812.495271533787,248.643,3847.601377,77.91666667,31.70967742,6.153945084,2.536,0,1.0,2.509,27.5,186.4,56.28571429,0
2020-08-30,45.08142857,27.13,1.0,0.0,219.752,3827.647388880934,248.643,3847.601377,82.58333333,31.80645161,6.153945084,2.536,0,2.1,2.509,27.3,186.4,57.0,0
2020-08-31,45.08142857,27.21,1.0,0.0,221.753,3812.495271533787,248.856,3847.601377,87.25,31.90322581,6.153945084,2.545,0,16.1,2.51,26.2,185.95,56.85714286,0
2020-09-01,41.92681818,27.08,1.0,0.0,221.771,3872.3038860037173,247.385,3847.601377,90.625,32.0,6.153945084,2.528,0,20.5,2.444,25.6,185.95,56.71428571,0
2020-09-02,41.92681818,27.05,1.0,0.0,221.288,3820.328639080082,246.206,3847.601377,92.91666667,31.7,6.153945084,2.525,0,41.3,2.458,24.9,185.3,56.57142857,0
2020-09-03,41.92681818,27.04,1.0,0.0,219.518,3820.328639080082,245.926,3847.601377,88.33333333,31.4,6.153945084,2.525,0,6.1,2.451,26.3,185.375,56.42857143,0
2020-09-04,41.92681818,27.04,1.0,0.0,219.562,3827.647388880934,243.344,3847.601377,86.70833333,31.1,6.153945084,2.515,0,2.4,2.433,26.9,185.15,56.28571429,0
2020-09-05,41.92681818,27.04,1.0,0.0,219.562,3792.9176458359616,243.344,3847.601377,89.54166667,30.8,6.153945084,2.515,0,16.4,2.433,26.0,185.15,56.14285714,0
2020-09-06,41.92681818,27.04,1.0,0.0,219.562,3812.495271533787,243.344,3847.601377,89.25,30.5,6.153945084,2.515,0,34.9,2.433,25.6,185.15,56.0,0
2020-09-07,41.92681818,26.9,1.0,0.0,219.044,3827.647388880934,239.259,3847.601377,84.58333333,30.2,6.153945084,2.498,0,1.7,2.409,26.2,184.8,55.71428571,0
2020-09-08,41.92681818,26.97,1.0,0.0,218.26,3812.495271533787,239.757,3847.601377,86.5,29.9,6.153945084,2.514,0,7.9,2.444,26.8,184.3,55.42857143,0
2020-09-09,41.92681818,27.02,1.0,0.0,216.954,3812.495271533787,236.54,3847.601377,89.625,29.6,6.153945084,2.515,0,34.9,2.452,25.6,184.4,55.14285714,0
2020-09-10,41.92681818,26.98,1.0,0.0,217.57,3872.3038860037173,236.077,3847.601377,87.29166667,29.3,6.153945084,2.511,0,6.9,2.459,26.5,184.725,54.85714286,0
2020-09-11,41.92681818,27.04,1.0,0.0,218.186,3812.495271533787,236.738,3847.601377,84.66666667,29.0,6.153945084,2.51,0,2.9,2.442,26.8,184.5,54.57142857,0
2020-09-12,41.92681818,27.04,1.0,0.0,218.186,3820.328639080082,236.738,3847.601377,87.95833333,28.7,6.153945084,2.51,0,8.6,2.442,26.3,184.5,54.28571429,0
2020-09-13,41.92681818,27.04,1.0,0.0,218.186,3820.328639080082,236.738,3847.601377,89.0,28.4,6.153945084,2.51,0,9.6,2.442,26.0,184.5,54.0,0
2020-09-14,41.92681818,27.17,1.0,0.0,218.481,3827.647388880934,237.655,3847.601377,87.04166667,28.1,6.153945084,2.503,0,11.2,2.453,26.3,184.275,53.85714286,0
2020-09-15,41.92681818,27.37,1.0,0.0,218.609,3812.495271533787,239.89,3847.601377,88.08333333,27.8,6.153945084,2.514,0,7.7,2.46,26.3,184.4,53.71428571,0
2020-09-16,41.92681818,27.33,1.0,0.0,218.303,3827.647388880934,240.043,3847.601377,88.83333333,27.5,6.153945084,2.513,0,5.7,2.458,26.5,185.0,53.57142857,0
2020-09-17,41.92681818,27.39,1.0,0.0,218.441,3827.647388880934,239.601,3847.601377,86.16666667,27.2,6.153945084,2.522,0,5.7,2.446,26.7,185.025,53.42857143,0
2020-09-18,41.92681818,27.25,1.0,0.0,219.17,3792.9176458359616,237.724,3847.601377,87.41666667,26.9,6.153945084,2.52,0,32.2,2.418,26.0,185.5,53.28571429,0
2020-09-19,41.92681818,27.25,1.0,0.0,219.17,3820.328639080082,237.724,3847.601377,84.58333333,26.6,6.153945084,2.52,0,9.2,2.418,26.8,185.5,53.14285714,0
2020-09-20,41.92681818,27.25,1.0,0.0,219.17,3872.3038860037173,237.724,3847.601377,89.54166667,26.3,6.153945084,2.52,0,10.1,2.418,26.1,185.5,53.0,0
2020-09-21,41.92681818,27.32,1.0,0.0,219.517,3872.3038860037173,236.038,3847.601377,89.25,26.0,6.153945084,2.52,0,8.8,2.429,26.0,185.49,53.28571429,0
2020-09-22,41.92681818,27.13,1.0,0.0,218.28,3872.3038860037173,235.331,3847.601377,88.54166667,25.7,6.153945084,2.511,0,17.7,2.397,25.9,185.375,53.57142857,0
2020-09-23,41.92681818,27.1,1.0,0.0,216.912,3872.3038860037173,236.085,3847.601377,86.20833333,25.4,6.153945084,2.504,0,6.9,2.394,26.5,184.95,53.85714286,0
2020-09-24,41.92681818,27.13,1.0,0.0,215.458,3872.3038860037173,236.211,3847.601377,88.29166667,25.1,6.153945084,2.513,0,8.7,2.367,26.2,185.15,54.14285714,0
2020-09-25,41.92681818,27.39,1.0,0.0,216.049,3827.647388880934,239.47,3847.601377,90.25,24.8,6.153945084,2.529,0,15.9,2.359,25.8,185.3,54.42857143,0
2020-09-26,41.92681818,27.39,1.0,0.0,216.049,3872.3038860037173,239.47,3847.601377,88.29166667,24.5,6.153945084,2.529,0,8.5,2.359,26.3,185.3,54.71428571,0
2020-09-27,41.92681818,27.39,1.0,0.0,216.049,3872.3038860037173,239.47,3847.601377,86.875,24.2,6.153945084,2.529,0,1.6,2.359,26.6,185.3,55.0,0
2020-09-28,41.92681818,27.15,1.0,0.0,215.388,3792.9176458359616,238.159,3847.601377,88.29166667,23.9,6.153945084,2.509,0,8.5,2.337,26.3,185.3,52.0,0
2020-09-29,41.92681818,27.22,1.0,0.0,217.658,3827.647388880934,239.03,3847.601377,88.83333333,23.6,6.153945084,2.513,0,21.1,2.377,25.8,185.15,49.0,0
2020-09-30,41.92681818,27.22,1.0,0.0,217.344,3792.9176458359616,238.484,3847.601377,89.125,23.3,6.153945084,2.525,0,14.2,2.384,25.8,185.0,46.0,0
2020-10-01,41.60681818,27.15,1.0,0.0,216.666,3827.647388880934,238.716,3847.601377,80.45833333,23.0,6.153945084,2.516,0,1.0,2.354,27.2,185.0,43.0,0
2020-10-02,41.60681818,27.19,1.0,0.0,217.202,3872.3038860037173,239.731,3847.601377,82.54166667,22.93548387,6.153945084,2.525,0,4.2,2.358,26.9,184.5,40.0,0
2020-10-03,41.60681818,27.19,1.0,0.0,217.202,3827.647388880934,239.731,3847.601377,82.75,22.87096774,6.153945084,2.525,0,3.1,2.358,27.0,184.5,37.0,0
2020-10-04,41.60681818,27.19,1.0,0.0,217.202,3820.328639080082,239.731,3847.601377,80.70833333,22.80645161,6.153945084,2.525,0,2.6,2.358,27.1,184.5,34.0,0
2020-10-05,41.60681818,27.17,1.0,0.0,216.006,3827.647388880934,237.747,3847.601377,83.58333333,22.74193548,6.153945084,2.513,0,0.6,2.351,26.6,184.7,33.71428571,0
2020-10-06,41.60681818,27.15,1.0,0.0,217.536,3812.495271533787,238.31,3847.601377,84.04166667,22.67741935,6.153945084,2.514,0,2.4,2.357,26.7,184.6,33.42857143,0
2020-10-07,41.60681818,27.11,1.0,0.0,216.514,3812.495271533787,238.263,3847.601377,81.83333333,22.61290323,6.153945084,2.512,0,1.7,2.375,26.9,184.45,33.14285714,0
2020-10-08,41.60681818,27.51,1.0,0.0,216.854,3820.328639080082,240.409,3847.601377,81.875,22.5483871,6.153945084,2.522,0,2.8,2.396,27.1,184.2,32.85714286,0
2020-10-09,41.60681818,27.3,1.0,0.0,216.524,3872.3038860037173,240.663,3847.601377,86.79166667,22.48387097,6.153945084,2.511,0,5.2,2.385,26.4,184.25,32.57142857,0
2020-10-10,41.60681818,27.3,1.0,0.0,216.524,3872.3038860037173,240.663,3847.601377,81.41666667,22.41935484,6.153945084,2.511,0,3.5,2.385,27.2,184.25,32.28571429,0
2020-10-11,41.60681818,27.3,1.0,0.0,216.524,3820.328639080082,240.663,3847.601377,87.45833333,22.35483871,6.153945084,2.511,0,13.6,2.385,26.4,184.25,32.0,0
2020-10-12,41.60681818,27.32,1.0,0.0,217.798,3812.495271533787,238.531,3847.601377,84.45833333,22.29032258,6.153945084,2.511,0,3.5,2.388,27.0,184.225,32.14285714,0
2020-10-13,41.60681818,27.49,1.0,0.0,217.595,3872.3038860037173,240.383,3847.601377,81.25,22.22580645,6.153945084,2.52,0,6.8,2.368,27.4,184.4,32.28571429,0
2020-10-14,41.60681818,27.42,1.0,0.0,216.501,3872.3038860037173,238.356,3847.601377,87.25,22.16129032,6.153945084,2.512,0,11.5,2.361,26.6,184.725,32.42857143,0
2020-10-15,41.60681818,27.5,1.0,0.0,216.89,3820.328639080082,238.0,3847.601377,87.83333333,22.09677419,6.153945084,2.508,0,7.6,2.369,26.5,184.55,32.57142857,0
2020-10-16,41.60681818,27.58,1.0,0.0,215.976,3812.495271533787,238.747,3847.601377,86.45833333,22.03225806,6.153945084,2.513,0,2.9,2.362,26.7,184.275,32.71428571,0
2020-10-17,41.60681818,27.58,1.0,0.0,215.976,3812.495271533787,238.747,3847.601377,82.375,21.96774194,6.153945084,2.513,0,2.8,2.362,26.7,184.275,32.85714286,0
2020-10-18,41.60681818,27.58,1.0,0.0,215.976,3792.9176458359616,238.747,3847.601377,83.29166667,21.90322581,6.153945084,2.513,0,1.3,2.362,26.9,184.275,33.0,0
2020-10-19,41.60681818,27.63,1.0,0.0,215.846,3820.328639080082,238.9,3847.601377,83.95833333,21.83870968,6.153945084,2.512,0,2.6,2.384,27.1,184.375,32.42857143,0
2020-10-20,41.60681818,27.7,1.0,0.0,216.906,3820.328639080082,242.364,3847.601377,79.91666667,21.77419355,6.153945084,2.503,0,1.9,2.395,27.2,184.55,31.85714286,0
2020-10-21,41.60681818,27.57,1.0,0.0,218.079,3827.647388880934,241.26,3847.601377,84.58333333,21.70967742,6.153945084,2.502,0,2.5,2.396,26.9,184.3,31.28571429,0
2020-10-22,41.60681818,27.55,1.0,0.0,218.484,3820.328639080082,240.429,3847.601377,86.375,21.64516129,6.153945084,2.495,0,5.5,2.414,26.8,184.4,30.71428571,0
2020-10-23,41.60681818,27.46,1.0,0.0,217.846,3872.3038860037173,240.098,3847.601377,84.625,21.58064516,6.153945084,2.491,0,1.9,2.407,27.0,184.35,30.14285714,0
2020-10-24,41.60681818,27.46,1.0,0.0,217.846,3812.495271533787,240.098,3847.601377,85.75,21.51612903,6.153945084,2.491,0,3.9,2.407,26.7,184.35,29.57142857,0
2020-10-25,41.60681818,27.46,1.0,0.0,217.846,3820.328639080082,240.098,3847.601377,88.0,21.4516129,6.153945084,2.491,0,1.7,2.407,26.6,184.35,29.0,0
2020-10-26,41.60681818,27.48,1.0,0.0,218.561,3872.3038860037173,240.475,3847.601377,88.33333333,21.38709677,6.153945084,2.503,0,3.4,2.385,26.5,184.35,28.71428571,0
2020-10-27,41.60681818,27.38,1.0,0.0,217.603,3792.9176458359616,239.402,3847.601377,85.95833333,21.32258065,6.153945084,2.484,0,1.3,2.329,26.7,184.35,28.42857143,0
2020-10-28,41.60681818,27.43,1.0,0.0,217.382,3827.647388880934,238.287,3847.601377,86.83333333,21.25806452,6.153945084,2.477,0,2.1,2.327,26.6,184.325,28.14285714,0
2020-10-29,41.60681818,27.53,1.0,0.0,216.46,3812.495271533787,238.572,3847.601377,90.08333333,21.19354839,6.153945084,2.471,0,3.4,2.321,26.3,184.325,27.85714286,0
2020-10-30,41.60681818,27.56,1.0,0.0,215.093,3812.495271533787,238.37,3847.601377,87.5,21.12903226,6.153945084,2.475,0,1.3,2.285,26.5,184.325,27.57142857,0
2020-10-31,41.60681818,27.56,1.0,0.0,215.093,3820.328639080082,238.37,3847.601377,85.25,21.06451613,6.153945084,2.475,0,0.5,2.285,26.8,184.325,27.28571429,0
2020-11-01,44.05,27.56,1.0,0.0,215.093,3820.328639080082,238.37,3847.601377,86.29166667,21.0,6.153945084,2.475,0,0.9,2.285,26.8,184.325,27.0,0
2020-11-02,44.05,27.59,1.0,0.0,214.596,3812.495271533787,240.761,3847.601377,82.91666667,21.13333333,6.153945084,2.469,0,0.0,2.323,27.1,184.525,27.42857143,0
2020-11-03,44.05,27.68,1.0,0.0,214.681,3827.647388880934,239.49,3847.601377,82.66666667,21.26666667,6.153945084,2.478,0,0.6,2.372,27.2,184.35,27.85714286,0
2020-11-04,44.05,27.9,1.0,0.0,215.834,3872.3038860037173,242.502,3847.601377,85.33333333,21.4,6.153945084,2.495,0,0.3,2.397,26.6,184.4,28.28571429,0
2020-11-05,44.05,27.88,1.0,0.0,216.055,3820.328639080082,242.723,3847.601377,86.5,21.53333333,6.153945084,2.493,0,10.9,2.376,26.1,184.475,28.71428571,0
2020-11-06,44.05,27.82,1.0,0.0,218.149,3792.9176458359616,242.867,3847.601377,87.91666667,21.66666667,6.153945084,2.491,0,21.1,2.413,26.1,184.475,29.14285714,0
2020-11-07,44.05,27.82,1.0,0.0,218.149,3827.647388880934,242.867,3847.601377,87.70833333,21.8,6.153945084,2.491,0,1.0,2.413,26.4,184.475,29.57142857,0
2020-11-08,44.05,27.82,1.0,0.0,218.149,3872.3038860037173,242.867,3847.601377,90.20833333,21.93333333,6.153945084,2.491,0,9.3,2.413,25.9,184.475,30.0,0
2020-11-09,44.05,27.88,1.0,0.0,218.979,3827.647388880934,244.902,3847.601377,88.20833333,22.06666667,6.153945084,2.483,0,8.7,2.407,25.9,184.5,30.14285714,0
2020-11-10,44.05,27.83,1.0,0.0,217.854,3820.328639080082,244.064,3847.601377,89.375,22.2,6.153945084,2.478,0,11.7,2.393,25.6,184.525,30.28571429,0
2020-11-11,44.05,27.9,1.0,0.0,217.968,3827.647388880934,242.122,3847.601377,89.33333333,22.33333333,6.153945084,2.471,0,24.1,2.38,25.8,184.575,30.42857143,0
2020-11-12,44.05,27.93,1.0,0.0,217.345,3872.3038860037173,243.517,3847.601377,90.75,22.46666667,6.153945084,2.475,0,28.0,2.379,25.8,184.6,30.57142857,0
2020-11-13,44.05,28.07,1.0,0.0,217.843,3792.9176458359616,244.249,3847.601377,89.125,22.6,6.153945084,2.486,0,27.1,2.423,26.2,184.65,30.71428571,0
2020-11-14,44.05,28.07,1.0,0.0,217.843,3827.647388880934,244.249,3847.601377,90.08333333,22.73333333,6.153945084,2.486,0,9.6,2.423,26.1,184.65,30.85714286,0
2020-11-15,44.05,28.07,1.0,0.0,217.843,3872.3038860037173,244.249,3847.601377,89.75,22.86666667,6.153945084,2.486,0,11.8,2.423,26.3,184.65,31.0,0
2020-11-16,44.05,28.23,1.0,0.0,218.419,3827.647388880934,245.298,3847.601377,90.41666667,23.0,6.153945084,2.485,0,14.8,2.425,25.9,185.1,31.57142857,0
2020-11-17,44.05,28.14,1.0,0.0,219.162,3812.495271533787,245.101,3847.601377,91.95833333,23.13333333,6.153945084,2.491,0,16.1,2.428,25.5,185.2,32.14285714,0
2020-11-18,44.05,28.07,1.0,0.0,219.547,3792.9176458359616,245.39,3847.601377,86.29166667,23.26666667,6.153945084,2.495,0,6.1,2.419,26.3,184.675,32.71428571,0
2020-11-19,44.05,28.18,1.0,0.0,218.847,3827.647388880934,245.954,3847.601377,88.41666667,23.4,6.153945084,2.496,0,3.1,2.425,26.0,185.025,33.28571429,0
2020-11-20,44.05,28.12,1.0,0.0,219.532,3812.495271533787,246.894,3847.601377,87.08333333,23.53333333,6.153945084,2.494,0,116.8,2.431,26.0,185.15,33.85714286,0
2020-11-21,44.05,28.12,1.0,0.0,219.532,3872.3038860037173,246.894,3847.601377,85.45833333,23.66666667,6.153945084,2.494,0,28.4,2.431,26.4,185.15,34.42857143,0
2020-11-22,44.05,28.12,1.0,0.0,219.532,3812.495271533787,246.894,3847.601377,83.16666667,23.8,6.153945084,2.494,0,5.4,2.431,25.9,185.15,35.0,0
2020-11-23,44.05,28.12,1.0,0.0,219.281,3827.647388880934,247.999,3847.601377,81.125,23.93333333,6.153945084,2.503,0,4.0,2.455,25.4,185.3,35.14285714,0
2020-11-24,44.05,28.19,1.0,0.0,219.277,3872.3038860037173,248.608,3847.601377,89.45833333,24.06666667,6.153945084,2.515,0,5.0,2.451,25.7,185.6,35.28571429,0
2020-11-25,44.05,28.11,1.0,0.0,220.441,3792.9176458359616,247.266,3847.601377,87.95833333,24.2,6.153945084,2.504,0,5.6,2.44,26.1,185.75,35.42857143,0
2020-11-26,44.05,28.14,1.0,0.0,221.105,2471.2382058514463,246.746,3847.601377,84.625,24.33333333,6.153945084,2.504,0,0.8,2.425,26.5,185.1,35.57142857,0
2020-11-27,44.05,28.18,1.0,0.0,220.253,2541.3443765351003,247.541,3847.601377,86.29166667,24.46666667,6.153945084,2.506,0,0.1,2.421,26.2,185.3,35.71428571,0
2020-11-28,44.05,28.18,1.0,0.0,220.253,2471.2382058514463,247.541,3847.601377,85.25,24.6,6.153945084,2.506,0,0.4,2.421,26.1,185.3,35.85714286,0
2020-11-29,44.05,28.18,1.0,0.0,220.253,2603.4844838850177,247.541,3847.601377,83.54166667,24.73333333,6.153945084,2.506,0,1.9,2.421,26.7,185.3,36.0,0
2020-11-30,44.05,28.28,1.0,0.0,221.476,2245.079475692716,249.614,3847.601377,79.29166667,24.86666667,6.153945084,2.529,0,0.0,2.442,27.1,185.8,36.28571429,0
2020-12-01,50.37695652,28.26,1.0,0.0,221.264,2541.3443765351003,248.255,3847.601377,79.16666667,25.0,6.153945084,2.514,0,0.4,2.467,26.7,186.05,36.57142857,0
2020-12-02,50.37695652,28.39,1.0,0.0,224.381,2471.2382058514463,250.087,3847.601377,89.29166667,25.19354839,6.153945084,2.515,0,29.9,2.492,25.0,185.75,36.85714286,0
2020-12-03,50.37695652,28.39,1.0,0.0,224.696,2471.2382058514463,249.504,3847.601377,82.54166667,25.38709677,6.153945084,2.514,0,4.1,2.499,26.8,186.0,37.14285714,0
2020-12-04,50.37695652,28.53,1.0,0.0,225.598,2451.813677434595,249.376,3847.601377,84.91666667,25.58064516,6.153945084,2.522,0,4.1,2.525,26.6,185.65,37.42857143,0
2020-12-05,50.37695652,28.53,1.0,0.0,225.598,2541.3443765351003,249.376,3847.601377,88.5,25.77419355,6.153945084,2.522,0,9.4,2.525,26.0,185.65,37.71428571,0
2020-12-06,50.37695652,28.53,1.0,0.0,225.598,2603.4844838850177,249.376,3847.601377,86.58333333,25.96774194,6.153945084,2.522,0,0.6,2.525,25.8,185.65,38.0,0
2020-12-07,50.37695652,28.47,1.0,0.0,224.826,2541.3443765351003,248.804,3847.601377,83.75,26.16129032,6.153945084,2.524,0,0.1,2.53,26.2,186.4,38.14285714,0
2020-12-08,50.37695652,28.35,1.0,0.0,225.553,2603.4844838850177,248.935,3847.601377,87.04166667,26.35483871,6.153945084,2.517,0,2.6,2.516,26.0,186.3,38.28571429,0
2020-12-09,50.37695652,28.38,1.0,0.0,225.2,2603.4844838850177,247.079,3847.601377,88.04166667,26.5483871,6.153945084,2.519,0,4.0,2.542,26.1,185.8,38.42857143,0
2020-12-10,50.37695652,28.47,1.0,0.0,224.205,2451.813677434595,246.845,3847.601377,87.20833333,26.74193548,6.153945084,2.528,0,2.3,2.543,26.2,185.85,38.57142857,0
2020-12-11,50.37695652,28.52,1.0,0.0,225.487,2603.4844838850177,249.359,3847.601377,82.04166667,26.93548387,6.153945084,2.538,0,0.0,2.525,26.1,186.65,38.71428571,0
2020-12-12,50.37695652,28.52,1.0,0.0,225.487,2451.813677434595,249.359,3847.601377,81.125,27.12903226,6.153945084,2.538,0,0.3,2.525,25.9,186.65,38.85714286,0
2020-12-13,50.37695652,28.52,1.0,0.0,225.487,2451.813677434595,249.359,3847.601377,79.16666667,27.32258065,6.153945084,2.538,0,0.0,2.525,25.7,186.65,39.0,0
2020-12-14,50.37695652,28.55,1.0,0.0,225.749,2541.3443765351003,251.682,3847.601377,76.79166667,27.51612903,6.153945084,2.538,0,0.0,2.542,25.6,187.15,39.14285714,0
2020-12-15,50.37695652,28.61,1.0,0.0,226.953,2451.813677434595,252.57,3847.601377,78.91666667,27.70967742,6.153945084,2.538,0,0.0,2.545,25.1,186.95,39.28571429,0
2020-12-16,50.37695652,28.59,1.0,0.0,226.859,2603.4844838850177,254.157,3847.601377,84.54166667,27.90322581,6.153945084,2.541,0,2.5,2.558,25.6,186.95,39.42857143,0
2020-12-17,50.37695652,28.67,1.0,0.0,227.962,3820.328639080082,253.876,3847.601377,86.33333333,28.09677419,6.153945084,2.548,0,1.6,2.544,25.5,187.1,39.57142857,0
2020-12-18,50.37695652,28.63,1.0,0.0,229.129,3872.3038860037173,253.122,3847.601377,88.29166667,28.29032258,6.153945084,2.534,0,8.7,2.508,25.4,187.75,39.71428571,0
2020-12-19,50.37695652,28.63,1.0,0.0,229.129,3827.647388880934,253.122,3847.601377,87.33333333,28.48387097,6.153945084,2.534,0,2.3,2.508,25.8,187.75,39.85714286,0
2020-12-20,50.37695652,28.63,1.0,0.0,229.129,3827.647388880934,253.122,3847.601377,85.66666667,28.67741935,6.153945084,2.534,0,8.9,2.508,25.5,187.75,40.0,0
2020-12-21,50.37695652,28.88,1.0,0.0,229.781,3792.9176458359616,252.876,3847.601377,88.625,28.87096774,6.153945084,2.559,0,8.4,2.486,24.6,187.95,42.71428571,0
2020-12-22,50.37695652,29.05,1.0,0.0,229.641,3812.495271533787,256.724,3847.601377,92.375,29.06451613,6.153945084,2.575,0,8.3,2.529,24.4,189.25,45.42857143,0
2020-12-23,50.37695652,29.03,1.0,0.0,229.843,3827.647388880934,257.13,3847.601377,89.125,29.25806452,6.153945084,2.577,0,5.1,2.555,25.2,190.25,48.14285714,0
2020-12-24,50.37695652,28.98,1.0,0.0,231.515,3820.328639080082,257.111,3847.601377,87.58333333,29.4516129,6.153945084,2.58,0,1.5,2.558,25.4,189.75,50.85714286,0
2020-12-25,50.37695652,28.67,1.0,0.0,231.028,3812.495271533787,252.879,3847.601377,81.29166667,29.64516129,6.153945084,2.549,0,0.0,2.531,26.0,189.75,53.57142857,0
2020-12-26,50.37695652,28.67,1.0,0.0,231.028,3820.328639080082,252.879,3847.601377,79.79166667,29.83870968,6.153945084,2.549,0,1.2,2.531,25.6,189.75,56.28571429,0
2020-12-27,50.37695652,28.67,1.0,0.0,231.028,3827.647388880934,252.879,3847.601377,85.83333333,30.03225806,6.153945084,2.549,0,2.3,2.531,25.0,189.75,59.0,0
2020-12-28,50.37695652,28.71,1.0,0.0,231.388,3792.9176458359616,253.829,3847.601377,88.83333333,30.22580645,6.153945084,2.554,0,25.9,2.529,25.3,188.0,58.14285714,0
2020-12-29,50.37695652,28.35,1.0,0.0,229.031,3872.3038860037173,252.735,3847.601377,88.75,30.41935484,6.153945084,2.529,0,4.6,2.481,25.3,188.0,57.28571429,0
2020-12-30,50.37695652,28.34,1.0,0.0,229.631,3872.3038860037173,253.339,3847.601377,89.08333333,30.61290323,6.153945084,2.532,0,0.4,2.491,25.7,185.5,56.42857143,0
2020-12-31,50.37695652,28.49,1.0,0.0,227.458,3812.495271533787,255.002,3847.601377,91.70833333,30.80645161,6.153945084,2.543,0,12.0,2.51,25.2,185.25,55.57142857,0
2021-01-01,55.2247619,28.78,1.0,0.0,225.941,3792.9176458359616,253.787,3996.9624,89.125,31.0,7.014780712,2.545,0,4.7,2.509,25.0,186.5,54.71428571,49
2021-01-02,55.2247619,28.78,1.0,0.0,225.941,3820.328639080082,253.787,3996.9624,81.83333333,31.0,7.014780712,2.545,0,1.5,2.509,25.9,186.5,53.85714286,54
2021-01-03,55.2247619,28.78,1.0,0.0,225.941,3812.495271533787,253.787,3996.9624,88.45833333,31.0,7.014780712,2.545,0,4.3,2.509,25.6,186.5,53.0,52
2021-01-04,55.2247619,29.04,1.0,0.0,225.748,3792.9176458359616,256.823,3996.9624,90.33333333,31.0,7.014780712,2.564,0,1.6,2.536,25.3,187.0,53.57142857,51
2021-01-05,55.2247619,29.01,1.0,0.0,227.813,3827.647388880934,256.529,3996.9624,91.0,31.0,7.014780712,2.563,0,6.4,2.55,25.3,188.5,54.14285714,54
2021-01-06,55.2247619,28.87,1.0,0.0,230.55,3827.647388880934,255.032,3996.9624,90.625,31.0,7.014780712,2.546,0,7.4,2.516,25.3,188.5,54.71428571,60
2021-01-07,55.2247619,28.88,1.0,0.0,231.094,3812.495271533787,255.022,3996.9624,87.16666667,31.0,7.014780712,2.549,0,0.5,2.538,26.0,188.0,55.28571429,62
2021-01-08,55.2247619,29.0,1.0,0.0,229.449,3827.647388880934,255.481,3996.9624,90.54166667,31.0,7.014780712,2.558,0,35.1,2.528,25.2,188.0,55.85714286,62
2021-01-09,55.2247619,29.0,1.0,0.0,229.449,3827.647388880934,255.481,3996.9624,91.04166667,31.0,7.014780712,2.558,0,7.5,2.528,25.5,188.0,56.42857143,62
2021-01-10,55.2247619,29.0,1.0,0.0,229.449,3792.9176458359616,255.481,3996.9624,90.04166667,31.0,7.014780712,2.558,0,10.1,2.528,25.1,188.0,57.0,64
2021-01-11,55.2247619,29.23,1.0,0.0,228.477,3872.3038860037173,259.673,3996.9624,91.5,31.0,7.014780712,2.581,0,18.6,2.569,24.8,189.0,57.14285714,61
2021-01-12,55.2247619,29.61,1.0,0.0,228.401,3792.9176458359616,262.551,3996.9624,89.83333333,31.0,7.014780712,2.617,0,10.2,2.59,25.2,190.0,57.28571429,59
2021-01-13,55.2247619,29.57,1.0,0.0,230.675,3827.647388880934,263.514,3996.9624,91.83333333,31.0,7.014780712,2.62,0,108.5,2.626,25.0,192.5,57.42857143,57
2021-01-14,55.2247619,29.7,1.0,0.0,232.807,3515.727906240101,262.249,3996.9624,89.58333333,31.0,7.014780712,2.632,0,20.4,2.612,25.3,192.5,57.57142857,68
2021-01-15,55.2247619,29.56,1.0,0.0,232.787,3515.727906240101,261.54,3996.9624,92.16666667,31.0,7.014780712,2.623,0,7.5,2.592,24.7,193.0,57.71428571,51
2021-01-16,55.2247619,29.56,1.0,0.0,232.787,3228.750580720093,261.54,3996.9624,91.33333333,31.0,7.014780712,2.623,0,3.2,2.592,25.0,193.0,57.85714286,47
2021-01-17,55.2247619,29.56,1.0,0.0,232.787,3872.3038860037173,261.54,3996.9624,89.45833333,31.0,7.014780712,2.623,0,0.2,2.592,25.3,193.0,58.0,52
2021-01-18,55.2247619,29.63,1.0,0.0,232.502,3812.495271533787,262.709,3996.9624,85.66666667,31.0,7.014780712,2.623,0,2.9,2.595,25.1,192.5,58.0,52
2021-01-19,55.2247619,30.15,1.0,0.0,231.859,3827.647388880934,266.956,3996.9624,81.29166667,31.0,7.014780712,2.674,0,0.0,2.651,25.2,192.75,58.0,53
2021-01-20,55.2247619,30.24,1.0,0.0,232.819,3872.3038860037173,269.177,3996.9624,82.79166667,31.0,7.014780712,2.679,0,0.0,2.626,25.8,195.5,58.0,51
2021-01-21,55.2247619,30.39,1.0,0.0,236.028,3812.495271533787,270.641,3996.9624,90.16666667,31.0,7.014780712,2.699,0,1.8,2.611,25.7,196.0,58.0,45
2021-01-22,55.2247619,30.4,0.9972527472527473,0.0,237.767,3872.3038860037173,270.092,3996.9624,88.625,31.0,7.014780712,2.699,0,0.9,2.612,25.8,197.75,58.0,45
2021-01-23,55.2247619,30.4,0.9945054945054945,0.0,237.767,3820.328639080082,270.092,3996.9624,85.41666667,31.0,7.014780712,2.699,0,0.1,2.612,26.0,197.75,58.0,45
2021-01-24,55.2247619,30.4,0.9917582417582418,0.0,237.767,3812.495271533787,270.092,3996.9624,79.08333333,31.0,7.014780712,2.699,0,0.0,2.612,25.6,197.75,58.0,50
2021-01-25,55.2247619,30.15,0.989010989010989,0.0,239.69,3792.9176458359616,268.598,3996.9624,77.83333333,31.0,7.014780712,2.674,0,1.4,2.594,25.7,197.5,58.71428571,49
2021-01-26,55.2247619,29.65,0.9862637362637363,0.0,239.099,3820.328639080082,263.456,3996.9624,68.04166667,31.0,7.014780712,2.631,0,0.0,2.531,25.1,195.5,59.42857143,61
2021-01-27,55.2247619,29.81,0.9835164835164835,0.0,237.081,3827.647388880934,264.13,3996.9624,68.66666667,31.0,7.014780712,2.635,0,0.0,2.521,25.5,192.5,60.14285714,60
2021-01-28,55.2247619,29.62,0.9807692307692307,0.0,232.815,3792.9176458359616,261.347,3996.9624,70.04166667,31.0,7.014780712,2.612,0,0.4,2.51,26.1,192.5,60.85714286,68
2021-01-29,55.2247619,29.91,0.978021978021978,0.0,233.026,3827.647388880934,265.062,3996.9624,79.41666667,31.0,7.014780712,2.646,0,1.6,2.54,25.8,190.75,61.57142857,48
2021-01-30,55.2247619,29.91,0.9752747252747253,0.0,233.026,3827.647388880934,265.062,3996.9624,88.79166667,31.0,7.014780712,2.646,0,6.4,2.54,25.4,190.75,62.28571429,44
2021-01-31,55.2247619,29.91,0.9725274725274725,0.0,233.026,3820.328639080082,265.062,3996.9624,89.125,31.0,7.014780712,2.646,0,17.3,2.54,25.4,190.75,63.0,46
2021-02-01,62.3625,29.96,0.9697802197802198,0.0,231.191,3812.495271533787,265.14,3996.9624,83.75,31.0,7.014780712,2.653,0,4.3,2.537,25.9,194.0,62.57142857,107
2021-02-02,62.3625,29.87,0.967032967032967,0.0,233.342,3827.647388880934,264.05,3996.9624,83.20833333,31.07142857,7.014780712,2.65,0,2.6,2.538,26.2,194.0,62.14285714,112
2021-02-03,62.3625,29.82,0.9642857142857143,0.0,232.993,3872.3038860037173,264.554,3996.9624,74.70833333,31.14285714,7.014780712,2.645,0,0.3,2.552,26.5,193.5,61.71428571,130
2021-02-04,62.3625,29.84,0.9615384615384616,0.0,232.237,3827.647388880934,265.773,3996.9624,68.875,31.21428571,7.014780712,2.65,0,0.0,2.582,26.5,193.5,61.28571429,178
2021-02-05,62.3625,30.14,0.9587912087912088,0.0,230.867,3812.495271533787,267.93,3996.9624,70.66666667,31.28571429,7.014780712,2.667,0,0.0,2.611,26.1,193.5,60.85714286,139
2021-02-06,62.3625,30.14,0.9560439560439561,0.0,230.867,3872.3038860037173,267.93,3996.9624,76.33333333,31.35714286,7.014780712,2.667,0,1.1,2.611,26.2,193.5,60.42857143,137
2021-02-07,62.3625,30.14,0.9532967032967032,0.0,230.867,3820.328639080082,267.93,3996.9624,82.33333333,31.42857143,7.014780712,2.667,0,4.4,2.611,26.2,193.5,60.0,129
2021-02-08,62.3625,30.3,0.9505494505494505,0.0,232.411,3820.328639080082,270.448,3996.9624,74.16666667,31.5,7.014780712,2.676,0,0.3,2.634,26.7,195.0,60.14285714,144
2021-02-09,62.3625,30.42,0.9478021978021978,0.0,234.334,3792.9176458359616,272.501,3996.9624,67.5,31.57142857,7.014780712,2.699,0,0.0,2.656,26.6,195.75,60.28571429,165
2021-02-10,62.3625,29.94,0.945054945054945,0.0,236.282,3827.647388880934,268.03,3996.9624,62.66666667,31.64285714,7.014780712,2.661,0,0.0,2.622,26.0,197.0,60.42857143,191
2021-02-11,62.3625,29.94,0.9423076923076923,0.0,238.079,3872.3038860037173,268.9,3996.9624,68.66666667,31.71428571,7.014780712,2.665,0,0.0,2.622,25.1,194.0,60.57142857,182
2021-02-12,62.3625,30.02,0.9395604395604396,0.0,234.677,3872.3038860037173,270.453,3996.9624,74.20833333,31.78571429,7.014780712,2.671,0,0.0,2.643,25.5,194.25,60.71428571,149
2021-02-13,62.3625,30.02,0.9368131868131868,0.0,234.677,3792.9176458359616,270.453,3996.9624,78.95833333,31.85714286,7.014780712,2.671,0,0.0,2.643,26.0,194.25,60.85714286,130
2021-02-14,62.3625,30.02,0.9340659340659341,0.0,234.677,3827.647388880934,270.453,3996.9624,80.0,31.92857143,7.014780712,2.671,0,0.1,2.643,26.4,194.25,61.0,123
2021-02-15,62.3625,30.18,0.9313186813186813,0.0,234.483,3812.495271533787,271.784,3996.9624,78.08333333,32.0,7.014780712,2.676,0,0.0,2.648,26.6,194.5,62.28571429,118
2021-02-16,62.3625,30.25,0.9285714285714286,0.0,235.283,3792.9176458359616,271.826,3996.9624,82.70833333,32.07142857,7.014780712,2.683,0,0.0,2.647,25.9,195.5,63.57142857,111
2021-02-17,62.3625,30.24,0.9258241758241759,0.0,236.048,3820.328639080082,274.968,3996.9624,81.16666667,32.14285714,7.014780712,2.704,0,0.0,2.656,26.3,196.25,64.85714286,109
2021-02-18,62.3625,30.19,0.9230769230769231,0.0,235.323,3827.647388880934,274.013,3996.9624,80.91666667,32.21428571,7.014780712,2.687,0,0.7,2.628,26.5,196.75,66.14285714,104
2021-02-19,62.3625,29.84,0.9203296703296704,0.0,237.227,3792.9176458359616,272.139,3996.9624,80.41666667,32.28571429,7.014780712,2.664,0,1.2,2.592,26.4,195.5,67.42857143,101
2021-02-20,62.3625,29.84,0.9175824175824175,0.0,237.227,3827.647388880934,272.139,3996.9624,82.54166667,32.35714286,7.014780712,2.664,0,0.7,2.592,26.7,195.5,68.71428571,96
2021-02-21,62.3625,29.84,0.9148351648351648,0.0,237.227,3827.647388880934,272.139,3996.9624,82.58333333,32.42857143,7.014780712,2.664,0,1.7,2.592,26.5,195.5,70.0,94
2021-02-22,62.3625,29.83,0.9120879120879121,0.0,236.282,3792.9176458359616,273.068,3996.9624,79.41666667,32.5,7.014780712,2.666,0,1.8,2.604,27.0,193.5,69.71428571,89
2021-02-23,62.3625,29.97,0.9093406593406593,0.0,234.572,3812.495271533787,274.336,3996.9624,79.5,32.57142857,7.014780712,2.673,0,0.3,2.63,27.4,193.5,69.42857143,83
2021-02-24,62.3625,30.05,0.9065934065934066,0.0,234.476,3820.328639080082,272.592,3996.9624,79.04166667,32.64285714,7.014780712,2.667,0,1.1,2.593,27.0,194.0,69.14285714,86
2021-02-25,62.3625,29.95,0.9038461538461539,0.0,235.315,3872.3038860037173,271.017,3996.9624,82.83333333,32.71428571,7.014780712,2.623,0,0.1,2.601,26.5,194.5,68.85714286,81
2021-02-26,62.3625,30.0,0.9010989010989011,0.0,236.214,3872.3038860037173,270.803,3996.9624,82.16666667,32.78571429,7.014780712,2.643,0,0.4,2.603,26.4,194.5,68.57142857,104
2021-02-27,62.3625,30.0,0.8983516483516484,0.0,236.214,3872.3038860037173,270.803,3996.9624,79.5,32.85714286,7.014780712,2.643,0,0.4,2.603,26.4,194.5,68.28571429,87
2021-02-28,62.3625,30.0,0.8956043956043956,0.0,236.214,3872.3038860037173,270.803,3996.9624,80.79166667,32.92857143,7.014780712,2.643,0,1.5,2.603,26.6,194.5,68.0,87
2021-03-01,65.79608696,30.13,0.8928571428571429,0.0,234.236,3872.3038860037173,272.821,3996.9624,83.83333333,33.0,7.014780712,2.661,0,1.8,2.639,26.7,194.5,69.28571429,155
2021-03-02,65.79608696,30.15,0.8901098901098901,0.0,233.712,3827.647388880934,272.821,3996.9624,77.375,32.90322581,7.014780712,2.673,0,0.2,2.632,26.4,195.5,70.57142857,176
2021-03-03,65.79608696,30.14,0.8873626373626373,0.0,235.736,3792.9176458359616,272.024,3996.9624,78.91666667,32.80645161,7.014780712,2.681,0,1.4,2.609,25.7,195.5,71.85714286,190
2021-03-04,65.79608696,30.09,0.8846153846153846,0.0,235.209,3872.3038860037173,271.323,3996.9624,77.875,32.70967742,7.014780712,2.671,0,0.2,2.621,26.7,195.75,73.14285714,186
2021-03-05,65.79608696,29.95,0.8818681318681318,0.0,233.337,3812.495271533787,271.336,3996.9624,75.04166667,32.61290323,7.014780712,2.665,0,0.4,2.622,27.3,196.0,74.42857143,186
2021-03-06,65.79608696,29.95,0.8791208791208791,0.0,233.337,3872.3038860037173,271.336,3996.9624,78.58333333,32.51612903,7.014780712,2.665,0,1.2,2.622,27.4,196.0,75.71428571,187
2021-03-07,65.79608696,29.95,0.8763736263736264,0.0,233.337,3820.328639080082,271.336,3996.9624,83.04166667,32.41935484,7.014780712,2.665,0,5.8,2.622,26.7,196.0,77.0,186
2021-03-08,65.79608696,30.12,0.8736263736263736,0.0,232.977,3812.495271533787,273.201,3996.9624,87.58333333,32.32258065,7.014780712,2.693,0,17.0,2.642,26.1,196.25,76.71428571,176
2021-03-09,65.79608696,30.12,0.8708791208791209,0.0,231.531,3820.328639080082,273.744,3996.9624,83.16666667,32.22580645,7.014780712,2.695,0,1.1,2.652,26.4,196.625,76.42857143,185
2021-03-10,65.79608696,30.18,0.8681318681318682,0.0,233.201,3820.328639080082,274.943,3996.9624,84.08333333,32.12903226,7.014780712,2.696,0,15.4,2.669,25.9,196.5,76.14285714,189
2021-03-11,65.79608696,30.11,0.8653846153846154,0.0,233.73,3812.495271533787,273.617,3996.9624,85.83333333,32.03225806,7.014780712,2.696,0,5.5,2.664,25.9,196.5,75.85714286,226
2021-03-12,65.79608696,30.38,0.8626373626373627,0.0,234.886,3820.328639080082,275.469,3996.9624,84.16666667,31.93548387,7.014780712,2.723,0,3.3,2.707,26.5,196.5,75.57142857,169
2021-03-13,65.79608696,30.38,0.8598901098901099,0.0,234.886,3820.328639080082,275.469,3996.9624,83.08333333,31.83870968,7.014780712,2.723,0,2.4,2.707,27.0,196.5,75.28571429,163
2021-03-14,65.79608696,30.38,0.8571428571428572,0.0,234.886,3792.9176458359616,275.469,3996.9624,83.29166667,31.74193548,7.014780712,2.723,0,1.8,2.707,26.6,196.5,75.0,159
2021-03-15,65.79608696,30.43,0.8543956043956044,0.0,234.259,3820.328639080082,276.104,3996.9624,81.91666667,31.64516129,7.014780712,2.73,0,0.0,2.714,26.9,198.25,74.28571429,150
2021-03-16,65.79608696,30.67,0.8516483516483516,0.0,235.578,3820.328639080082,279.999,3996.9624,82.91666667,31.5483871,7.014780712,2.749,0,5.7,2.704,26.8,198.75,73.57142857,148
2021-03-17,65.79608696,30.27,0.8489010989010989,0.0,235.62,3872.3038860037173,274.97,3996.9624,84.70833333,31.4516129,7.014780712,2.709,0,4.5,2.647,26.6,200.5,72.85714286,143
2021-03-18,65.79608696,30.26,0.8461538461538461,0.0,238.961,3872.3038860037173,273.972,3996.9624,80.75,31.35483871,7.014780712,2.72,0,0.7,2.646,26.5,197.5,72.14285714,150
2021-03-19,65.79608696,30.34,0.8434065934065934,0.0,234.726,3812.495271533787,274.854,3996.9624,84.95833333,31.25806452,7.014780712,2.728,0,8.6,2.637,26.4,197.5,71.42857143,126
2021-03-20,65.79608696,30.34,0.8406593406593407,0.0,234.726,3872.3038860037173,274.854,3996.9624,84.45833333,31.16129032,7.014780712,2.728,0,0.8,2.637,26.8,197.5,70.71428571,124
2021-03-21,65.79608696,30.34,0.8379120879120879,0.0,234.726,3792.9176458359616,274.854,3996.9624,85.04166667,31.06451613,7.014780712,2.728,0,11.5,2.637,26.2,197.5,70.0,120
2021-03-22,65.79608696,30.38,0.8351648351648352,0.0,234.489,3827.647388880934,272.977,3996.9624,86.91666667,30.96774194,7.014780712,2.729,0,3.8,2.589,26.2,198.25,70.85714286,115
2021-03-23,65.79608696,30.42,0.8324175824175825,0.0,235.677,3827.647388880934,272.381,3996.9624,86.79166667,30.87096774,7.014780712,2.734,0,3.1,2.589,26.3,198.5,71.71428571,113
2021-03-24,65.79608696,30.24,0.8296703296703296,0.0,234.59,3820.328639080082,272.62,3996.9624,87.41666667,30.77419355,7.014780712,2.725,0,4.4,2.589,26.0,199.0,72.57142857,108
2021-03-25,65.79608696,30.34,0.8269230769230769,0.0,234.468,3812.495271533787,274.362,3996.9624,86.75,30.67741935,7.014780712,2.733,0,1.5,2.617,26.1,198.5,73.42857143,103
2021-03-26,65.79608696,30.21,0.8241758241758241,0.0,232.927,3827.647388880934,273.874,3996.9624,84.41666667,30.58064516,7.014780712,2.728,0,7.1,2.622,26.5,199.0,74.28571429,100
2021-03-27,65.79608696,30.21,0.8214285714285714,0.0,232.927,3872.3038860037173,273.874,3996.9624,87.0,30.48387097,7.014780712,2.728,0,35.0,2.622,26.3,199.0,75.14285714,100
2021-03-28,65.79608696,30.21,0.8186813186813187,0.0,232.927,3812.495271533787,273.874,3996.9624,88.58333333,30.38709677,7.014780712,2.728,0,53.7,2.622,25.5,199.0,76.0,129
2021-03-29,65.79608696,30.2,0.8159340659340659,0.0,234.071,3872.3038860037173,273.446,3996.9624,85.66666667,30.29032258,7.014780712,2.703,0,2.8,2.613,25.8,199.0,77.85714286,108
2021-03-30,65.79608696,30.29,0.8131868131868132,0.0,233.476,3792.9176458359616,274.272,3996.9624,84.45833333,30.19354839,7.014780712,2.713,0,0.0,2.622,26.7,199.0,79.71428571,106
2021-03-31,65.79608696,30.31,0.8104395604395604,0.0,232.523,3792.9176458359616,275.969,3996.9624,85.45833333,30.09677419,7.014780712,2.713,0,2.5,2.608,27.5,199.0,81.57142857,105
2021-04-01,65.53181818,30.29,0.8076923076923077,0.0,232.801,3827.647388880934,275.969,3996.9624,80.70833333,30.0,7.014780712,2.711,0,0.8,2.599,28.1,199.5,83.42857143,144
2021-04-02,65.53181818,30.29,0.804945054945055,0.0,234.323,3827.647388880934,277.285,3996.9624,83.70833333,29.9,7.014780712,2.713,0,1.2,2.605,28.0,199.5,85.28571429,176
2021-04-03,65.53181818,30.29,0.8021978021978022,0.0,234.323,3872.3038860037173,277.285,3996.9624,80.08333333,29.8,7.014780712,2.713,0,0.9,2.605,27.9,199.5,87.14285714,154
2021-04-04,65.53181818,30.29,0.7994505494505495,0.0,234.323,3827.647388880934,277.285,3996.9624,81.625,29.7,7.014780712,2.713,0,0.0,2.605,27.1,199.5,89.0,161
2021-04-05,65.53181818,30.5,0.7967032967032968,0.0,234.064,3812.495271533787,276.846,3996.9624,81.0,29.6,7.014780712,2.715,0,0.0,2.581,28.2,199.5,90.42857143,160
2021-04-06,65.53181818,30.56,0.793956043956044,0.0,235.039,3827.647388880934,275.751,3996.9624,85.58333333,29.5,7.014780712,2.689,0,2.0,2.597,27.7,200.25,91.85714286,160
2021-04-07,65.53181818,30.6,0.7912087912087912,0.0,236.906,3827.647388880934,276.064,3996.9624,83.625,29.4,7.014780712,2.688,0,2.9,2.597,26.9,200.75,93.28571429,182
2021-04-08,65.53181818,30.63,0.7884615384615384,0.0,237.4,3792.9176458359616,275.894,3996.9624,85.375,29.3,7.014780712,2.686,0,0.8,2.59,26.7,201.0,94.71428571,180
2021-04-09,65.53181818,30.68,0.7857142857142857,0.0,238.836,3827.647388880934,276.902,3996.9624,82.375,29.2,7.014780712,2.68,0,0.9,2.597,27.0,201.25,96.14285714,187
2021-04-10,65.53181818,30.68,0.782967032967033,0.0,238.836,3792.9176458359616,276.902,3996.9624,80.5,29.1,7.014780712,2.68,0,0.8,2.597,27.2,201.25,97.57142857,191
2021-04-11,65.53181818,30.68,0.7802197802197802,0.0,238.836,3872.3038860037173,276.902,3996.9624,83.58333333,29.0,7.014780712,2.68,0,2.0,2.597,26.8,201.25,99.0,186
2021-04-12,65.53181818,30.71,0.7774725274725275,0.0,238.913,3827.647388880934,277.043,3996.9624,81.625,28.9,7.014780712,2.67,0,3.2,2.641,27.0,201.5,95.28571429,173
2021-04-13,65.53181818,30.78,0.7747252747252747,0.0,239.371,3792.9176458359616,277.708,3996.9624,84.25,28.8,7.014780712,2.678,0,7.8,2.648,26.5,201.5,91.57142857,207
2021-04-14,65.53181818,30.66,0.771978021978022,0.0,240.135,3827.647388880934,277.129,3996.9624,85.08333333,28.7,7.014780712,2.676,0,2.0,2.611,26.5,201.5,87.85714286,205
2021-04-15,65.53181818,29.44,0.7692307692307692,0.0,240.758,3812.495271533787,266.948,3996.9624,86.54166667,28.6,7.014780712,2.576,0,13.6,2.53,26.4,201.0,84.14285714,151
2021-04-16,65.53181818,29.18,0.7664835164835164,0.0,239.3,3792.9176458359616,267.143,3996.9624,86.91666667,28.5,7.014780712,2.538,0,13.6,2.483,26.6,193.0,80.42857143,140
2021-04-17,65.53181818,29.18,0.7637362637362637,0.0,239.3,3827.647388880934,267.143,3996.9624,88.125,28.4,7.014780712,2.538,0,4.8,2.483,26.5,193.0,76.71428571,134
2021-04-18,65.53181818,29.18,0.760989010989011,0.0,239.3,3827.647388880934,267.143,3996.9624,85.41666667,28.3,7.014780712,2.538,0,9.2,2.483,26.9,193.0,73.0,132
2021-04-19,65.53181818,29.23,0.7582417582417582,0.0,230.074,3820.328639080082,266.207,3996.9624,85.54166667,28.2,7.014780712,2.52,0,2.7,2.482,27.2,191.0,70.14285714,110
2021-04-20,65.53181818,29.42,0.7554945054945055,0.0,228.627,3812.495271533787,267.437,3996.9624,87.08333333,28.1,7.014780712,2.531,0,5.2,2.504,27.0,191.0,67.28571429,102
2021-04-21,65.53181818,29.73,0.7527472527472527,0.0,228.627,3820.328639080082,268.458,3996.9624,87.41666667,28.0,7.014780712,2.569,0,2.6,2.572,26.9,192.0,64.42857143,96
2021-04-22,65.53181818,29.94,0.75,0.0,229.849,3820.328639080082,269.889,3996.9624,84.45833333,27.9,7.014780712,2.596,0,3.2,2.598,27.4,194.0,61.57142857,94
2021-04-23,65.53181818,29.99,0.7472527472527473,0.0,231.89,3820.328639080082,270.355,3996.9624,87.04166667,27.8,7.014780712,2.602,0,4.4,2.593,26.9,194.5,58.71428571,90
2021-04-24,65.53181818,29.99,0.7445054945054945,0.0,231.89,3792.9176458359616,270.355,3996.9624,86.33333333,27.7,7.014780712,2.602,0,1.9,2.593,27.4,194.5,55.85714286,87
2021-04-25,65.53181818,29.99,0.7417582417582418,0.0,231.89,3792.9176458359616,270.355,3996.9624,85.29166667,27.6,7.014780712,2.602,0,2.7,2.593,27.3,194.5,53.0,87
2021-04-26,65.53181818,29.92,0.739010989010989,0.0,235.346,3827.647388880934,271.323,3996.9624,84.5,27.5,7.014780712,2.601,0,2.2,2.583,27.6,194.5,52.57142857,113
2021-04-27,65.53181818,29.94,0.7362637362637363,0.0,234.976,3792.9176458359616,271.714,3996.9624,81.54166667,27.4,7.014780712,2.604,0,0.3,2.601,27.9,195.0,52.14285714,90
2021-04-28,65.53181818,30.28,0.7335164835164836,0.0,234.527,3827.647388880934,274.658,3996.9624,84.41666667,27.3,7.014780712,2.645,0,4.7,2.638,27.7,195.0,51.71428571,89
2021-04-29,65.53181818,30.43,0.7307692307692308,0.0,235.186,3792.9176458359616,272.866,3996.9624,85.75,27.2,7.014780712,2.66,0,2.3,2.618,27.3,197.0,51.28571429,92
2021-04-30,65.53181818,30.27,0.7280219780219781,0.0,237.513,3872.3038860037173,274.047,3996.9624,85.70833333,27.1,7.014780712,2.655,0,2.6,2.609,27.6,197.5,50.85714286,95
2021-05-01,68.3752381,30.27,0.7252747252747253,0.0,237.513,3792.9176458359616,274.047,3996.9624,87.0,27.0,7.014780712,2.655,0,4.5,2.609,27.4,197.5,50.42857143,62
2021-05-02,68.3752381,30.27,0.7225274725274725,0.0,237.513,3812.495271533787,274.047,3996.9624,87.70833333,26.96774194,7.014780712,2.655,0,11.6,2.609,27.0,197.5,50.0,50
2021-05-03,68.3752381,30.27,0.7197802197802198,0.0,236.755,3820.328639080082,273.564,3996.9624,86.45833333,26.93548387,7.014780712,2.657,0,27.3,2.617,26.6,197.0,49.71428571,52
2021-05-04,68.3752381,30.27,0.717032967032967,0.0,236.396,3812.495271533787,273.929,3996.9624,87.41666667,26.90322581,7.014780712,2.655,0,31.7,2.617,26.4,197.0,49.42857143,54
2021-05-05,68.3752381,30.3,0.7142857142857143,0.0,235.455,3792.9176458359616,273.594,3996.9624,85.04166667,26.87096774,7.014780712,2.663,0,1.3,2.636,27.1,197.0,49.14285714,55
2021-05-06,68.3752381,30.46,0.7115384615384616,0.0,235.298,3792.9176458359616,275.288,3996.9624,88.20833333,26.83870968,7.014780712,2.676,0,5.2,2.671,26.6,197.0,48.85714286,55
2021-05-07,68.3752381,30.54,0.7087912087912087,0.0,236.454,3820.328639080082,278.243,3996.9624,87.58333333,26.80645161,7.014780712,2.668,0,7.3,2.634,26.5,197.0,48.57142857,59
2021-05-08,68.3752381,30.54,0.706043956043956,0.0,236.454,3827.647388880934,278.243,3996.9624,88.25,26.77419355,7.014780712,2.668,0,9.8,2.634,26.3,197.0,48.28571429,61
2021-05-09,68.3752381,30.54,0.7032967032967032,0.0,236.454,3792.9176458359616,278.243,3996.9624,84.625,26.74193548,7.014780712,2.668,0,1.3,2.634,26.9,197.0,48.0,63
2021-05-10,68.3752381,30.41,0.7005494505494505,0.0,238.395,3820.328639080082,277.9,3996.9624,86.54166667,26.70967742,7.014780712,2.664,0,11.3,2.649,27.1,197.0,48.57142857,60
2021-05-11,68.3752381,30.27,0.6978021978021978,0.0,237.728,3812.495271533787,276.162,3996.9624,85.0,26.67741935,7.014780712,2.658,0,8.4,2.63,27.4,196.5,49.14285714,59
2021-05-12,68.3752381,30.37,0.695054945054945,0.0,237.454,3872.3038860037173,276.825,3996.9624,89.54166667,26.64516129,7.014780712,2.667,0,21.8,2.642,26.7,196.5,49.71428571,57
2021-05-13,68.3752381,30.45,0.6923076923076923,0.0,235.988,3792.9176458359616,277.731,3996.9624,89.04166667,26.61290323,7.014780712,2.674,0,32.7,2.645,26.8,197.0,50.28571429,52
2021-05-14,68.3752381,30.44,0.6895604395604396,0.0,236.729,3812.495271533787,278.479,3996.9624,88.125,26.58064516,7.014780712,2.673,0,27.9,2.648,27.0,197.0,50.85714286,63
2021-05-15,68.3752381,30.44,0.6868131868131868,0.0,236.729,3820.328639080082,278.479,3996.9624,83.79166667,26.5483871,7.014780712,2.673,0,2.6,2.648,27.6,197.0,51.42857143,51
2021-05-16,68.3752381,30.44,0.6840659340659341,0.0,236.729,3872.3038860037173,278.479,3996.9624,87.04166667,26.51612903,7.014780712,2.673,0,5.1,2.648,27.7,197.0,52.0,47
2021-05-17,68.3752381,30.5,0.6813186813186813,0.0,237.944,3872.3038860037173,279.504,3996.9624,85.83333333,26.48387097,7.014780712,2.683,0,0.5,2.658,28.0,197.0,52.0,45
2021-05-18,68.3752381,30.45,0.6785714285714286,0.0,238.16,3827.647388880934,278.066,3996.9624,84.375,26.4516129,7.014780712,2.677,0,1.3,2.654,28.1,197.0,52.0,43
2021-05-19,68.3752381,30.45,0.6758241758241759,0.0,239.512,3792.9176458359616,279.563,3996.9624,85.08333333,26.41935484,7.014780712,2.684,0,3.9,2.675,27.8,197.0,52.0,42
2021-05-20,68.3752381,30.46,0.6730769230769231,0.0,238.571,3872.3038860037173,278.736,3996.9624,88.91666667,26.38709677,7.014780712,2.691,0,14.7,2.658,27.2,197.0,52.0,39
2021-05-21,68.3752381,30.53,0.6703296703296704,0.0,239.63,3792.9176458359616,278.893,3996.9624,91.29166667,26.35483871,7.014780712,2.691,0,16.7,2.677,26.6,197.0,52.0,36
2021-05-22,68.3752381,30.53,0.6675824175824177,0.0,239.63,3872.3038860037173,278.893,3996.9624,87.66666667,26.32258065,7.014780712,2.691,0,13.2,2.677,27.1,197.0,52.0,37
2021-05-23,68.3752381,30.53,0.6648351648351649,0.0,239.63,3827.647388880934,278.893,3996.9624,88.91666667,26.29032258,7.014780712,2.691,0,12.3,2.677,26.9,197.0,52.0,36
2021-05-24,68.3752381,30.8,0.6620879120879121,0.0,238.708,3872.3038860037173,280.947,3996.9624,89.125,26.25806452,7.014780712,2.713,0,48.4,2.685,26.7,197.0,51.57142857,34
2021-05-25,68.3752381,30.89,0.6593406593406593,0.0,239.394,3872.3038860037173,280.283,3996.9624,87.41666667,26.22580645,7.014780712,2.716,0,61.2,2.684,26.3,198.5,51.14285714,36
2021-05-26,68.3752381,30.94,0.6565934065934066,0.0,241.938,3820.328639080082,281.99,3996.9624,82.08333333,26.19354839,7.014780712,2.716,0,20.3,2.683,27.1,198.5,50.71428571,49
2021-05-27,68.3752381,31.01,0.6538461538461539,0.0,240.753,3792.9176458359616,281.662,3996.9624,81.45833333,26.16129032,7.014780712,2.727,0,6.1,2.712,27.6,198.5,50.28571429,46
2021-05-28,68.3752381,30.92,0.6510989010989011,0.0,240.812,3820.328639080082,281.043,3996.9624,79.58333333,26.12903226,7.014780712,2.716,0,2.1,2.678,28.0,198.5,49.85714286,37
2021-05-29,68.3752381,30.92,0.6483516483516483,0.0,240.812,3827.647388880934,281.043,3996.9624,81.79166667,26.09677419,7.014780712,2.716,0,3.9,2.678,27.9,198.5,49.42857143,38
2021-05-30,68.3752381,30.92,0.6456043956043955,0.0,240.812,3827.647388880934,281.043,3996.9624,80.125,26.06451613,7.014780712,2.716,0,3.4,2.678,28.1,198.5,49.0,40
2021-05-31,68.3752381,30.78,0.6428571428571428,0.0,240.772,3827.647388880934,279.453,3996.9624,82.375,26.03225806,7.014780712,2.697,0,5.2,2.681,27.8,197.75,48.57142857,39
2021-06-01,73.51272727,30.87,0.6401098901098901,0.0,240.833,3872.3038860037173,280.567,3996.9624,80.66666667,26.0,7.014780712,2.7,0,4.5,2.691,27.8,197.5,48.14285714,60
2021-06-02,73.51272727,30.76,0.6373626373626373,0.0,239.946,3792.9176458359616,279.299,3996.9624,87.41666667,26.03333333,7.014780712,2.697,0,4.4,2.704,27.2,198.0,47.71428571,55
2021-06-03,73.51272727,30.8,0.6346153846153846,0.0,240.517,3792.9176458359616,280.289,3996.9624,90.79166667,26.06666667,7.014780712,2.703,0,21.2,2.699,26.4,198.0,47.28571429,55
2021-06-04,73.51272727,30.71,0.6318681318681318,0.0,238.843,3820.328639080082,280.056,3996.9624,91.54166667,26.1,7.014780712,2.698,0,26.1,2.692,25.9,198.0,46.85714286,57
2021-06-05,73.51272727,30.71,0.6291208791208791,0.0,238.843,3872.3038860037173,280.056,3996.9624,90.66666667,26.13333333,7.014780712,2.698,0,30.0,2.692,25.7,198.0,46.42857143,62
2021-06-06,73.51272727,30.71,0.6263736263736264,0.0,238.843,3820.328639080082,280.056,3996.9624,82.41666667,26.16666667,7.014780712,2.698,0,2.1,2.692,27.3,198.0,46.0,68
2021-06-07,73.51272727,30.78,0.6236263736263736,0.0,239.651,3792.9176458359616,280.309,3996.9624,87.5,26.2,7.014780712,2.7,0,4.1,2.723,27.0,197.5,45.57142857,64
2021-06-08,73.51272727,30.91,0.6208791208791209,0.0,239.514,3827.647388880934,280.283,3996.9624,90.29166667,26.23333333,7.014780712,2.706,0,29.3,2.726,25.8,198.0,45.14285714,67
2021-06-09,73.51272727,30.89,0.6181318681318682,0.0,239.769,3792.9176458359616,281.404,3996.9624,87.29166667,26.26666667,7.014780712,2.702,0,12.6,2.748,26.6,198.5,44.71428571,68
2021-06-10,73.51272727,30.78,0.6153846153846154,0.0,240.516,3792.9176458359616,279.328,3996.9624,81.45833333,26.3,7.014780712,2.689,0,4.4,2.733,27.5,198.5,44.28571429,71
2021-06-11,73.51272727,30.78,0.6126373626373627,0.0,240.338,3827.647388880934,279.398,3996.9624,78.875,26.33333333,7.014780712,2.692,0,1.4,2.727,27.7,198.0,43.85714286,71
2021-06-12,73.51272727,30.78,0.6098901098901099,0.0,240.338,3872.3038860037173,279.398,3996.9624,83.91666667,26.36666667,7.014780712,2.692,0,9.4,2.727,27.0,198.0,43.42857143,68
2021-06-13,73.51272727,30.78,0.6071428571428572,0.0,240.338,3820.328639080082,279.398,3996.9624,88.20833333,26.4,7.014780712,2.692,0,12.9,2.727,26.5,198.0,43.0,63
2021-06-14,73.51272727,30.75,0.6043956043956045,0.0,238.488,3812.495271533787,278.883,3996.9624,83.54166667,26.43333333,7.014780712,2.685,0,7.0,2.725,26.9,198.0,44.0,60
2021-06-15,73.51272727,30.87,0.6016483516483517,0.0,238.705,3812.495271533787,277.672,3996.9624,79.29166667,26.46666667,7.014780712,2.695,0,1.9,2.716,27.6,198.0,45.0,62
2021-06-16,73.51272727,30.55,0.5989010989010989,0.0,238.843,3812.495271533787,275.636,3996.9624,78.5,26.5,7.014780712,2.655,0,1.1,2.723,27.7,198.5,46.0,59
2021-06-17,73.51272727,30.68,0.5961538461538461,0.0,236.882,3792.9176458359616,274.494,3996.9624,82.625,26.53333333,7.014780712,2.671,0,1.8,2.716,27.5,198.0,47.0,52
2021-06-18,73.51272727,30.61,0.5934065934065934,0.0,234.548,3792.9176458359616,277.277,3996.9624,85.0,26.56666667,7.014780712,2.67,0,0.8,2.704,27.3,198.75,48.0,47
2021-06-19,73.51272727,30.61,0.5906593406593407,0.0,234.548,3820.328639080082,277.277,3996.9624,84.875,26.6,7.014780712,2.67,0,3.4,2.704,27.1,198.75,49.0,46
2021-06-20,73.51272727,30.61,0.5879120879120879,0.0,234.548,3792.9176458359616,277.277,3996.9624,86.0,26.63333333,7.014780712,2.67,0,2.1,2.704,27.1,198.75,50.0,44
2021-06-21,73.51272727,30.55,0.5851648351648351,0.0,234.828,3812.495271533787,277.237,3996.9624,83.33333333,26.66666667,7.014780712,2.663,0,4.3,2.712,27.4,199.0,49.71428571,43
2021-06-22,73.51272727,30.66,0.5824175824175823,0.0,235.897,3812.495271533787,278.213,3996.9624,86.66666667,26.7,7.014780712,2.677,0,13.8,2.726,26.6,198.75,49.42857143,41
2021-06-23,73.51272727,30.66,0.5796703296703296,0.0,236.372,3792.9176458359616,277.426,3996.9624,88.125,26.73333333,7.014780712,2.675,0,14.3,2.741,26.2,199.25,49.14285714,40
2021-06-24,73.51272727,30.74,0.5769230769230769,0.0,236.711,3812.495271533787,276.182,3996.9624,86.45833333,26.76666667,7.014780712,2.674,0,8.5,2.745,26.4,199.25,48.85714286,50
2021-06-25,73.51272727,30.74,0.5741758241758241,0.0,236.811,3827.647388880934,276.312,3996.9624,81.33333333,26.8,7.014780712,2.672,0,1.8,2.74,27.5,199.0,48.57142857,39
2021-06-26,73.51272727,30.74,0.5714285714285714,0.0,236.811,3820.328639080082,276.312,3996.9624,84.75,26.83333333,7.014780712,2.672,0,5.3,2.74,26.9,199.0,48.28571429,39
2021-06-27,73.51272727,30.74,0.5686813186813187,0.0,236.811,3872.3038860037173,276.312,3996.9624,82.75,26.86666667,7.014780712,2.672,0,5.4,2.74,27.0,199.0,48.0,41
2021-06-28,73.51272727,30.79,0.5659340659340659,0.0,236.87,3820.328639080082,276.049,3996.9624,86.58333333,26.9,7.014780712,2.678,0,8.0,2.73,26.5,199.0,48.42857143,39
2021-06-29,73.51272727,30.82,0.5631868131868132,0.0,236.691,3827.647388880934,275.889,3996.9624,86.41666667,26.93333333,7.014780712,2.676,0,3.3,2.714,26.9,199.5,48.85714286,40
2021-06-30,73.51272727,30.76,0.5604395604395604,0.0,236.711,3812.495271533787,274.672,3996.9624,84.29166667,26.96666667,7.014780712,2.669,0,2.4,2.705,27.3,199.5,49.28571429,43
2021-07-01,74.40318182,30.74,0.5576923076923077,0.0,235.915,3792.9176458359616,275.759,3996.9624,89.54166667,27.0,7.014780712,2.67,0,20.6,2.715,26.0,199.5,49.71428571,82
2021-07-02,74.40318182,30.7,0.554945054945055,0.0,235.775,3820.328639080082,275.556,3996.9624,82.625,26.87096774,7.014780712,2.67,0,4.5,2.694,27.2,199.5,50.14285714,87
2021-07-03,74.40318182,30.7,0.5521978021978022,0.0,235.775,3827.647388880934,275.556,3996.9624,86.70833333,26.74193548,7.014780712,2.67,0,13.2,2.694,26.6,199.5,50.57142857,88
2021-07-04,74.40318182,30.7,0.5494505494505495,0.0,235.775,3792.9176458359616,275.556,3996.9624,86.54166667,26.61290323,7.014780712,2.67,0,15.2,2.694,26.7,199.5,51.0,90
2021-07-05,74.40318182,30.62,0.5467032967032968,0.0,236.094,3827.647388880934,274.66,3996.9624,86.20833333,26.48387097,7.014780712,2.661,0,7.9,2.652,27.0,199.0,51.14285714,95
2021-07-06,74.40318182,30.66,0.543956043956044,0.0,235.441,3812.495271533787,274.66,3996.9624,85.83333333,26.35483871,7.014780712,2.653,0,8.3,2.647,26.9,199.0,51.28571429,98
2021-07-07,74.40318182,30.58,0.5412087912087913,0.0,234.667,3820.328639080082,274.352,3996.9624,88.58333333,26.22580645,7.014780712,2.656,0,14.1,2.649,26.3,199.0,51.42857143,101
2021-07-08,74.40318182,30.67,0.5384615384615384,0.0,234.012,3792.9176458359616,276.908,3996.9624,86.58333333,26.09677419,7.014780712,2.668,0,12.4,2.667,26.8,199.0,51.57142857,100
2021-07-09,74.40318182,30.73,0.5357142857142857,0.0,235.064,3827.647388880934,276.946,3996.9624,89.5,25.96774194,7.014780712,2.669,0,40.9,2.669,25.9,199.2,51.71428571,100
2021-07-10,74.40318182,30.73,0.532967032967033,0.0,235.064,3792.9176458359616,276.946,3996.9624,82.16666667,25.83870968,7.014780712,2.669,0,17.3,2.669,26.7,199.2,51.85714286,108
2021-07-11,74.40318182,30.73,0.5302197802197802,0.0,235.064,3812.495271533787,276.946,3996.9624,82.29166667,25.70967742,7.014780712,2.669,0,2.8,2.669,27.2,199.2,52.0,104
2021-07-12,74.40318182,30.76,0.5274725274725275,0.0,235.917,3872.3038860037173,275.59,3996.9624,82.0,25.58064516,7.014780712,2.667,0,2.1,2.676,27.3,199.5,52.14285714,100
2021-07-13,74.40318182,30.68,0.5247252747252747,0.0,235.994,3820.328639080082,275.814,3996.9624,81.875,25.4516129,7.014780712,2.665,0,1.5,2.675,27.5,199.5,52.28571429,94
2021-07-14,74.40318182,30.7,0.5219780219780219,0.0,234.303,3792.9176458359616,275.217,3996.9624,85.33333333,25.32258065,7.014780712,2.662,0,0.5,2.662,27.1,199.0,52.42857143,87
2021-07-15,74.40318182,30.71,0.5192307692307692,0.0,234.925,3812.495271533787,274.672,3996.9624,86.95833333,25.19354839,7.014780712,2.667,0,2.4,2.683,27.0,199.0,52.57142857,80
2021-07-16,74.40318182,30.73,0.5164835164835164,0.0,234.468,3812.495271533787,273.148,3996.9624,86.79166667,25.06451613,7.014780712,2.665,0,7.6,2.662,26.9,199.5,52.71428571,77
2021-07-17,74.40318182,30.73,0.5137362637362637,0.0,234.468,3827.647388880934,273.148,3996.9624,83.58333333,24.93548387,7.014780712,2.665,0,2.7,2.662,27.2,199.5,52.85714286,77
2021-07-18,74.40318182,30.73,0.510989010989011,0.0,234.468,3820.328639080082,273.148,3996.9624,81.75,24.80645161,7.014780712,2.665,0,0.5,2.662,27.5,199.5,53.0,75
2021-07-19,74.40318182,30.68,0.5082417582417582,0.0,234.92,3872.3038860037173,271.879,3996.9624,82.83333333,24.67741935,7.014780712,2.67,0,2.1,2.675,27.3,199.75,53.28571429,70
2021-07-20,74.40318182,30.76,0.5054945054945055,0.0,235.37,3792.9176458359616,273.554,3996.9624,81.83333333,24.5483871,7.014780712,2.671,0,0.6,2.688,27.5,199.5,53.57142857,67
2021-07-21,74.40318182,30.75,0.5027472527472527,0.0,234.402,3820.328639080082,274.662,3996.9624,82.25,24.41935484,7.014780712,2.673,0,0.5,2.698,27.5,199.5,53.85714286,80
2021-07-22,74.40318182,30.7,0.5,0.0,234.661,3872.3038860037173,274.193,3996.9624,83.20833333,24.29032258,7.014780712,2.674,0,7.1,2.693,27.2,199.5,54.14285714,61
2021-07-23,74.40318182,30.7,0.49725274725274726,0.0,234.223,3820.328639080082,275.67,3996.9624,88.625,24.16129032,7.014780712,2.677,0,25.0,2.694,26.1,199.5,54.42857143,70
2021-07-24,74.40318182,30.7,0.4945054945054945,0.0,234.223,3812.495271533787,275.67,3996.9624,88.79166667,24.03225806,7.014780712,2.677,0,12.5,2.694,26.3,199.5,54.71428571,53
2021-07-25,74.40318182,30.7,0.4917582417582418,0.0,234.223,3827.647388880934,275.67,3996.9624,87.5,23.90322581,7.014780712,2.677,0,22.0,2.694,26.3,199.5,55.0,54
2021-07-26,74.40318182,30.48,0.48901098901098905,0.0,234.223,3812.495271533787,276.173,3996.9624,86.16666667,23.77419355,7.014780712,2.664,0,8.8,2.688,26.4,199.5,55.28571429,53
2021-07-27,74.40318182,30.58,0.4862637362637363,0.0,234.8,3792.9176458359616,276.61,3996.9624,85.625,23.64516129,7.014780712,2.664,0,6.0,2.694,26.8,199.0,55.57142857,52
2021-07-28,74.40318182,30.82,0.48351648351648346,0.0,234.508,3827.647388880934,278.562,3996.9624,86.25,23.51612903,7.014780712,2.68,0,12.4,2.703,26.5,199.0,55.85714286,55
2021-07-29,74.40318182,30.8,0.4807692307692307,0.0,235.064,3792.9176458359616,277.365,3996.9624,82.875,23.38709677,7.014780712,2.677,0,1.1,2.718,27.1,199.5,56.14285714,55
2021-07-30,74.40318182,30.79,0.478021978021978,0.0,236.531,3872.3038860037173,276.966,3996.9624,83.16666667,23.25806452,7.014780712,2.676,0,4.0,2.72,27.2,199.5,56.42857143,57
2021-07-31,74.40318182,30.79,0.47527472527472525,0.0,236.531,3872.3038860037173,276.966,3996.9624,83.70833333,23.12903226,7.014780712,2.676,0,4.3,2.72,27.2,199.5,56.71428571,59
2021-08-01,70.58818182,30.79,0.4725274725274725,0.0,236.531,3820.328639080082,276.966,3996.9624,85.875,23.0,7.014780712,2.676,0,3.7,2.72,26.9,199.5,57.0,160
2021-08-02,70.58818182,30.75,0.4697802197802198,0.0,236.213,3827.647388880934,277.625,3996.9624,83.75,23.09677419,7.014780712,2.68,0,6.8,2.724,26.9,199.5,56.14285714,165
2021-08-03,70.58818182,30.77,0.46703296703296704,0.0,236.153,3827.647388880934,277.126,3996.9624,81.83333333,23.19354839,7.014780712,2.682,0,2.6,2.713,27.1,199.5,55.28571429,176
2021-08-04,70.58818182,30.8,0.4642857142857143,0.0,236.014,3812.495271533787,277.904,3996.9624,84.04166667,23.29032258,7.014780712,2.686,0,3.9,2.719,27.1,199.5,54.42857143,176
2021-08-05,70.58818182,30.69,0.46153846153846156,0.0,235.517,3792.9176458359616,276.767,3996.9624,85.45833333,23.38709677,7.014780712,2.68,0,4.1,2.706,27.0,199.5,53.57142857,180
2021-08-06,70.58818182,30.68,0.4587912087912088,0.0,235.457,3812.495271533787,276.228,3996.9624,85.25,23.48387097,7.014780712,2.671,0,12.4,2.698,26.7,199.5,52.71428571,188
2021-08-07,70.58818182,30.68,0.4560439560439561,0.0,235.457,3812.495271533787,276.228,3996.9624,84.79166667,23.58064516,7.014780712,2.671,0,13.8,2.698,26.8,199.5,51.85714286,199
2021-08-08,70.58818182,30.68,0.45329670329670335,0.0,235.457,3812.495271533787,276.228,3996.9624,84.54166667,23.67741935,7.014780712,2.671,0,15.1,2.698,26.4,199.5,51.0,210
2021-08-09,70.58818182,30.68,0.4505494505494505,0.0,234.024,3872.3038860037173,276.208,3996.9624,87.625,23.77419355,7.014780712,2.673,0,28.9,2.687,25.8,199.5,51.0,207
2021-08-10,70.58818182,30.71,0.44780219780219777,0.0,233.566,3812.495271533787,276.787,3996.9624,87.04166667,23.87096774,7.014780712,2.679,0,17.9,2.704,26.4,199.5,51.0,198
2021-08-11,70.58818182,30.71,0.44505494505494503,0.0,233.188,3872.3038860037173,275.45,3996.9624,86.20833333,23.96774194,7.014780712,2.678,0,15.0,2.701,26.7,199.5,51.0,200
2021-08-12,70.58818182,30.8,0.4423076923076923,0.0,233.566,3820.328639080082,276.953,3996.9624,87.54166667,24.06451613,7.014780712,2.687,0,28.3,2.715,26.2,199.5,51.0,191
2021-08-13,70.58818182,30.73,0.43956043956043955,0.0,233.407,3792.9176458359616,276.347,3996.9624,84.75,24.16129032,7.014780712,2.683,0,6.0,2.707,26.7,199.75,51.0,183
2021-08-14,70.58818182,30.73,0.4368131868131868,0.0,233.407,3792.9176458359616,276.347,3996.9624,83.95833333,24.25806452,7.014780712,2.683,0,1.3,2.707,26.9,199.75,51.0,180
2021-08-15,70.58818182,30.73,0.4340659340659341,0.0,233.407,3812.495271533787,276.347,3996.9624,84.375,24.35483871,7.014780712,2.683,0,0.2,2.707,26.7,199.75,51.0,176
2021-08-16,70.58818182,30.68,0.43131868131868134,0.0,235.23,3827.647388880934,274.113,3996.9624,85.33333333,24.4516129,7.014780712,2.676,0,3.3,2.7,26.8,199.5,51.0,168
2021-08-17,70.58818182,30.68,0.4285714285714286,0.0,234.362,3872.3038860037173,274.453,3996.9624,86.41666667,24.5483871,7.014780712,2.678,0,4.9,2.684,26.4,199.5,51.0,164
2021-08-18,70.58818182,30.64,0.42582417582417587,0.0,233.009,3827.647388880934,272.118,3996.9624,88.125,24.64516129,7.014780712,2.675,0,4.7,2.668,26.2,199.5,51.0,155
2021-08-19,70.58818182,30.61,0.42307692307692313,0.0,233.029,3827.647388880934,271.769,3996.9624,86.625,24.74193548,7.014780712,2.676,0,5.7,2.679,26.3,199.5,51.0,149
2021-08-20,70.58818182,30.78,0.4203296703296703,0.0,232.313,3792.9176458359616,274.037,3996.9624,89.45833333,24.83870968,7.014780712,2.691,0,1.7,2.688,26.3,199.5,51.0,133
2021-08-21,70.58818182,30.78,0.41758241758241754,0.0,232.313,3827.647388880934,274.037,3996.9624,90.29166667,24.93548387,7.014780712,2.691,0,10.6,2.688,25.7,199.5,51.0,134
2021-08-22,70.58818182,30.78,0.4148351648351648,0.0,232.313,3827.647388880934,274.037,3996.9624,87.25,25.03225806,7.014780712,2.691,0,5.2,2.688,26.3,199.5,51.0,169
2021-08-23,70.58818182,30.75,0.41208791208791207,0.0,232.75,3812.495271533787,273.894,3996.9624,85.875,25.12903226,7.014780712,2.684,0,1.4,2.695,26.5,199.75,51.0,127
2021-08-24,70.58818182,30.73,0.40934065934065933,0.0,234.273,3812.495271533787,274.532,3996.9624,87.375,25.22580645,7.014780712,2.685,0,1.5,2.686,26.1,199.5,51.0,127
2021-08-25,70.58818182,30.85,0.4065934065934066,0.0,233.885,3872.3038860037173,274.705,3996.9624,89.5,25.32258065,7.014780712,2.697,0,11.9,2.686,25.7,199.5,51.0,127
2021-08-26,70.58818182,30.9,0.40384615384615385,0.0,234.223,3827.647388880934,275.868,3996.9624,86.25,25.41935484,7.014780712,2.722,0,17.6,2.716,26.2,200.5,51.0,127
2021-08-27,70.58818182,30.85,0.4010989010989011,0.0,235.0,3827.647388880934,274.856,3996.9624,85.04166667,25.51612903,7.014780712,2.722,0,12.4,2.709,26.6,200.5,51.0,127
2021-08-28,70.58818182,30.85,0.3983516483516484,0.0,235.0,3872.3038860037173,274.856,3996.9624,84.58333333,25.61290323,7.014780712,2.722,0,15.6,2.709,26.5,200.5,51.0,134
2021-08-29,70.58818182,30.85,0.39560439560439564,0.0,235.0,3812.495271533787,274.856,3996.9624,87.16666667,25.70967742,7.014780712,2.722,0,14.9,2.709,26.2,200.5,51.0,133
2021-08-30,70.58818182,30.8,0.3928571428571429,0.0,235.86,3872.3038860037173,274.433,3996.9624,87.66666667,25.80645161,7.014780712,2.728,0,2.8,2.7,26.4,199.75,50.57142857,137
2021-08-31,70.58818182,30.8,0.39010989010989006,0.0,235.31,3812.495271533787,274.712,3996.9624,85.54166667,25.90322581,7.014780712,2.726,0,2.1,2.72,26.9,199.5,50.14285714,140
2021-09-01,74.74954545,30.82,0.3873626373626373,0.0,234.959,3792.9176458359616,275.969,3996.9624,89.70833333,26.0,7.014780712,2.725,0,7.9,2.728,26.4,199.5,49.71428571,447
2021-09-02,74.74954545,30.99,0.3846153846153846,0.0,235.576,3827.647388880934,278.024,3996.9624,85.33333333,26.0,7.014780712,2.739,0,12.8,2.742,26.5,199.5,49.28571429,485
2021-09-03,74.74954545,30.95,0.38186813186813184,0.0,236.273,3827.647388880934,277.066,3996.9624,86.20833333,26.0,7.014780712,2.737,0,5.7,2.734,26.3,200.5,48.85714286,492
2021-09-04,74.74954545,30.95,0.3791208791208791,0.0,236.273,3827.647388880934,277.066,3996.9624,88.375,26.0,7.014780712,2.737,0,6.2,2.734,26.0,200.5,48.42857143,507
2021-09-05,74.74954545,30.95,0.37637362637362637,0.0,236.273,3827.647388880934,277.066,3996.9624,89.5,26.0,7.014780712,2.737,0,16.2,2.734,25.7,200.5,48.0,535
2021-09-06,74.74954545,31.01,0.37362637362637363,0.0,237.64,3820.328639080082,276.45,3996.9624,87.29166667,26.0,7.014780712,2.73,0,31.7,2.733,26.0,200.25,48.42857143,563
2021-09-07,74.74954545,30.79,0.3708791208791209,0.0,237.36,3812.495271533787,275.431,3996.9624,88.33333333,26.0,7.014780712,2.696,0,6.8,2.728,26.4,200.5,48.85714286,554
2021-09-08,74.74954545,30.89,0.36813186813186816,0.0,237.392,3792.9176458359616,276.394,3996.9624,87.95833333,26.0,7.014780712,2.712,0,6.1,2.731,26.4,200.0,49.28571429,578
2021-09-09,74.74954545,31.03,0.3653846153846154,0.0,235.079,3820.328639080082,277.512,3996.9624,82.08333333,26.0,7.014780712,2.72,0,0.9,2.729,27.1,199.75,49.71428571,603
2021-09-10,74.74954545,30.84,0.3626373626373627,0.0,235.909,3827.647388880934,276.068,3996.9624,86.08333333,26.0,7.014780712,2.705,0,3.9,2.732,26.7,200.5,50.14285714,565
2021-09-11,74.74954545,30.84,0.35989010989010994,0.0,235.909,3827.647388880934,276.068,3996.9624,80.91666667,26.0,7.014780712,2.705,0,3.6,2.732,27.3,200.5,50.57142857,594
2021-09-12,74.74954545,30.84,0.3571428571428571,0.0,235.909,3872.3038860037173,276.068,3996.9624,78.375,26.0,7.014780712,2.705,0,2.5,2.732,27.3,200.5,51.0,609
2021-09-13,74.74954545,30.9,0.35439560439560436,0.0,236.28,3827.647388880934,275.53,3996.9624,84.375,26.0,7.014780712,2.702,0,5.7,2.718,26.9,199.5,51.14285714,539
2021-09-14,74.74954545,30.93,0.3516483516483516,0.0,234.979,3820.328639080082,276.75,3996.9624,86.66666667,26.0,7.014780712,2.709,0,6.4,2.749,26.9,199.5,51.28571429,484
2021-09-15,74.74954545,30.81,0.3489010989010989,0.0,234.86,3820.328639080082,275.101,3996.9624,88.29166667,26.0,7.014780712,2.705,0,15.7,2.734,26.3,200.0,51.42857143,476
2021-09-16,74.74954545,30.77,0.34615384615384615,0.0,235.119,3792.9176458359616,274.193,3996.9624,89.125,26.0,7.014780712,2.702,0,13.4,2.725,26.0,199.5,51.57142857,452
2021-09-17,74.74954545,30.85,0.3434065934065934,0.0,234.104,3792.9176458359616,272.507,3996.9624,88.625,26.0,7.014780712,2.702,0,14.2,2.702,26.7,199.5,51.71428571,416
2021-09-18,74.74954545,30.85,0.34065934065934067,0.0,234.104,3827.647388880934,272.507,3996.9624,87.79166667,26.0,7.014780712,2.702,0,8.2,2.702,26.7,199.5,51.85714286,414
2021-09-19,74.74954545,30.85,0.33791208791208793,0.0,234.104,3820.328639080082,272.507,3996.9624,88.58333333,26.0,7.014780712,2.702,0,2.4,2.702,27.0,199.5,52.0,389
2021-09-20,74.74954545,30.77,0.3351648351648352,0.0,233.328,3872.3038860037173,272.537,3996.9624,86.95833333,26.0,7.014780712,2.698,0,5.5,2.711,26.7,199.5,51.57142857,481
2021-09-21,74.74954545,30.77,0.33241758241758246,0.0,233.328,3827.647388880934,272.54,3996.9624,87.33333333,26.0,7.014780712,2.695,0,11.3,2.719,26.4,199.5,51.14285714,365
2021-09-22,74.74954545,30.89,0.3296703296703297,0.0,233.288,3792.9176458359616,274.703,3996.9624,85.0,26.0,7.014780712,2.703,0,3.7,2.736,27.1,200.0,50.71428571,350
2021-09-23,74.74954545,30.77,0.32692307692307687,0.0,232.551,3820.328639080082,273.491,3996.9624,85.125,26.0,7.014780712,2.696,0,9.7,2.733,27.3,200.25,50.28571429,329
2021-09-24,74.74954545,30.81,0.32417582417582413,0.0,234.133,3872.3038860037173,273.96,3996.9624,83.5,26.0,7.014780712,2.695,0,4.4,2.731,27.5,200.0,49.85714286,328
2021-09-25,74.74954545,30.81,0.3214285714285714,0.0,234.133,3792.9176458359616,273.96,3996.9624,85.95833333,26.0,7.014780712,2.695,0,10.0,2.731,26.8,200.0,49.42857143,321
2021-09-26,74.74954545,30.81,0.31868131868131866,0.0,234.133,3827.647388880934,273.96,3996.9624,86.66666667,26.0,7.014780712,2.695,0,25.3,2.731,26.5,200.0,49.0,327
2021-09-27,74.74954545,30.81,0.3159340659340659,0.0,233.109,3812.495271533787,270.721,3996.9624,77.375,26.0,7.014780712,2.682,0,3.7,2.732,27.4,200.0,50.0,350
2021-09-28,74.74954545,30.75,0.3131868131868132,0.0,232.691,3827.647388880934,268.531,3996.9624,85.91666667,26.0,7.014780712,2.678,0,13.6,2.729,26.3,200.0,51.0,332
2021-09-29,74.74954545,30.86,0.31043956043956045,0.0,232.452,3792.9176458359616,269.481,3996.9624,85.58333333,26.0,7.014780712,2.683,0,0.8,2.73,26.9,200.0,52.0,332
2021-09-30,74.74954545,30.86,0.3076923076923077,0.0,230.741,3872.3038860037173,270.941,3996.9624,88.58333333,26.0,7.014780712,2.683,0,5.8,2.734,26.4,200.0,53.0,330
2021-10-01,83.8652381,30.86,0.30494505494505497,0.0,230.462,3820.328639080082,272.23,3996.9624,91.16666667,26.0,7.014780712,2.667,0,26.5,2.742,25.5,200.0,54.0,668
2021-10-02,83.8652381,30.86,0.30219780219780223,0.0,230.462,3812.495271533787,272.23,3996.9624,89.625,26.16129032,7.014780712,2.667,0,3.6,2.742,25.5,200.0,55.0,707
2021-10-03,83.8652381,30.86,0.2994505494505495,0.0,230.462,3827.647388880934,272.23,3996.9624,88.66666667,26.32258065,7.014780712,2.667,0,4.1,2.742,26.2,200.0,56.0,727
2021-10-04,83.8652381,30.94,0.29670329670329665,0.0,230.721,3827.647388880934,272.28,3996.9624,90.0,26.48387097,7.014780712,2.675,0,14.1,2.755,26.0,200.0,58.14285714,733
2021-10-05,83.8652381,30.94,0.2939560439560439,0.0,231.238,3872.3038860037173,271.291,3996.9624,91.79166667,26.64516129,7.014780712,2.667,0,37.8,2.75,25.4,199.75,60.28571429,791
2021-10-06,83.8652381,30.86,0.2912087912087912,0.0,231.34,3872.3038860037173,272.38,3996.9624,88.33333333,26.80645161,7.014780712,2.659,0,21.7,2.766,26.0,199.75,62.42857143,842
2021-10-07,83.8652381,30.88,0.28846153846153844,0.0,230.542,3792.9176458359616,272.261,3996.9624,85.875,26.96774194,7.014780712,2.648,0,4.0,2.764,26.8,200.0,64.57142857,842
2021-10-08,83.8652381,31.24,0.2857142857142857,0.0,229.845,3792.9176458359616,273.97,3996.9624,85.5,27.12903226,7.014780712,2.672,0,1.8,2.807,26.9,200.0,66.71428571,834
2021-10-09,83.8652381,31.24,0.28296703296703296,0.0,229.845,3827.647388880934,273.97,3996.9624,82.45833333,27.29032258,7.014780712,2.672,0,3.2,2.807,27.2,200.0,68.85714286,896
2021-10-10,83.8652381,31.24,0.2802197802197802,0.0,229.845,3792.9176458359616,273.97,3996.9624,85.45833333,27.4516129,7.014780712,2.672,0,13.7,2.807,27.0,200.0,71.0,866
2021-10-11,83.8652381,31.01,0.2774725274725275,0.0,230.183,3827.647388880934,273.119,3996.9624,86.5,27.61290323,7.014780712,2.649,0,35.2,2.776,26.5,201.5,72.0,865
2021-10-12,83.8652381,31.26,0.27472527472527475,0.0,232.773,3812.495271533787,275.943,3996.9624,81.625,27.77419355,7.014780712,2.668,0,2.7,2.783,27.4,201.0,73.0,901
2021-10-13,83.8652381,31.2,0.271978021978022,0.0,230.54,3820.328639080082,276.235,3996.9624,81.45833333,27.93548387,7.014780712,2.68,0,3.3,2.806,27.2,202.0,74.0,861
2021-10-14,83.8652381,31.22,0.2692307692307693,0.0,232.999,3872.3038860037173,277.791,3996.9624,81.04166667,28.09677419,7.014780712,2.678,0,3.2,2.845,27.5,202.0,75.0,821
2021-10-15,83.8652381,31.1,0.26648351648351654,0.0,233.039,3872.3038860037173,275.227,3996.9624,83.79166667,28.25806452,7.014780712,2.659,0,6.0,2.796,27.2,202.0,76.0,781
2021-10-16,83.8652381,31.1,0.2637362637362637,0.0,233.039,3812.495271533787,275.227,3996.9624,81.08333333,28.41935484,7.014780712,2.659,0,10.7,2.796,27.3,202.0,77.0,782
2021-10-17,83.8652381,31.1,0.26098901098901095,0.0,233.039,3872.3038860037173,275.227,3996.9624,79.75,28.58064516,7.014780712,2.659,0,1.2,2.796,27.5,202.0,78.0,777
2021-10-18,83.8652381,31.33,0.2582417582417582,0.0,233.12,3820.328639080082,276.6,3996.9624,79.875,28.74193548,7.014780712,2.662,0,6.3,2.814,27.3,200.5,75.85714286,731
2021-10-19,83.8652381,31.27,0.2554945054945055,0.0,232.18,3812.495271533787,277.182,3996.9624,79.79166667,28.90322581,7.014780712,2.673,0,1.1,2.809,27.2,200.5,73.71428571,894
2021-10-20,83.8652381,31.28,0.25274725274725274,0.0,232.64,3872.3038860037173,276.55,3996.9624,86.5,29.06451613,7.014780712,2.67,0,18.3,2.803,26.1,200.5,71.57142857,854
2021-10-21,83.8652381,31.56,0.25,0.0,232.98,3827.647388880934,277.124,3996.9624,88.16666667,29.22580645,7.014780712,2.687,0,5.0,2.865,25.6,200.5,69.42857143,623
2021-10-22,83.8652381,31.55,0.24725274725274726,0.0,232.42,3792.9176458359616,277.456,3996.9624,87.16666667,29.38709677,7.014780712,2.686,0,5.5,2.884,26.1,201.5,67.28571429,569
2021-10-23,83.8652381,31.55,0.24450549450549453,0.0,232.42,3827.647388880934,277.456,3996.9624,85.875,29.5483871,7.014780712,2.686,0,1.7,2.884,26.0,201.5,65.14285714,583
2021-10-24,83.8652381,31.55,0.2417582417582418,0.0,232.42,3872.3038860037173,277.456,3996.9624,87.16666667,29.70967742,7.014780712,2.686,0,15.6,2.884,25.6,201.5,63.0,579
2021-10-25,83.8652381,31.72,0.23901098901098905,0.0,234.727,3812.495271533787,279.147,3996.9624,88.29166667,29.87096774,7.014780712,2.702,0,15.5,2.906,26.1,201.5,64.0,540
2021-10-26,83.8652381,31.44,0.2362637362637363,0.0,233.902,3872.3038860037173,277.73,3996.9624,89.33333333,30.03225806,7.014780712,2.677,0,14.3,2.844,25.3,202.75,65.0,578
2021-10-27,83.8652381,31.45,0.23351648351648346,0.0,234.758,3872.3038860037173,278.538,3996.9624,87.54166667,30.19354839,7.014780712,2.687,0,5.6,2.875,25.6,202.0,66.0,592
2021-10-28,83.8652381,31.22,0.23076923076923073,0.0,233.24,3872.3038860037173,275.23,3996.9624,89.79166667,30.35483871,7.014780712,2.668,0,10.0,2.816,25.3,202.0,67.0,595
2021-10-29,83.8652381,31.42,0.228021978021978,0.0,234.748,3812.495271533787,276.033,3996.9624,90.45833333,30.51612903,7.014780712,2.686,0,16.7,2.804,25.0,201.0,68.0,618
2021-10-30,83.8652381,31.42,0.22527472527472525,0.0,234.748,3820.328639080082,276.033,3996.9624,90.70833333,30.67741935,7.014780712,2.686,0,11.1,2.804,25.2,201.0,69.0,645
2021-10-31,83.8652381,31.42,0.22252747252747251,0.0,234.748,3827.647388880934,276.033,3996.9624,91.45833333,30.83870968,7.014780712,2.686,0,13.4,2.804,25.1,201.0,70.0,676
2021-11-01,80.89045455,31.4,0.21978021978021978,0.0,231.22,3812.495271533787,275.043,3996.9624,90.625,31.0,7.014780712,2.691,0,31.1,2.803,25.2,202.0,70.85714286,1335
2021-11-02,80.89045455,31.45,0.21703296703296704,0.0,233.24,3812.495271533787,275.773,3996.9624,89.625,31.1,7.014780712,2.706,0,9.9,2.806,25.4,202.0,71.71428571,1412
2021-11-03,80.89045455,31.5,0.2142857142857143,0.0,232.698,3792.9176458359616,272.015,3996.9624,89.75,31.2,7.014780712,2.703,0,13.8,2.822,25.4,201.5,72.57142857,1444
2021-11-04,80.89045455,31.49,0.21153846153846156,0.0,233.982,3827.647388880934,271.965,3996.9624,89.0,31.3,7.014780712,2.716,0,8.8,2.832,25.6,201.5,73.42857143,1915
2021-11-05,80.89045455,31.52,0.20879120879120883,0.0,232.814,3820.328639080082,273.255,3996.9624,89.41666667,31.4,7.014780712,2.726,0,14.7,2.826,25.4,201.5,74.28571429,1551
2021-11-06,80.89045455,31.52,0.2060439560439561,0.0,232.814,3820.328639080082,273.255,3996.9624,90.41666667,31.5,7.014780712,2.726,0,32.5,2.826,25.0,201.5,75.14285714,1651
2021-11-07,80.89045455,31.52,0.20329670329670335,0.0,232.814,3827.647388880934,273.255,3996.9624,90.875,31.6,7.014780712,2.726,0,36.6,2.826,24.8,201.5,76.0,1742
2021-11-08,80.89045455,31.52,0.2005494505494505,0.0,233.085,3812.495271533787,273.154,3996.9624,90.83333333,31.7,7.014780712,2.717,0,89.3,2.847,24.5,201.5,76.57142857,1742
2021-11-09,80.89045455,31.46,0.19780219780219777,0.0,233.508,3792.9176458359616,270.761,3996.9624,87.54166667,31.8,7.014780712,2.701,0,29.8,2.818,25.3,201.5,77.14285714,1826
2021-11-10,80.89045455,31.45,0.19505494505494503,0.0,233.6,3872.3038860037173,270.135,3996.9624,86.41666667,31.9,7.014780712,2.704,0,27.3,2.822,25.3,202.0,77.71428571,1910
2021-11-11,80.89045455,31.5,0.1923076923076923,0.0,230.708,3812.495271533787,270.983,3996.9624,87.33333333,32.0,7.014780712,2.703,0,9.3,2.752,25.5,202.0,78.28571429,1825
2021-11-12,80.89045455,31.49,0.18956043956043955,0.0,230.145,3812.495271533787,271.085,3996.9624,80.45833333,32.1,7.014780712,2.7,0,18.0,2.767,26.6,202.0,78.85714286,1808
2021-11-13,80.89045455,31.49,0.18681318681318682,0.0,230.145,3820.328639080082,271.085,3996.9624,77.08333333,32.2,7.014780712,2.7,0,6.6,2.767,27.2,202.0,79.42857143,1825
2021-11-14,80.89045455,31.49,0.18406593406593408,0.0,230.145,3820.328639080082,271.085,3996.9624,88.58333333,32.3,7.014780712,2.7,0,9.5,2.767,25.7,202.0,80.0,1593
2021-11-15,80.89045455,31.44,0.18131868131868134,0.0,230.145,3812.495271533787,271.266,3996.9624,89.54166667,32.4,7.014780712,2.699,0,23.2,2.746,25.4,202.0,79.85714286,1525
2021-11-16,80.89045455,31.51,0.1785714285714286,0.0,228.477,3820.328639080082,272.337,3996.9624,88.91666667,32.5,7.014780712,2.706,0,26.1,2.782,25.5,202.0,79.71428571,1433
2021-11-17,80.89045455,31.47,0.17582417582417587,0.0,227.512,3827.647388880934,272.589,3996.9624,88.625,32.6,7.014780712,2.71,0,17.6,2.746,25.8,202.0,79.57142857,1398
2021-11-18,80.89045455,31.47,0.17307692307692313,0.0,227.512,3812.495271533787,271.771,3996.9624,88.66666667,32.7,7.014780712,2.703,0,10.0,2.748,25.9,202.0,79.42857143,1653
2021-11-19,80.89045455,31.71,0.17032967032967028,0.0,228.517,3872.3038860037173,271.624,3996.9624,88.04166667,32.8,7.014780712,2.72,0,19.4,2.696,25.6,202.0,79.28571429,1366
2021-11-20,80.89045455,31.71,0.16758241758241754,0.0,228.517,3792.9176458359616,271.624,3996.9624,77.33333333,32.9,7.014780712,2.72,0,0.8,2.696,26.7,202.0,79.14285714,1474
2021-11-21,80.89045455,31.71,0.1648351648351648,0.0,228.517,3872.3038860037173,271.624,3996.9624,77.95833333,33.0,7.014780712,2.72,0,0.0,2.696,26.0,202.0,79.0,1496
2021-11-22,80.89045455,31.68,0.16208791208791207,0.0,226.889,3820.328639080082,271.24,3996.9624,81.95833333,33.1,7.014780712,2.719,0,0.0,2.719,26.2,202.75,78.71428571,1263
2021-11-23,80.89045455,31.68,0.15934065934065933,0.0,227.489,3792.9176458359616,270.215,3996.9624,88.20833333,33.2,7.014780712,2.713,0,15.1,2.693,25.7,202.75,78.42857143,1168
2021-11-24,80.89045455,31.63,0.1565934065934066,0.0,227.732,3827.647388880934,269.77,3996.9624,90.20833333,33.3,7.014780712,2.71,0,18.2,2.7,25.1,202.75,78.14285714,1157
2021-11-25,80.89045455,31.59,0.15384615384615385,0.0,226.719,3827.647388880934,270.105,3996.9624,93.83333333,33.4,7.014780712,2.69,0,27.8,2.664,24.2,202.5,77.85714286,1126
2021-11-26,80.89045455,31.7,0.15109890109890112,0.0,226.361,3827.647388880934,269.942,3996.9624,89.91666667,33.5,7.014780712,2.698,0,3.9,2.709,25.3,202.5,77.57142857,1079
2021-11-27,80.89045455,31.7,0.14835164835164838,0.0,226.361,3820.328639080082,269.942,3996.9624,91.66666667,33.6,7.014780712,2.698,0,9.3,2.709,25.2,202.5,77.28571429,1077
2021-11-28,80.89045455,31.7,0.14560439560439564,0.0,226.361,3827.647388880934,269.942,3996.9624,93.25,33.7,7.014780712,2.698,0,33.9,2.709,24.5,202.5,77.0,1124
2021-11-29,80.89045455,31.82,0.1428571428571429,0.0,228.603,3872.3038860037173,269.628,3996.9624,92.5,33.8,7.014780712,2.696,0,14.6,2.732,24.3,202.75,77.85714286,1181
2021-11-30,80.89045455,31.56,0.14010989010989006,0.0,228.602,3812.495271533787,268.256,3996.9624,90.625,33.9,7.014780712,2.679,0,7.1,2.728,24.9,202.75,78.71428571,1195
2021-12-01,74.67826087,31.67,0.13736263736263732,0.0,229.554,3827.647388880934,269.497,3996.9624,88.25,34.0,7.014780712,2.693,0,0.8,2.739,25.3,202.0,79.57142857,3181
2021-12-02,74.67826087,31.52,0.13461538461538458,0.0,227.512,3820.328639080082,267.307,3996.9624,87.91666667,34.12903226,7.014780712,2.671,0,0.6,2.731,25.6,202.5,80.42857143,3086
2021-12-03,74.67826087,31.75,0.13186813186813184,0.0,228.24,3872.3038860037173,268.958,3996.9624,87.33333333,34.25806452,7.014780712,2.686,0,2.1,2.72,25.6,202.0,81.28571429,3272
2021-12-04,74.67826087,31.75,0.1291208791208791,0.0,228.24,3872.3038860037173,268.958,3996.9624,88.45833333,34.38709677,7.014780712,2.686,0,2.2,2.72,25.6,202.0,82.14285714,3397
2021-12-05,74.67826087,31.75,0.12637362637362637,0.0,228.24,2245.079475692716,268.958,3996.9624,87.54166667,34.51612903,7.014780712,2.686,0,0.3,2.72,26.0,202.0,83.0,2701
2021-12-06,74.67826087,31.8,0.12362637362637363,0.0,227.391,2451.813677434595,268.523,3996.9624,89.83333333,34.64516129,7.014780712,2.685,0,6.0,2.722,25.4,202.75,83.57142857,2751
2021-12-07,74.67826087,31.95,0.1208791208791209,0.0,228.521,2245.079475692716,268.018,3996.9624,83.875,34.77419355,7.014780712,2.689,0,0.0,2.751,26.7,202.75,84.14285714,2932
2021-12-08,74.67826087,31.67,0.11813186813186816,0.0,228.137,2603.4844838850177,267.726,3996.9624,86.91666667,34.90322581,7.014780712,2.671,0,0.7,2.729,26.1,202.875,84.71428571,3071
2021-12-09,74.67826087,31.7,0.11538461538461542,0.0,229.959,2541.3443765351003,268.759,3996.9624,87.33333333,35.03225806,7.014780712,2.667,0,1.7,2.741,26.0,202.5,85.28571429,3091
2021-12-10,74.67826087,31.55,0.11263736263736268,0.0,228.098,2451.813677434595,267.014,3996.9624,83.125,35.16129032,7.014780712,2.652,0,2.4,2.728,26.4,202.5,85.85714286,3062
2021-12-11,74.67826087,31.55,0.10989010989010994,0.0,228.098,2603.4844838850177,267.014,3996.9624,80.08333333,35.29032258,7.014780712,2.652,0,1.9,2.728,26.6,202.5,86.42857143,3261
2021-12-12,74.67826087,31.55,0.1071428571428571,0.0,228.098,2541.3443765351003,267.014,3996.9624,84.58333333,35.41935484,7.014780712,2.652,0,0.9,2.728,26.1,202.5,87.0,3057
2021-12-13,74.67826087,31.72,0.10439560439560436,0.0,228.482,2541.3443765351003,268.111,3996.9624,89.66666667,35.5483871,7.014780712,2.656,0,22.9,2.734,25.4,202.0,88.71428571,2797
2021-12-14,74.67826087,31.57,0.10164835164835162,0.0,226.788,2245.079475692716,267.943,3996.9624,88.66666667,35.67741935,7.014780712,2.632,0,2.3,2.728,25.7,202.5,90.42857143,2572
2021-12-15,74.67826087,31.56,0.09890109890109888,0.0,227.391,2471.2382058514463,269.085,3996.9624,90.75,35.80645161,7.014780712,2.637,0,6.8,2.733,25.1,202.0,92.14285714,2548
2021-12-16,74.67826087,31.52,0.09615384615384615,0.0,226.829,2245.079475692716,267.438,3996.9624,88.91666667,35.93548387,7.014780712,2.643,0,7.1,2.705,25.5,202.0,93.85714286,2457
2021-12-17,74.67826087,31.68,0.09340659340659341,0.0,227.693,2603.4844838850177,267.452,3996.9624,87.5,36.06451613,7.014780712,2.667,0,9.6,2.712,25.5,202.0,95.57142857,2472
2021-12-18,74.67826087,31.68,0.09065934065934067,0.0,227.693,2451.813677434595,267.452,3996.9624,85.45833333,36.19354839,7.014780712,2.667,0,6.7,2.712,25.8,202.0,97.28571429,3042
2021-12-19,74.67826087,31.68,0.08791208791208793,0.0,227.693,2471.2382058514463,267.452,3996.9624,79.5,36.32258065,7.014780712,2.667,0,11.7,2.712,26.4,202.0,99.0,2492
2021-12-20,74.67826087,31.7,0.0851648351648352,0.0,225.884,2245.079475692716,268.688,3996.9624,76.5,36.4516129,7.014780712,2.668,0,0.0,2.728,26.5,202.5,99.14285714,2367
2021-12-21,74.67826087,31.71,0.08241758241758246,0.0,227.755,2471.2382058514463,270.358,3996.9624,81.20833333,36.58064516,7.014780712,2.676,0,1.2,2.734,26.2,202.5,99.28571429,2230
2021-12-22,74.67826087,31.71,0.07967032967032972,0.0,227.917,2471.2382058514463,271.543,3996.9624,80.5,36.70967742,7.014780712,2.692,0,0.1,2.745,26.2,202.5,99.42857143,2202
2021-12-23,74.67826087,31.72,0.07692307692307687,0.0,228.745,2451.813677434595,271.087,3996.9624,82.08333333,36.83870968,7.014780712,2.692,0,0.2,2.74,25.6,202.5,99.57142857,2150
2021-12-24,74.67826087,31.78,0.07417582417582413,0.0,228.826,3827.647388880934,272.547,3996.9624,77.5,36.96774194,7.014780712,2.7,0,0.0,2.753,25.2,202.5,99.71428571,2929
2021-12-25,74.67826087,31.78,0.0714285714285714,0.0,228.826,3812.495271533787,272.547,3996.9624,74.33333333,37.09677419,7.014780712,2.7,0,0.0,2.753,24.7,202.5,99.85714286,3975
2021-12-26,74.67826087,31.78,0.06868131868131866,0.0,228.826,3872.3038860037173,272.547,3996.9624,78.125,37.22580645,7.014780712,2.7,0,0.4,2.753,24.5,202.5,100.0,3076
2021-12-27,74.67826087,31.83,0.06593406593406592,0.0,228.603,3812.495271533787,272.583,3996.9624,76.0,37.35483871,7.014780712,2.713,0,0.0,2.753,24.9,202.75,98.57142857,3043
2021-12-28,74.67826087,31.8,0.06318681318681318,0.0,229.352,3872.3038860037173,273.49,3996.9624,75.83333333,37.48387097,7.014780712,2.715,0,0.0,2.726,25.6,202.875,97.14285714,3156
2021-12-29,74.67826087,31.79,0.06043956043956045,0.0,229.29,3792.9176458359616,273.8,3996.9624,75.70833333,37.61290323,7.014780712,2.724,0,0.0,2.712,26.4,202.75,95.71428571,3140
2021-12-30,74.67826087,31.88,0.05769230769230771,0.0,229.797,3872.3038860037173,274.51,3996.9624,85.20833333,37.74193548,7.014780712,2.721,0,8.4,2.703,25.5,202.875,94.28571429,2997
2021-12-31,74.67826087,31.88,0.05494505494505497,0.0,229.554,3872.3038860037173,273.334,3996.9624,86.66666667,37.87096774,7.014780712,2.724,0,2.3,2.713,25.3,202.875,92.85714286,2999
2022-01-01,85.62238095,31.88,0.052197802197802234,0.0,229.554,3820.328639080082,273.334,3342.636503,83.91666667,38.0,49.72110211,2.724,0,3.5,2.713,25.7,202.875,91.42857143,3003
2022-01-02,85.62238095,31.88,0.0494505494505495,0.01,229.554,3812.495271533787,273.334,3342.636503,80.29166667,38.03225806,49.72110211,2.724,0,8.0,2.713,26.2,202.875,90.0,3109
2022-01-03,85.62238095,31.81,0.04670329670329665,0.02,230.486,3872.3038860037173,274.49,3342.636503,82.125,38.06451613,49.72110211,2.719,0,14.2,2.686,25.7,202.875,90.14285714,3191
2022-01-04,85.62238095,31.58,0.04395604395604391,0.03,228.986,3820.328639080082,273.831,3342.636503,76.79166667,38.09677419,49.72110211,2.706,0,4.0,2.615,26.3,202.875,90.28571429,3484
2022-01-05,85.62238095,31.49,0.04120879120879117,0.04,228.803,3872.3038860037173,273.337,3342.636503,78.04166667,38.12903226,49.72110211,2.702,0,3.0,2.631,25.8,202.0,90.42857143,3627
2022-01-06,85.62238095,31.79,0.038461538461538436,0.05,227.391,3827.647388880934,275.677,3342.636503,79.29166667,38.16129032,49.72110211,2.729,0,0.8,2.667,26.6,202.0,90.57142857,3351
2022-01-07,85.62238095,31.79,0.0357142857142857,0.06,226.949,3792.9176458359616,275.474,3342.636503,84.41666667,38.19354839,49.72110211,2.739,0,3.7,2.696,26.2,202.875,90.71428571,3055
2022-01-08,85.62238095,31.79,0.03296703296703296,0.07,226.949,3872.3038860037173,275.474,3342.636503,78.45833333,38.22580645,49.72110211,2.739,0,0.8,2.696,26.5,202.875,90.85714286,3429
2022-01-09,85.62238095,31.79,0.030219780219780223,0.08,226.949,3827.647388880934,275.474,3342.636503,78.25,38.25806452,49.72110211,2.739,0,1.4,2.696,26.4,202.875,91.0,3435
2022-01-10,85.62238095,31.81,0.027472527472527486,0.09,230.304,3812.495271533787,276.62,3342.636503,82.875,38.29032258,49.72110211,2.746,0,0.9,2.718,25.9,202.875,89.28571429,3205
2022-01-11,85.62238095,31.88,0.02472527472527475,0.1,229.594,3820.328639080082,278.0,3342.636503,80.91666667,38.32258065,49.72110211,2.747,0,2.1,2.71,26.3,202.875,87.57142857,3174
2022-01-12,85.62238095,31.88,0.02197802197802201,0.11,230.425,3827.647388880934,278.071,3342.636503,84.08333333,38.35483871,49.72110211,2.74,0,3.8,2.645,25.7,202.875,85.85714286,3186
2022-01-13,85.62238095,31.91,0.019230769230769273,0.12,231.987,3820.328639080082,277.432,3342.636503,84.375,38.38709677,49.72110211,2.734,0,2.2,2.657,26.0,202.875,84.14285714,2940
2022-01-14,85.62238095,31.9,0.016483516483516536,0.13,232.21,3872.3038860037173,276.407,3342.636503,84.875,38.41935484,49.72110211,2.728,0,0.1,2.653,26.3,202.875,82.42857143,3428
2022-01-15,85.62238095,31.9,0.013736263736263687,0.14,232.21,3812.495271533787,276.407,3342.636503,87.125,38.4516129,49.72110211,2.728,0,2.5,2.653,26.3,202.875,80.71428571,2488
2022-01-16,85.62238095,31.9,0.01098901098901095,0.15,232.21,3872.3038860037173,276.407,3342.636503,81.875,38.48387097,49.72110211,2.728,0,1.2,2.653,26.5,202.875,79.0,2587
2022-01-17,85.62238095,31.72,0.008241758241758212,0.16,231.419,3820.328639080082,275.235,3342.636503,77.29166667,38.51612903,49.72110211,2.703,0,4.1,2.612,26.3,202.54,78.71428571,3272
2022-01-18,85.62238095,31.92,0.005494505494505475,0.17,231.079,3827.647388880934,276.039,3342.636503,73.91666667,38.5483871,49.72110211,2.72,0,1.6,2.656,26.9,202.445,78.42857143,2459
2022-01-19,85.62238095,31.83,0.0027472527472527375,0.18,228.267,3872.3038860037173,275.352,3342.636503,66.08333333,38.58064516,49.72110211,2.71,0,0.0,2.628,27.5,202.85,78.14285714,2566
2022-01-20,85.62238095,31.86,0.0,0.19,229.712,3812.495271533787,274.509,3342.636503,65.95833333,38.61290323,49.72110211,2.714,0,0.0,2.597,26.4,202.48,77.85714286,2605
2022-01-21,85.62238095,31.89,0.0,0.2,228.281,3812.495271533787,272.31,3342.636503,66.20833333,38.64516129,49.72110211,2.705,0,0.0,2.562,25.1,202.5,77.57142857,2625
2022-01-22,85.62238095,31.89,0.0,0.21,228.281,3820.328639080082,272.31,3342.636503,77.70833333,38.67741935,49.72110211,2.705,0,0.0,2.562,24.8,202.5,77.28571429,2167
2022-01-23,85.62238095,31.89,0.0,0.22,228.281,3827.647388880934,272.31,3342.636503,80.20833333,38.70967742,49.72110211,2.705,0,0.1,2.562,25.4,202.5,77.0,1960
2022-01-24,85.62238095,31.92,0.0,0.23,229.068,3827.647388880934,272.667,3342.636503,76.91666667,38.74193548,49.72110211,2.7,0,0.3,2.566,25.9,201.905,77.71428571,1911
2022-01-25,85.62238095,31.94,0.0,0.24,228.658,3820.328639080082,272.99,3342.636503,76.625,38.77419355,49.72110211,2.695,0,1.7,2.542,25.5,201.915,78.42857143,1935
2022-01-26,85.62238095,31.54,0.0,0.25,228.184,3792.9176458359616,270.418,3342.636503,78.91666667,38.80645161,49.72110211,2.672,0,2.8,2.575,25.2,202.77,79.14285714,1798
2022-01-27,85.62238095,31.6,0.0,0.26,226.886,3872.3038860037173,270.791,3342.636503,69.79166667,38.83870968,49.72110211,2.678,0,1.1,2.567,26.3,202.0,79.85714286,1952
2022-01-28,85.62238095,31.63,0.0,0.27,223.974,3827.647388880934,272.198,3342.636503,75.0,38.87096774,49.72110211,2.698,0,0.6,2.6,25.7,202.0,80.57142857,1735
2022-01-29,85.62238095,31.63,0.0,0.28,223.974,3827.647388880934,272.198,3342.636503,78.625,38.90322581,49.72110211,2.698,0,0.4,2.6,26.8,202.0,81.28571429,1601
2022-01-30,85.62238095,31.63,0.0,0.29,223.974,3820.328639080082,272.198,3342.636503,82.45833333,38.93548387,49.72110211,2.698,0,0.3,2.6,26.9,202.0,82.0,1549
2022-01-31,85.62238095,31.64,0.0,0.3,223.974,3792.9176458359616,273.689,3342.636503,88.95833333,38.96774194,49.72110211,2.692,0,9.5,2.633,25.1,202.4,82.42857143,1500
2022-02-01,94.267,31.73,0.0,0.31,226.008,3820.328639080082,275.349,3342.636503,85.33333333,39.0,49.72110211,2.697,0,0.0,2.642,25.6,202.41,82.85714286,3365
2022-02-02,94.267,31.75,0.0,0.32,226.822,3792.9176458359616,275.611,3342.636503,80.70833333,38.92857143,49.72110211,2.706,0,0.5,2.658,25.8,202.76,83.28571429,3587
2022-02-03,94.267,31.82,0.0,0.33,228.108,3872.3038860037173,273.899,3342.636503,82.5,38.85714286,49.72110211,2.712,0,0.0,2.673,25.5,202.685,83.71428571,3618
2022-02-04,94.267,31.67,0.0,0.34,231.025,3872.3038860037173,274.423,3342.636503,80.16666667,38.78571429,49.72110211,2.7,0,0.0,2.669,25.4,202.43,84.14285714,4883
2022-02-05,94.267,31.67,0.0,0.35,231.025,3820.328639080082,274.423,3342.636503,81.66666667,38.71428571,49.72110211,2.7,0,0.0,2.669,26.1,202.43,84.57142857,3761
2022-02-06,94.267,31.67,0.0,0.36,231.025,3827.647388880934,274.423,3342.636503,72.58333333,38.64285714,49.72110211,2.7,0,0.0,2.669,26.2,202.43,85.0,4451
2022-02-07,94.267,31.49,0.0,0.37,231.742,3827.647388880934,273.477,3342.636503,66.79166667,38.57142857,49.72110211,2.683,0,0.2,2.691,26.9,202.735,86.0,4616
2022-02-08,94.267,31.73,0.0,0.38,230.705,3820.328639080082,273.205,3342.636503,67.04166667,38.5,49.72110211,2.699,0,0.0,2.698,26.9,201.94,87.0,4621
2022-02-09,94.267,31.78,0.0,0.39,228.874,3792.9176458359616,274.899,3342.636503,62.58333333,38.42857143,49.72110211,2.689,0,0.0,2.688,27.1,201.865,88.0,4822
2022-02-10,94.267,31.79,0.0,0.4,230.611,3812.495271533787,274.631,3342.636503,69.04166667,38.35714286,49.72110211,2.68,0,0.9,2.607,26.7,202.78,89.0,4641
2022-02-11,94.267,31.74,0.0,0.41,230.814,3827.647388880934,273.909,3342.636503,80.5,38.28571429,49.72110211,2.665,0,2.7,2.628,26.3,202.5,90.0,3735
2022-02-12,94.267,31.74,0.0,0.42,230.814,3792.9176458359616,273.909,3342.636503,86.75,38.21428571,49.72110211,2.665,0,24.0,2.628,25.5,202.5,91.0,3395
2022-02-13,94.267,31.74,0.0,0.43,230.814,3792.9176458359616,273.909,3342.636503,84.54166667,38.14285714,49.72110211,2.665,0,6.9,2.628,25.1,202.5,92.0,3424
2022-02-14,94.267,31.78,0.0,0.44,229.25,3820.328639080082,274.037,3342.636503,74.125,38.07142857,49.72110211,2.679,0,3.5,2.682,26.7,202.475,91.42857143,3289
2022-02-15,94.267,31.91,0.0,0.45,228.135,3820.328639080082,274.706,3342.636503,67.375,38.0,49.72110211,2.694,0,0.0,2.691,26.8,202.435,90.85714286,3436
2022-02-16,94.267,31.78,0.0,0.46,228.801,3792.9176458359616,275.922,3342.636503,67.70833333,37.92857143,49.72110211,2.682,0,0.0,2.657,26.6,202.205,90.28571429,4245
2022-02-17,94.267,31.93,0.0,0.47,229.988,3827.647388880934,275.238,3342.636503,68.29166667,37.85714286,49.72110211,2.704,0,0.0,2.605,26.5,202.615,89.71428571,3320
2022-02-18,94.267,31.86,0.0,0.48,228.813,3820.328639080082,275.38,3342.636503,75.79166667,37.78571429,49.72110211,2.708,0,1.2,2.508,26.6,202.5,89.14285714,2870
2022-02-19,94.267,31.86,0.0,0.49,228.813,3792.9176458359616,275.38,3342.636503,79.79166667,37.71428571,49.72110211,2.708,0,1.3,2.508,26.7,202.5,88.57142857,2568
2022-02-20,94.267,31.86,0.0,0.5,228.813,3792.9176458359616,275.38,3342.636503,82.33333333,37.64285714,49.72110211,2.708,0,0.8,2.508,26.8,202.5,88.0,2353
2022-02-21,94.267,32.01,0.0,0.51,228.684,3812.495271533787,275.467,3342.636503,81.875,37.57142857,49.72110211,2.713,0,1.0,2.562,27.3,202.485,87.71428571,2092
2022-02-22,94.267,31.98,0.0,0.52,228.326,3812.495271533787,274.266,3342.636503,82.45833333,37.5,49.72110211,2.706,0,2.1,2.489,26.9,202.75,87.42857143,2114
2022-02-23,94.267,31.81,0.0,0.53,229.331,3812.495271533787,270.778,3342.636503,76.20833333,37.42857143,49.72110211,2.662,0,0.0,2.401,27.0,202.5,87.14285714,2369
2022-02-24,94.267,31.97,0.0,0.54,228.442,3820.328639080082,271.492,3342.636503,76.33333333,37.35714286,49.72110211,2.69,0,1.9,2.408,27.1,202.42,86.85714286,2234
2022-02-25,94.267,31.84,0.0,0.55,225.342,3820.328639080082,271.091,3342.636503,73.66666667,37.28571429,49.72110211,2.66,0,0.4,1.91,27.1,202.5,86.57142857,3068
2022-02-26,94.267,31.84,0.0,0.56,225.342,3827.647388880934,271.091,3342.636503,77.79166667,37.21428571,49.72110211,2.66,0,2.2,1.91,26.4,202.5,86.28571429,2988
2022-02-27,94.267,31.84,0.0,0.57,225.342,3872.3038860037173,271.091,3342.636503,74.75,37.14285714,49.72110211,2.66,0,1.0,1.91,27.2,202.5,86.0,3041
2022-02-28,94.267,31.96,0.0,0.58,227.593,3872.3038860037173,268.833,3342.636503,65.04166667,37.07142857,49.72110211,2.662,0,0.0,1.861,27.9,201.99,86.57142857,3601
2022-03-01,112.44,31.91,0.0,0.59,225.412,3872.3038860037173,271.69,3342.636503,61.29166667,37.0,49.72110211,2.666,0,0.6,1.976,28.6,201.735,87.14285714,3581
2022-03-02,112.44,31.96,0.0,0.6,224.471,3827.647388880934,270.338,3342.636503,64.875,36.96774194,49.72110211,2.658,0,1.6,1.843,27.8,202.655,87.71428571,3030
2022-03-03,112.44,31.88,0.0,0.61,224.355,3872.3038860037173,266.525,3342.636503,63.20833333,36.93548387,49.72110211,2.637,0,0.2,1.645,28.3,202.5,88.28571429,3480
2022-03-04,112.44,31.94,0.0,0.62,223.493,3827.647388880934,264.535,3342.636503,74.45833333,36.90322581,49.72110211,2.623,0,1.9,1.416,27.1,201.5,88.85714286,3600
2022-03-05,112.44,31.94,0.0,0.63,223.493,3820.328639080082,264.535,3342.636503,76.0,36.87096774,49.72110211,2.623,0,0.7,1.416,27.1,201.5,89.42857143,3678
2022-03-06,112.44,31.94,0.0,0.64,223.493,3827.647388880934,264.535,3342.636503,72.70833333,36.83870968,49.72110211,2.623,0,0.0,1.416,27.5,201.5,90.0,3938
2022-03-07,112.44,36.0,0.0,0.65,220.179,3827.647388880934,298.133,3342.636503,78.875,36.80645161,49.72110211,2.958,0,1.6,1.792,27.0,201.865,89.71428571,3370
2022-03-08,112.44,35.99,0.0,0.66,219.105,3827.647388880934,299.671,3342.636503,81.54166667,36.77419355,49.72110211,2.976,0,2.5,1.66,26.9,227.495,89.42857143,3474
2022-03-09,112.44,40.31,0.0,0.67,247.993,3820.328639080082,333.492,3342.636503,80.5,36.74193548,49.72110211,3.34,0,0.1,1.918,26.8,227.35,89.14285714,5075
2022-03-10,112.44,40.22,0.0,0.68,251.825,3792.9176458359616,332.47,3342.636503,78.16666667,36.70967742,49.72110211,3.333,0,0.5,1.911,27.0,254.855,88.85714286,5052
2022-03-11,112.44,40.06,0.0,0.69,279.96,3792.9176458359616,331.552,3342.636503,80.58333333,36.67741935,49.72110211,3.336,0,5.5,2.101,26.9,255.0,88.57142857,5384
2022-03-12,112.44,40.06,0.0,0.7,279.96,3812.495271533787,331.552,3342.636503,83.20833333,36.64516129,49.72110211,3.336,0,1.3,2.101,26.2,255.0,88.28571429,5204
2022-03-13,112.44,40.06,0.0,0.71,279.96,3820.328639080082,331.552,3342.636503,83.75,36.61290323,49.72110211,3.336,0,2.9,2.101,26.8,255.0,88.0,4815
2022-03-14,112.44,42.78,0.0,0.72,278.232,3792.9176458359616,355.341,3342.636503,84.58333333,36.58064516,49.72110211,3.566,0,1.8,2.573,26.8,255.0,88.57142857,3571
2022-03-15,112.44,41.72,0.0,0.73,278.97,3820.328639080082,348.464,3342.636503,84.66666667,36.5483871,49.72110211,3.478,0,0.0,2.724,26.6,272.5,89.14285714,2913
2022-03-16,112.44,41.67,0.0,0.74,298.47,3812.495271533787,347.76,3342.636503,77.79166667,36.51612903,49.72110211,3.483,0,0.0,2.594,27.6,265.0,89.71428571,3983
2022-03-17,112.44,43.62,0.0,0.75,292.375,3812.495271533787,365.69,3342.636503,80.20833333,36.48387097,49.72110211,3.648,0,1.5,2.62,27.4,264.495,90.28571429,4664
2022-03-18,112.44,44.05,0.0,0.76,293.353,3820.328639080082,368.735,3342.636503,86.08333333,36.4516129,49.72110211,3.67,0,1.9,2.642,26.5,277.5,90.85714286,3285
2022-03-19,112.44,44.05,0.0,0.77,293.353,3827.647388880934,368.735,3342.636503,85.95833333,36.41935484,49.72110211,3.67,0,7.5,2.642,26.5,277.5,91.42857143,3174
2022-03-20,112.44,44.05,0.0,0.78,293.353,3872.3038860037173,368.735,3342.636503,82.83333333,36.38709677,49.72110211,3.67,0,3.0,2.642,26.9,277.5,92.0,3147
2022-03-21,112.44,44.77,0.0,0.79,306.638,3872.3038860037173,377.983,3342.636503,81.875,36.35483871,49.72110211,3.742,0,1.4,2.704,27.6,280.0,90.28571429,3311
2022-03-22,112.44,44.33,0.0,0.8,308.449,3820.328639080082,373.042,3342.636503,82.70833333,36.32258065,49.72110211,3.691,0,2.2,2.94,27.5,285.0,88.57142857,2591
2022-03-23,112.44,45.15,0.0,0.81,314.356,3872.3038860037173,379.128,3342.636503,82.54166667,36.29032258,49.72110211,3.768,0,1.0,2.829,27.5,282.5,86.85714286,3075
2022-03-24,112.44,45.95,0.0,0.82,310.892,3792.9176458359616,385.56,3342.636503,79.41666667,36.25806452,49.72110211,3.834,0,0.9,2.829,27.3,287.5,85.14285714,3045
2022-03-25,112.44,45.51,0.0,0.83,316.164,3872.3038860037173,379.474,3342.636503,78.5,36.22580645,49.72110211,3.811,0,1.4,3.076,27.4,292.5,83.42857143,2580
2022-03-26,112.44,45.51,0.0,0.84,316.164,3812.495271533787,379.474,3342.636503,77.66666667,36.19354839,49.72110211,3.811,0,3.0,3.076,27.7,292.5,81.71428571,2534
2022-03-27,112.44,45.51,0.0,0.85,316.164,3792.9176458359616,379.474,3342.636503,82.29166667,36.16129032,49.72110211,3.811,0,0.8,3.076,27.2,292.5,80.0,2416
2022-03-28,112.44,46.12,0.0,0.86,321.254,3792.9176458359616,384.252,3342.636503,84.54166667,36.12903226,49.72110211,3.879,0,3.0,3.385,26.6,289.995,79.28571429,2105
2022-03-29,112.44,46.63,0.0,0.87,318.415,3872.3038860037173,388.738,3342.636503,82.125,36.09677419,49.72110211,3.904,0,2.4,3.577,27.2,293.5,78.57142857,1906
2022-03-30,112.44,46.37,0.0,0.88,325.405,3812.495271533787,386.2,3342.636503,81.70833333,36.06451613,49.72110211,3.872,0,0.8,3.602,27.1,296.0,77.85714286,2035
2022-03-31,112.44,46.28,0.0,0.89,330.307,3872.3038860037173,386.208,3342.636503,81.45833333,36.03225806,49.72110211,3.875,0,1.3,3.439,27.0,294.0,77.14285714,2484
2022-04-01,106.1557143,46.73,0.0,0.9,325.371,3820.328639080082,390.008,3342.636503,79.5,36.0,49.72110211,3.941,0,1.8,3.544,27.4,294.5,76.42857143,2328
2022-04-02,106.1557143,46.73,0.0,0.91,325.371,3792.9176458359616,390.008,3342.636503,78.08333333,35.93333333,49.72110211,3.941,0,0.8,3.544,27.7,294.5,75.71428571,2368
2022-04-03,106.1557143,46.73,0.0,0.92,325.371,3872.3038860037173,390.008,3342.636503,80.125,35.86666667,49.72110211,3.941,0,3.4,3.544,27.1,294.5,75.0,2448
2022-04-04,106.1557143,46.73,0.0,0.93,325.57,3820.328639080082,388.715,3342.636503,84.66666667,35.8,49.72110211,3.941,0,14.3,3.534,26.3,297.375,78.57142857,2363
2022-04-05,106.1557143,47.96,0.0,0.94,326.28,3827.647388880934,398.636,3342.636503,88.33333333,35.73333333,49.72110211,4.016,0,21.4,3.702,25.3,297.375,82.14285714,2313
2022-04-06,106.1557143,49.53,0.0,0.95,324.288,3812.495271533787,411.847,3342.636503,88.70833333,35.66666667,49.72110211,4.15,0,10.2,3.981,25.2,305.0,85.71428571,2062
2022-04-07,106.1557143,49.49,0.0,0.96,332.329,3820.328639080082,410.525,3342.636503,86.875,35.6,49.72110211,4.147,0,3.8,3.931,26.1,315.0,89.28571429,2276
2022-04-08,106.1557143,50.63,0.0,0.97,342.689,3827.647388880934,420.155,3342.636503,90.08333333,35.53333333,49.72110211,4.253,0,14.5,3.868,25.0,315.0,92.85714286,2828
2022-04-09,106.1557143,50.63,0.0,0.98,342.689,3820.328639080082,420.155,3342.636503,87.08333333,35.46666667,49.72110211,4.253,0,9.7,3.868,25.7,315.0,96.42857143,2871
2022-04-10,106.1557143,50.63,0.0,0.99,342.689,3812.495271533787,420.155,3342.636503,89.33333333,35.4,49.72110211,4.253,0,27.2,3.868,25.3,315.0,100.0,2793
2022-04-11,106.1557143,50.66,0.0,1.0,342.658,3812.495271533787,419.269,3342.636503,86.875,35.33333333,49.72110211,4.239,0,9.2,3.783,26.4,322.5,96.57142857,3474
2022-04-12,106.1557143,50.61,0.0,1.0,350.993,3812.495271533787,422.75,3342.636503,90.04166667,35.26666667,49.72110211,4.234,0,11.4,3.914,26.1,322.5,93.14285714,3238
2022-04-13,106.1557143,50.53,0.0,1.0,349.204,3792.9176458359616,421.115,3342.636503,88.875,35.2,49.72110211,4.224,0,6.0,3.907,26.1,322.285,89.71428571,3143
2022-04-14,106.1557143,50.58,0.0,1.0,350.879,3812.495271533787,420.906,3342.636503,85.25,35.13333333,49.72110211,4.222,0,2.1,3.998,26.8,322.285,86.28571429,2910
2022-04-15,106.1557143,51.44,0.0,1.0,349.02,3872.3038860037173,426.146,3342.636503,85.0,35.06666667,49.72110211,4.293,0,0.4,4.044,27.5,322.285,82.85714286,2703
2022-04-16,106.1557143,51.44,0.0,1.0,349.02,3792.9176458359616,426.146,3342.636503,83.66666667,35.0,49.72110211,4.293,0,1.0,4.044,27.7,322.285,79.42857143,2616
2022-04-17,106.1557143,51.44,0.0,1.0,349.02,3812.495271533787,426.146,3342.636503,83.41666667,34.93333333,49.72110211,4.293,0,1.3,4.044,27.5,322.285,76.0,2022
2022-04-18,106.1557143,52.4,0.0,1.0,348.327,3872.3038860037173,435.468,3342.636503,86.83333333,34.86666667,49.72110211,4.382,0,2.7,4.155,26.9,327.5,76.0,1817
2022-04-19,106.1557143,52.19,0.0,1.0,353.112,3792.9176458359616,437.779,3342.636503,87.5,34.8,49.72110211,4.392,0,16.3,4.079,26.2,335.0,76.0,1940
2022-04-20,106.1557143,51.93,0.0,1.0,361.399,3792.9176458359616,436.439,3342.636503,86.875,34.73333333,49.72110211,4.393,0,1.7,4.148,27.3,335.0,76.0,1860
2022-04-21,106.1557143,51.53,0.0,1.0,363.577,3792.9176458359616,430.107,3342.636503,88.08333333,34.66666667,49.72110211,4.381,0,6.0,4.336,26.9,335.0,76.0,1561
2022-04-22,106.1557143,51.07,0.0,1.0,363.074,3872.3038860037173,426.841,3342.636503,88.58333333,34.6,49.72110211,4.365,0,9.3,4.472,26.3,335.0,76.0,1362
2022-04-23,106.1557143,51.07,0.0,1.0,363.074,3792.9176458359616,426.841,3342.636503,86.95833333,34.53333333,49.72110211,4.365,0,0.7,4.472,26.7,335.0,76.0,1324
2022-04-24,106.1557143,51.07,0.0,1.0,363.074,3792.9176458359616,426.841,3342.636503,82.5,34.46666667,49.72110211,4.365,0,5.5,4.472,27.4,335.0,76.0,1342
2022-04-25,106.1557143,52.24,0.0,1.0,361.633,3812.495271533787,430.729,3342.636503,88.25,34.4,49.72110211,4.467,0,8.4,4.535,26.5,335.0,75.42857143,1249
2022-04-26,106.1557143,54.11,0.0,1.0,358.887,3872.3038860037173,445.514,3342.636503,87.625,34.33333333,49.72110211,4.632,0,3.6,4.821,26.9,342.5,74.85714286,1115
2022-04-27,106.1557143,52.82,0.0,1.0,364.318,3792.9176458359616,436.014,3342.636503,86.25,34.26666667,49.72110211,4.565,0,9.9,4.819,27.2,354.99,74.28571429,1116
2022-04-28,106.1557143,53.72,0.0,1.0,374.764,3872.3038860037173,446.343,3342.636503,84.75,34.2,49.72110211,4.639,0,3.7,4.852,27.0,350.0,73.71428571,1339
2022-04-29,106.1557143,53.61,0.0,1.0,367.501,3827.647388880934,442.617,3342.636503,85.45833333,34.13333333,49.72110211,4.632,0,2.2,5.024,27.1,355.0,73.14285714,1081
2022-04-30,106.1557143,53.61,0.0,1.0,367.501,3820.328639080082,442.617,3342.636503,83.625,34.06666667,49.72110211,4.632,0,2.1,5.024,27.9,355.0,72.57142857,1118
2022-05-01,112.1136364,53.61,0.0,1.0,367.501,3820.328639080082,442.617,3342.636503,85.16666667,34.0,49.72110211,4.632,0,11.9,5.024,27.3,355.0,72.0,1480
2022-05-02,112.1136364,53.61,0.0,1.0,374.277,3812.495271533787,442.846,3342.636503,86.58333333,33.93548387,49.72110211,4.633,0,16.6,5.203,27.3,354.29,70.85714286,1351
2022-05-03,112.1136364,53.34,0.0,1.0,372.148,3827.647388880934,444.963,3342.636503,85.83333333,33.87096774,49.72110211,4.621,0,2.6,5.343,27.9,354.29,69.71428571,1203
2022-05-04,112.1136364,55.59,0.0,1.0,372.786,3812.495271533787,457.543,3342.636503,83.125,33.80645161,49.72110211,4.836,0,1.7,5.704,27.7,352.5,68.57142857,940
2022-05-05,112.1136364,54.0,0.0,1.0,374.462,3820.328639080082,444.206,3342.636503,86.125,33.74193548,49.72110211,4.677,0,8.6,5.227,26.9,370.0,67.42857143,1234
2022-05-06,112.1136364,54.23,0.0,1.0,390.055,3872.3038860037173,450.155,3342.636503,82.125,33.67741935,49.72110211,4.718,0,4.2,5.224,27.7,360.0,66.28571429,1574
2022-05-07,112.1136364,54.23,0.0,1.0,390.055,3820.328639080082,450.155,3342.636503,77.625,33.61290323,49.72110211,4.718,0,2.2,5.224,28.7,360.0,65.14285714,1676
2022-05-08,112.1136364,54.23,0.0,1.0,390.055,3827.647388880934,450.155,3342.636503,78.08333333,33.5483871,49.72110211,4.718,0,10.3,5.224,29.1,360.0,64.0,1690
2022-05-09,112.1136364,54.2,0.0,1.0,379.909,3872.3038860037173,449.809,3342.636503,84.375,33.48387097,49.72110211,4.726,0,11.9,5.214,27.7,365.0,64.57142857,1467
2022-05-10,112.1136364,54.31,0.0,1.0,385.332,3820.328639080082,447.181,3342.636503,83.04166667,33.41935484,49.72110211,4.714,0,21.3,5.479,27.7,364.985,65.14285714,1301
2022-05-11,112.1136364,54.52,0.0,1.0,384.294,3812.495271533787,451.439,3342.636503,78.125,33.35483871,49.72110211,4.778,0,13.6,5.726,28.2,365.0,65.71428571,1150
2022-05-12,112.1136364,53.03,0.0,1.0,383.725,3792.9176458359616,441.47,3342.636503,87.125,33.29032258,49.72110211,4.646,0,25.9,5.424,26.1,370.0,66.28571429,1206
2022-05-13,112.1136364,52.94,0.0,1.0,384.061,3872.3038860037173,442.599,3342.636503,88.91666667,33.22580645,49.72110211,4.616,0,61.7,5.574,26.0,360.0,66.85714286,1013
2022-05-14,112.1136364,52.94,0.0,1.0,384.061,3812.495271533787,442.599,3342.636503,89.875,33.16129032,49.72110211,4.616,0,70.5,5.574,25.9,360.0,67.42857143,963
2022-05-15,112.1136364,52.94,0.0,1.0,384.061,3812.495271533787,442.599,3342.636503,87.54166667,33.09677419,49.72110211,4.616,0,30.6,5.574,26.4,360.0,68.0,1195
2022-05-16,112.1136364,53.43,0.0,1.0,374.87,3872.3038860037173,449.713,3342.636503,83.625,33.03225806,49.72110211,4.647,0,17.6,5.518,27.0,359.28,67.85714286,1138
2022-05-17,112.1136364,53.3,0.0,1.0,374.839,3872.3038860037173,444.278,3342.636503,84.66666667,32.96774194,49.72110211,4.627,0,19.5,5.571,26.9,360.0,67.71428571,815
2022-05-18,112.1136364,53.61,0.0,1.0,379.766,3812.495271533787,448.459,3342.636503,85.79166667,32.90322581,49.72110211,4.648,0,17.2,5.793,26.6,360.0,67.57142857,709
2022-05-19,112.1136364,53.75,0.0,1.0,376.849,3872.3038860037173,449.257,3342.636503,84.83333333,32.83870968,49.72110211,4.62,0,13.4,5.815,26.8,359.86,67.42857143,655
2022-05-20,112.1136364,54.05,0.0,1.0,381.056,3872.3038860037173,452.576,3342.636503,82.875,32.77419355,49.72110211,4.636,0,2.7,6.152,27.4,359.75,67.28571429,523
2022-05-21,112.1136364,54.05,0.0,1.0,381.056,3872.3038860037173,452.576,3342.636503,82.33333333,32.70967742,49.72110211,4.636,0,1.9,6.152,27.5,359.75,67.14285714,513
2022-05-22,112.1136364,54.05,0.0,1.0,381.056,3792.9176458359616,452.576,3342.636503,82.375,32.64516129,49.72110211,4.636,0,3.0,6.152,27.5,359.75,67.0,490
2022-05-23,112.1136364,54.03,0.0,1.0,379.969,3827.647388880934,450.509,3342.636503,84.04166667,32.58064516,49.72110211,4.64,0,6.1,6.214,27.3,359.5,68.28571429,440
2022-05-24,112.1136364,54.09,0.0,1.0,384.342,3872.3038860037173,454.89,3342.636503,92.16666667,32.51612903,49.72110211,4.669,0,63.1,6.011,25.0,359.5,69.57142857,518
2022-05-25,112.1136364,53.76,0.0,1.0,385.923,3820.328639080082,456.291,3342.636503,89.95833333,32.4516129,49.72110211,4.666,0,10.5,5.611,25.8,362.0,70.85714286,667
2022-05-26,112.1136364,54.04,0.0,1.0,386.689,3820.328639080082,456.772,3342.636503,88.25,32.38709677,49.72110211,4.664,0,17.6,5.453,26.0,362.25,72.14285714,761
2022-05-27,112.1136364,54.35,0.0,1.0,388.55,3872.3038860037173,457.991,3342.636503,87.41666667,32.32258065,49.72110211,4.668,0,8.1,5.667,26.0,362.0,73.42857143,681
2022-05-28,112.1136364,54.35,0.0,1.0,388.55,3792.9176458359616,457.991,3342.636503,87.5,32.25806452,49.72110211,4.668,0,16.1,5.667,26.1,362.0,74.71428571,687
2022-05-29,112.1136364,54.35,0.0,1.0,388.55,3827.647388880934,457.991,3342.636503,90.20833333,32.19354839,49.72110211,4.668,0,28.6,5.667,25.2,362.0,76.0,720
2022-05-30,112.1136364,53.96,0.0,1.0,388.391,3872.3038860037173,453.673,3342.636503,88.16666667,32.12903226,49.72110211,4.639,0,32.6,5.749,25.6,361.99,76.85714286,686
2022-05-31,112.1136364,53.77,0.0,1.0,390.19,3792.9176458359616,449.053,3342.636503,87.5,32.06451613,49.72110211,4.635,0,41.0,5.674,25.6,360.0,77.71428571,761
2022-06-01,117.6927273,53.98,0.0,1.0,386.461,3827.647388880934,452.18,3342.636503,85.66666667,32.0,49.72110211,4.645,0,33.6,5.685,26.1,359.5,78.57142857,1867
2022-06-02,117.6927273,53.45,0.0,1.0,382.868,3827.647388880934,447.767,3342.636503,81.29166667,31.96666667,49.72110211,4.585,0,6.7,5.669,27.1,359.5,79.42857143,1798
2022-06-03,117.6927273,54.38,0.0,1.0,386.392,3872.3038860037173,455.55,3342.636503,82.91666667,31.93333333,49.72110211,4.649,0,8.6,5.909,26.9,358.5,80.28571429,1640
2022-06-04,117.6927273,54.38,0.0,1.0,386.392,3820.328639080082,455.55,3342.636503,85.75,31.9,49.72110211,4.649,0,10.2,5.909,26.5,358.5,81.14285714,1666
2022-06-05,117.6927273,54.38,0.0,1.0,386.392,3820.328639080082,455.55,3342.636503,84.33333333,31.86666667,49.72110211,4.649,0,5.0,5.909,26.6,358.5,82.0,1793
2022-06-06,117.6927273,53.5,0.0,1.0,381.596,3812.495271533787,452.611,3342.636503,86.45833333,31.83333333,49.72110211,4.596,0,6.1,5.833,26.2,363.48,81.28571429,1720
2022-06-07,117.6927273,53.4,0.0,1.0,386.952,3812.495271533787,449.595,3342.636503,87.41666667,31.8,49.72110211,4.593,0,8.0,5.937,25.9,359.5,80.57142857,1756
2022-06-08,117.6927273,53.79,0.0,1.0,381.954,3812.495271533787,449.749,3342.636503,84.08333333,31.76666667,49.72110211,4.626,0,5.4,6.248,26.8,358.5,79.85714286,1415
2022-06-09,117.6927273,53.66,0.0,1.0,382.49,3792.9176458359616,443.377,3342.636503,83.125,31.73333333,49.72110211,4.607,0,7.7,6.195,26.7,360.0,79.14285714,1487
2022-06-10,117.6927273,53.3,0.0,1.0,382.177,3820.328639080082,436.681,3342.636503,79.0,31.7,49.72110211,4.609,0,3.1,6.276,27.3,360.0,78.42857143,1418
2022-06-11,117.6927273,53.3,0.0,1.0,382.177,3792.9176458359616,436.681,3342.636503,83.25,31.66666667,49.72110211,4.609,0,8.3,6.276,26.6,360.0,77.71428571,1366
2022-06-12,117.6927273,53.3,0.0,1.0,382.177,3872.3038860037173,436.681,3342.636503,85.66666667,31.63333333,49.72110211,4.609,0,12.8,6.276,26.3,360.0,77.0,1331
2022-06-13,117.6927273,53.3,0.0,1.0,378.613,3872.3038860037173,431.066,3342.636503,84.25,31.6,49.72110211,4.605,0,6.4,6.16,26.9,360.0,75.14285714,1313
2022-06-14,117.6927273,53.62,0.0,1.0,374.654,3792.9176458359616,438.481,3342.636503,85.41666667,31.56666667,49.72110211,4.605,0,13.4,6.504,27.0,359.28,73.28571429,1171
2022-06-15,117.6927273,54.0,0.0,1.0,374.264,3792.9176458359616,447.198,3342.636503,88.95833333,31.53333333,49.72110211,4.642,0,12.7,6.325,25.9,360.0,71.42857143,1034
2022-06-16,117.6927273,53.9,0.0,1.0,375.985,3827.647388880934,442.546,3342.636503,89.70833333,31.5,49.72110211,4.644,0,20.8,6.424,25.6,362.0,69.57142857,942
2022-06-17,117.6927273,53.32,0.0,1.0,381.911,3872.3038860037173,439.847,3342.636503,86.95833333,31.46666667,49.72110211,4.58,0,7.1,6.483,26.2,362.0,67.71428571,887
2022-06-18,117.6927273,53.32,0.0,1.0,381.911,3792.9176458359616,439.847,3342.636503,86.54166667,31.43333333,49.72110211,4.58,0,3.1,6.483,25.9,362.0,65.85714286,867
2022-06-19,117.6927273,53.32,0.0,1.0,381.911,3812.495271533787,439.847,3342.636503,83.91666667,31.4,49.72110211,4.58,0,10.9,6.483,26.5,362.0,64.0,851
2022-06-20,117.6927273,53.5,0.0,1.0,380.101,3872.3038860037173,441.991,3342.636503,84.875,31.36666667,49.72110211,4.581,0,6.7,6.698,26.6,359.0,65.42857143,685
2022-06-21,117.6927273,53.71,0.0,1.0,375.171,3872.3038860037173,441.649,3342.636503,86.20833333,31.33333333,49.72110211,4.605,0,10.0,6.593,26.7,360.0,66.85714286,669
2022-06-22,117.6927273,53.29,0.0,1.0,376.795,3792.9176458359616,440.206,3342.636503,83.5,31.3,49.72110211,4.568,0,6.0,6.603,26.7,360.0,68.28571429,659
2022-06-23,117.6927273,53.35,0.0,1.0,380.395,3827.647388880934,440.278,3342.636503,82.83333333,31.26666667,49.72110211,4.561,0,6.7,6.739,26.9,359.0,69.71428571,605
2022-06-24,117.6927273,53.33,0.0,1.0,375.707,3820.328639080082,440.332,3342.636503,86.58333333,31.23333333,49.72110211,4.55,0,16.0,6.717,26.2,359.0,71.14285714,542
2022-06-25,117.6927273,53.33,0.0,1.0,375.707,3812.495271533787,440.332,3342.636503,84.54166667,31.2,49.72110211,4.55,0,24.7,6.717,26.9,359.0,72.57142857,537
2022-06-26,117.6927273,53.33,0.0,1.0,375.707,3820.328639080082,440.332,3342.636503,83.79166667,31.16666667,49.72110211,4.55,0,7.0,6.717,27.2,359.0,74.0,543
2022-06-27,117.6927273,53.06,0.0,1.0,376.778,3820.328639080082,436.17,3342.636503,81.33333333,31.13333333,49.72110211,4.505,0,0.7,6.677,27.8,359.0,72.71428571,553
2022-06-28,117.6927273,53.13,0.0,1.0,377.813,3872.3038860037173,434.147,3342.636503,81.33333333,31.1,49.72110211,4.508,0,5.5,6.836,27.5,358.0,71.42857143,531
2022-06-29,117.6927273,53.13,0.0,1.0,374.441,3812.495271533787,435.937,3342.636503,83.66666667,31.06666667,49.72110211,4.508,0,6.0,6.524,27.5,358.0,70.14285714,620
2022-06-30,117.6927273,53.11,0.0,1.0,371.628,3820.328639080082,433.037,3342.636503,83.25,31.03333333,49.72110211,4.507,0,7.2,6.646,26.9,358.0,68.85714286,590
2022-07-01,105.2528571,54.33,0.0,1.0,373.159,3820.328639080082,440.641,3342.636503,80.83333333,31.0,49.72110211,4.611,0,0.7,6.517,27.6,358.0,67.57142857,1084
2022-07-02,105.2528571,54.33,0.0,1.0,373.159,3792.9176458359616,440.641,3342.636503,80.66666667,31.03225806,49.72110211,4.611,0,4.6,6.517,27.7,358.0,66.28571429,1113
2022-07-03,105.2528571,54.33,0.0,1.0,373.159,3792.9176458359616,440.641,3342.636503,84.33333333,31.06451613,49.72110211,4.611,0,26.0,6.517,26.6,358.0,65.0,1152
2022-07-04,105.2528571,53.57,0.0,1.0,371.237,3812.495271533787,430.507,3342.636503,81.5,31.09677419,49.72110211,4.54,0,0.0,5.772,27.2,364.0,66.0,1882
2022-07-05,105.2528571,54.26,0.0,1.0,379.398,3812.495271533787,434.035,3342.636503,84.125,31.12903226,49.72110211,4.605,0,6.5,5.611,26.8,360.0,67.0,2519
2022-07-06,105.2528571,53.72,0.0,1.0,369.649,3792.9176458359616,432.83,3342.636503,86.79166667,31.16129032,49.72110211,4.547,0,6.8,5.708,26.3,364.0,68.0,2093
2022-07-07,105.2528571,54.48,0.0,1.0,370.59,3827.647388880934,438.759,3342.636503,84.45833333,31.19354839,49.72110211,4.6,0,1.2,5.631,26.5,360.0,69.0,2487
2022-07-08,105.2528571,53.59,0.0,1.0,365.797,3792.9176458359616,428.078,3342.636503,82.91666667,31.22580645,49.72110211,4.532,0,0.0,5.554,26.7,364.75,70.0,2406
2022-07-09,105.2528571,53.59,0.0,1.0,365.797,3827.647388880934,428.078,3342.636503,83.0,31.25806452,49.72110211,4.532,0,0.0,5.554,26.8,364.75,71.0,2479
2022-07-10,105.2528571,53.59,0.0,1.0,365.797,4349.403980166176,428.078,3342.636503,81.5,31.29032258,49.72110211,4.532,0,3.1,5.554,27.0,364.75,72.0,3600
2022-07-11,105.2528571,53.31,0.0,1.0,371.499,4365.037166085946,426.15,3342.636503,84.20833333,31.32258065,49.72110211,4.511,0,4.0,6.136,26.7,360.0,70.71428571,1841
2022-07-12,105.2528571,53.22,0.0,1.0,361.478,4561.857285074308,425.146,3342.636503,84.0,31.35483871,49.72110211,4.488,0,1.3,6.115,26.9,358.5,69.42857143,1630
2022-07-13,105.2528571,54.1,0.0,1.0,359.899,4561.857285074308,432.168,3342.636503,81.66666667,31.38709677,49.72110211,4.574,0,2.5,6.272,27.0,357.565,68.14285714,1933
2022-07-14,105.2528571,53.27,0.0,1.0,359.784,4561.857285074308,426.745,3342.636503,80.95833333,31.41935484,49.72110211,4.512,0,3.6,6.332,27.1,365.5,66.85714286,1331
2022-07-15,105.2528571,53.39,0.0,1.0,366.159,4349.403980166176,430.28,3342.636503,83.08333333,31.4516129,49.72110211,4.499,0,2.0,6.332,27.0,360.0,65.57142857,1317
2022-07-16,105.2528571,53.39,0.0,1.0,366.159,4561.857285074308,430.28,3342.636503,84.83333333,31.48387097,49.72110211,4.499,0,4.4,6.332,26.7,360.0,64.28571429,1271
2022-07-17,105.2528571,53.39,0.0,1.0,366.159,4205.408305482472,430.28,3342.636503,85.75,31.51612903,49.72110211,4.499,0,2.8,6.332,26.9,360.0,63.0,1130
2022-07-18,105.2528571,53.38,0.0,1.0,363.206,4365.037166085946,431.804,3342.636503,84.625,31.5483871,49.72110211,4.508,0,2.2,6.388,26.8,359.99,64.0,1074
2022-07-19,105.2528571,53.29,0.0,1.0,365.138,3812.495271533787,430.945,3342.636503,85.41666667,31.58064516,49.72110211,4.5,0,0.2,6.445,26.8,360.0,65.0,896
2022-07-20,105.2528571,52.88,0.0,1.0,368.137,3792.9176458359616,431.79,3342.636503,86.0,31.61290323,49.72110211,4.48,0,7.5,6.335,26.3,359.99,66.0,968
2022-07-21,105.2528571,53.32,0.0,1.0,366.435,3872.3038860037173,432.145,3342.636503,85.41666667,31.64516129,49.72110211,4.509,0,9.7,6.209,26.5,359.99,67.0,1026
2022-07-22,105.2528571,53.02,0.0,1.0,366.081,3872.3038860037173,433.585,3342.636503,84.54166667,31.67741935,49.72110211,4.489,0,9.9,6.167,26.4,360.0,68.0,1002
2022-07-23,105.2528571,53.02,0.0,1.0,366.081,3827.647388880934,433.585,3342.636503,84.16666667,31.70967742,49.72110211,4.489,0,6.6,6.167,26.6,360.0,69.0,977
2022-07-24,105.2528571,53.02,0.0,1.0,366.081,3820.328639080082,433.585,3342.636503,83.75,31.74193548,49.72110211,4.489,0,0.4,6.167,26.5,360.0,70.0,969
2022-07-25,105.2528571,52.77,0.0,1.0,367.633,3820.328639080082,432.371,3342.636503,86.91666667,31.77419355,49.72110211,4.469,0,1.7,5.991,26.4,360.0,70.71428571,1021
2022-07-26,105.2528571,52.81,0.0,1.0,365.876,3872.3038860037173,436.992,3342.636503,86.95833333,31.80645161,49.72110211,4.47,0,0.8,6.01,26.5,359.5,71.42857143,1001
2022-07-27,105.2528571,53.65,0.0,1.0,361.07,3827.647388880934,443.907,3342.636503,89.875,31.83870968,49.72110211,4.545,0,29.2,5.843,26.0,359.5,72.14285714,1119
2022-07-28,105.2528571,52.93,0.0,1.0,364.211,3820.328639080082,436.814,3342.636503,88.83333333,31.87096774,49.72110211,4.498,0,4.8,5.778,25.7,364.5,72.85714286,1206
2022-07-29,105.2528571,53.63,0.0,1.0,369.023,4656.428903268625,444.67,3342.636503,90.29166667,31.90322581,49.72110211,4.597,0,2.7,5.868,25.8,359.0,73.57142857,1526
2022-07-30,105.2528571,53.63,0.0,1.0,369.023,4402.7062922730065,444.67,3342.636503,87.91666667,31.93548387,49.72110211,4.597,0,4.4,5.868,26.1,359.0,74.28571429,1564
2022-07-31,105.2528571,53.63,0.0,1.0,369.023,4402.7062922730065,444.67,3342.636503,86.58333333,31.96774194,49.72110211,4.597,0,3.6,5.868,26.1,359.0,75.0,1676
2022-08-01,97.64304348,52.98,0.0,1.0,364.783,4747.591225847324,438.174,3342.636503,87.79166667,32.0,49.72110211,4.552,0,31.2,5.937,25.4,362.995,76.42857143,1494
2022-08-02,97.64304348,52.83,0.0,1.0,372.543,2728.8892760356175,436.024,3342.636503,84.16666667,32.06451613,49.72110211,4.512,0,38.3,5.872,25.6,359.985,77.85714286,1212
2022-08-03,97.64304348,52.89,0.0,1.0,363.821,2758.6114982578397,436.688,3342.636503,84.875,32.12903226,49.72110211,4.509,0,28.9,5.801,25.5,359.0,79.28571429,1204
2022-08-04,97.64304348,52.79,0.0,1.0,362.819,2687.3687878232167,433.403,3342.636503,83.0,32.19354839,49.72110211,4.498,0,21.7,5.896,26.1,359.0,80.71428571,1124
2022-08-05,97.64304348,54.07,0.0,1.0,365.782,2926.6879355400697,440.941,3342.636503,83.41666667,32.25806452,49.72110211,4.586,0,5.9,5.912,26.3,359.0,82.14285714,1292
2022-08-06,97.64304348,54.07,0.0,1.0,365.782,2758.6114982578397,440.941,3342.636503,84.66666667,32.32258065,49.72110211,4.586,0,5.3,5.912,26.1,359.0,83.57142857,1325
2022-08-07,97.64304348,54.07,0.0,1.0,365.782,2926.6879355400697,440.941,3342.636503,83.70833333,32.38709677,49.72110211,4.586,0,2.6,5.912,26.5,359.0,85.0,1418
2022-08-08,97.64304348,52.87,0.0,1.0,363.462,2926.6879355400697,433.744,3342.636503,82.29166667,32.4516129,49.72110211,4.486,0,2.7,5.901,26.6,365.0,84.85714286,1329
2022-08-09,97.64304348,53.99,0.0,1.0,372.191,2668.421419402164,443.823,3342.636503,85.45833333,32.51612903,49.72110211,4.589,0,2.4,5.904,26.3,359.0,84.71428571,1484
2022-08-10,97.64304348,53.82,0.0,1.0,364.533,2926.6879355400697,443.363,3342.636503,86.58333333,32.58064516,49.72110211,4.561,0,0.4,5.988,26.1,363.0,84.57142857,1318
2022-08-11,97.64304348,53.39,0.0,1.0,373.855,2728.8892760356175,436.753,3342.636503,86.79166667,32.64516129,49.72110211,4.52,0,0.1,5.857,26.4,362.995,84.42857143,1852
2022-08-12,97.64304348,53.15,0.0,1.0,374.557,5951.517481677281,434.017,3342.636503,86.08333333,32.70967742,49.72110211,4.526,0,1.9,5.857,27.0,360.0,84.28571429,2531
2022-08-13,97.64304348,53.15,0.0,1.0,374.557,3820.328639080082,434.017,3342.636503,86.83333333,32.77419355,49.72110211,4.526,0,1.8,5.857,26.7,360.0,84.14285714,1584
2022-08-14,97.64304348,53.15,0.0,1.0,374.557,3872.3038860037173,434.017,3342.636503,84.5,32.83870968,49.72110211,4.526,0,4.4,5.857,26.6,360.0,84.0,1622
2022-08-15,97.64304348,53.03,0.0,1.0,369.361,3827.647388880934,435.422,3342.636503,85.45833333,32.90322581,49.72110211,4.542,0,0.0,5.857,26.7,360.0,83.0,1415
2022-08-16,97.64304348,53.09,0.0,1.0,365.833,3872.3038860037173,433.747,3342.636503,84.04166667,32.96774194,49.72110211,4.536,0,1.6,5.954,26.7,360.0,82.0,1271
2022-08-17,97.64304348,53.05,0.0,1.0,366.193,3792.9176458359616,429.553,3342.636503,82.375,33.03225806,49.72110211,4.514,0,2.4,6.003,26.6,360.0,81.0,1204
2022-08-18,97.64304348,52.81,0.0,1.0,366.535,3792.9176458359616,425.846,3342.636503,82.41666667,33.09677419,49.72110211,4.504,0,6.5,6.054,26.5,360.0,80.0,1102
2022-08-19,97.64304348,52.12,0.0,1.0,363.241,3792.9176458359616,422.436,3342.636503,83.83333333,33.16129032,49.72110211,4.47,0,6.6,5.973,26.5,360.0,79.0,1012
2022-08-20,97.64304348,52.12,0.0,1.0,363.241,3812.495271533787,422.436,3342.636503,83.58333333,33.22580645,49.72110211,4.47,0,4.2,5.973,26.8,360.0,78.0,984
2022-08-21,97.64304348,52.12,0.0,1.0,363.241,3872.3038860037173,422.436,3342.636503,81.79166667,33.29032258,49.72110211,4.47,0,3.1,5.973,26.9,360.0,77.0,998
2022-08-22,97.64304348,52.67,0.0,1.0,361.297,3827.647388880934,425.99,3342.636503,85.91666667,33.35483871,49.72110211,4.508,0,27.2,5.978,25.7,359.0,76.0,942
2022-08-23,97.64304348,52.03,0.0,1.0,354.894,3812.495271533787,424.283,3342.636503,83.91666667,33.41935484,49.72110211,4.473,0,8.0,5.965,26.4,360.0,75.0,832
2022-08-24,97.64304348,52.11,0.0,1.0,358.885,3872.3038860037173,425.379,3342.636503,83.66666667,33.48387097,49.72110211,4.468,0,12.2,5.957,26.3,359.5,74.0,883
2022-08-25,97.64304348,51.95,0.0,1.0,355.751,3872.3038860037173,421.79,3342.636503,83.70833333,33.5483871,49.72110211,4.464,0,4.3,5.956,26.3,359.5,73.0,830
2022-08-26,97.64304348,52.11,0.0,1.0,356.036,3812.495271533787,421.544,3342.636503,86.95833333,33.61290323,49.72110211,4.502,0,14.1,5.834,25.4,359.0,72.0,891
2022-08-27,97.64304348,52.11,0.0,1.0,356.036,3792.9176458359616,421.544,3342.636503,84.375,33.67741935,49.72110211,4.502,0,13.3,5.834,25.8,359.0,71.0,930
2022-08-28,97.64304348,52.11,0.0,1.0,356.036,3827.647388880934,421.544,3342.636503,82.875,33.74193548,49.72110211,4.502,0,3.1,5.834,26.4,359.0,70.0,960
2022-08-29,97.64304348,52.08,0.0,1.0,355.608,3820.328639080082,419.617,3342.636503,85.41666667,33.80645161,49.72110211,4.518,0,5.9,6.003,26.0,360.0,70.71428571,842
2022-08-30,97.64304348,51.93,0.0,1.0,359.893,3820.328639080082,418.429,3342.636503,89.75,33.87096774,49.72110211,4.5,0,28.2,5.955,25.4,360.0,71.42857143,907
2022-08-31,97.64304348,51.82,0.0,1.0,360.505,3820.328639080082,415.65,3342.636503,90.41666667,33.93548387,49.72110211,4.49,0,25.8,5.977,24.7,359.985,72.14285714,968
2022-09-01,90.60818182,52.17,0.0,1.0,359.92,3812.495271533787,414.326,3342.636503,88.29166667,34.0,49.72110211,4.516,0,31.4,5.973,24.9,359.995,72.85714286,1016
2022-09-02,90.60818182,51.92,0.0,1.0,355.955,3792.9176458359616,414.542,3342.636503,85.29166667,34.06666667,49.72110211,4.512,0,6.7,5.904,25.7,360.0,73.57142857,1020
2022-09-03,90.60818182,51.92,0.0,1.0,355.955,3827.647388880934,414.542,3342.636503,87.875,34.13333333,49.72110211,4.512,0,17.6,5.904,25.5,360.0,74.28571429,1046
2022-09-04,90.60818182,51.92,0.0,1.0,355.955,3812.495271533787,414.542,3342.636503,88.33333333,34.2,49.72110211,4.512,0,22.2,5.904,25.6,360.0,75.0,1075
2022-09-05,90.60818182,51.77,0.0,1.0,358.31,3827.647388880934,414.614,3342.636503,89.58333333,34.26666667,49.72110211,4.506,0,29.0,5.878,25.1,360.0,75.57142857,1168
2022-09-06,90.60818182,51.68,0.0,1.0,357.445,3820.328639080082,415.081,3342.636503,84.04166667,34.33333333,49.72110211,4.52,0,4.1,5.924,26.1,360.0,76.14285714,1214
2022-09-07,90.60818182,52.32,0.0,1.0,356.582,3792.9176458359616,418.747,3342.636503,85.25,34.4,49.72110211,4.568,0,1.9,5.922,26.2,360.0,76.71428571,1276
2022-09-08,90.60818182,51.97,0.0,1.0,360.073,3872.3038860037173,417.206,3342.636503,85.83333333,34.46666667,49.72110211,4.52,0,1.1,5.857,26.3,364.0,77.28571429,1372
2022-09-09,90.60818182,51.97,0.0,1.0,363.892,3812.495271533787,420.547,3342.636503,85.83333333,34.53333333,49.72110211,4.537,0,5.3,5.941,26.3,360.0,77.85714286,1325
2022-09-10,90.60818182,51.97,0.0,1.0,363.892,3872.3038860037173,420.547,3342.636503,85.41666667,34.6,49.72110211,4.537,0,4.4,5.941,26.4,360.0,78.42857143,1740
2022-09-11,90.60818182,51.97,0.0,1.0,363.892,3792.9176458359616,420.547,3342.636503,84.83333333,34.66666667,49.72110211,4.537,0,3.4,5.941,26.4,360.0,79.0,1359
2022-09-12,90.60818182,52.63,0.0,1.0,361.478,3792.9176458359616,418.921,3342.636503,84.95833333,34.73333333,49.72110211,4.579,0,2.0,6.129,26.4,359.995,78.42857143,1146
2022-09-13,90.60818182,52.48,0.0,1.0,364.316,3812.495271533787,421.498,3342.636503,85.33333333,34.8,49.72110211,4.598,0,2.4,6.118,26.2,364.5,77.85714286,1154
2022-09-14,90.60818182,51.75,0.0,1.0,363.408,3812.495271533787,416.216,3342.636503,85.25,34.86666667,49.72110211,4.533,0,2.7,6.069,26.1,365.375,77.28571429,1114
2022-09-15,90.60818182,52.35,0.0,1.0,364.754,3827.647388880934,417.04,3342.636503,85.95833333,34.93333333,49.72110211,4.584,0,2.9,6.042,25.8,363.0,76.71428571,1158
2022-09-16,90.60818182,51.95,0.0,1.0,362.0,3812.495271533787,416.181,3342.636503,83.41666667,35.0,49.72110211,4.566,0,2.8,6.059,26.2,365.375,76.14285714,1040
2022-09-17,90.60818182,51.95,0.0,1.0,362.0,3792.9176458359616,416.181,3342.636503,82.83333333,35.06666667,49.72110211,4.566,0,2.8,6.059,26.3,365.375,75.57142857,1015
2022-09-18,90.60818182,51.95,0.0,1.0,362.0,3820.328639080082,416.181,3342.636503,83.20833333,35.13333333,49.72110211,4.566,0,2.7,6.059,26.4,365.375,75.0,980
2022-09-19,90.60818182,51.79,0.0,1.0,365.997,3872.3038860037173,413.7,3342.636503,84.375,35.2,49.72110211,4.557,0,5.1,5.923,26.3,364.0,74.28571429,1062
2022-09-20,90.60818182,51.78,0.0,1.0,364.839,3872.3038860037173,411.338,3342.636503,83.70833333,35.26666667,49.72110211,4.566,0,2.4,5.977,26.6,363.5,73.57142857,980
2022-09-21,90.60818182,50.57,0.0,1.0,362.447,3792.9176458359616,405.18,3342.636503,83.16666667,35.33333333,49.72110211,4.416,0,2.2,6.012,26.8,365.0,72.85714286,829
2022-09-22,90.60818182,51.06,0.0,1.0,359.052,3827.647388880934,395.232,3342.636503,84.08333333,35.4,49.72110211,4.48,0,3.6,6.293,26.6,360.0,72.14285714,662
2022-09-23,90.60818182,51.02,0.0,1.0,351.986,3827.647388880934,389.003,3342.636503,83.66666667,35.46666667,49.72110211,4.459,0,3.0,6.225,26.5,364.0,71.42857143,622
2022-09-24,90.60818182,51.02,0.0,1.0,351.986,3820.328639080082,389.003,3342.636503,84.54166667,35.53333333,49.72110211,4.459,0,0.8,6.225,26.6,364.0,70.71428571,603
2022-09-25,90.60818182,51.02,0.0,1.0,351.986,3820.328639080082,389.003,3342.636503,82.0,35.6,49.72110211,4.459,0,2.3,6.225,27.1,364.0,70.0,610
2022-09-26,90.60818182,50.71,0.0,1.0,352.79,3827.647388880934,390.664,3342.636503,85.95833333,35.66666667,49.72110211,4.454,0,2.6,6.183,25.9,363.995,70.42857143,614
2022-09-27,90.60818182,50.55,0.0,1.0,349.764,3812.495271533787,396.397,3342.636503,82.20833333,35.73333333,49.72110211,4.47,0,5.3,6.29,26.9,364.0,70.85714286,556
2022-09-28,90.60818182,51.09,0.0,1.0,349.223,3827.647388880934,404.66,3342.636503,77.75,35.8,49.72110211,4.467,0,2.0,6.337,27.3,364.0,71.28571429,592
2022-09-29,90.60818182,51.36,0.0,1.0,354.373,3792.9176458359616,407.972,3342.636503,79.41666667,35.86666667,49.72110211,4.484,0,4.9,6.074,27.0,364.0,71.71428571,753
2022-09-30,90.60818182,50.27,0.0,1.0,357.322,3827.647388880934,407.612,3342.636503,82.41666667,35.93333333,49.72110211,4.39,0,8.8,6.165,26.2,365.5,72.14285714,701
2022-10-01,93.71857143,50.27,0.0,1.0,357.322,2919.5004355400697,407.612,3342.636503,82.875,36.0,49.72110211,4.39,0,21.4,6.165,26.3,365.5,72.57142857,994
2022-10-02,93.71857143,50.27,0.0,1.0,357.322,2917.8129355400697,407.612,3342.636503,81.125,35.93548387,49.72110211,4.39,0,4.8,6.165,26.8,365.5,73.0,1021
2022-10-03,93.71857143,51.43,0.0,1.0,358.228,3116.2147834743655,419.986,3342.636503,82.625,35.87096774,49.72110211,4.492,0,20.9,6.201,26.4,359.985,72.71428571,1128
2022-10-04,93.71857143,51.43,0.0,1.0,351.581,3116.2147834743655,414.606,3342.636503,83.95833333,35.80645161,49.72110211,4.483,0,12.0,6.027,26.3,366.0,72.42857143,1208
2022-10-05,93.71857143,51.43,0.0,1.0,365.452,2981.3337979094076,408.53,3342.636503,81.04166667,35.74193548,49.72110211,4.459,0,4.8,6.047,27.0,366.0,72.14285714,1445
2022-10-06,93.71857143,51.43,0.0,1.0,361.719,2981.3337979094076,405.748,3342.636503,81.875,35.67741935,49.72110211,4.419,0,6.2,5.934,26.6,366.0,71.85714286,1541
2022-10-07,93.71857143,51.16,0.0,1.0,358.388,3116.2147834743655,404.645,3342.636503,84.45833333,35.61290323,49.72110211,4.443,0,7.5,5.738,26.1,366.0,71.57142857,1743
2022-10-08,93.71857143,51.16,0.0,1.0,358.388,3812.495271533787,404.645,3342.636503,84.45833333,35.5483871,49.72110211,4.443,0,3.6,5.738,26.1,366.0,71.28571429,2033
2022-10-09,93.71857143,51.16,0.0,1.0,358.388,3827.647388880934,404.645,3342.636503,86.04166667,35.48387097,49.72110211,4.443,0,2.0,5.738,26.4,366.0,71.0,2541
2022-10-10,93.71857143,51.08,0.0,1.0,356.595,3872.3038860037173,401.394,3342.636503,83.75,35.41935484,49.72110211,4.449,0,1.8,5.59,26.6,365.995,70.57142857,2227
2022-10-11,93.71857143,51.08,0.0,1.0,355.089,3820.328639080082,406.724,3342.636503,87.04166667,35.35483871,49.72110211,4.46,0,0.9,5.751,26.0,366.0,70.14285714,1859
2022-10-12,93.71857143,50.9,0.0,1.0,355.203,3820.328639080082,413.491,3342.636503,89.70833333,35.29032258,49.72110211,4.441,0,16.2,5.706,25.1,366.5,69.71428571,1860
2022-10-13,93.71857143,50.47,0.0,1.0,355.726,3827.647388880934,407.76,3342.636503,90.375,35.22580645,49.72110211,4.406,0,27.5,5.828,24.9,365.0,69.28571429,1599
2022-10-14,93.71857143,51.0,0.0,1.0,356.824,3820.328639080082,416.968,3342.636503,90.33333333,35.16129032,49.72110211,4.465,0,31.3,5.917,24.8,365.0,68.85714286,1477
2022-10-15,93.71857143,51.0,0.0,1.0,356.824,3792.9176458359616,416.968,3342.636503,88.70833333,35.09677419,49.72110211,4.465,0,20.7,5.917,25.1,365.0,68.42857143,1450
2022-10-16,93.71857143,51.0,0.0,1.0,356.824,3827.647388880934,416.968,3342.636503,90.08333333,35.03225806,49.72110211,4.465,0,14.0,5.917,25.2,365.0,68.0,1381
2022-10-17,93.71857143,50.96,0.0,1.0,352.8,3872.3038860037173,415.445,3342.636503,90.0,34.96774194,49.72110211,4.459,0,21.3,5.97,25.1,367.0,67.85714286,1205
2022-10-18,93.71857143,50.77,0.0,1.0,361.129,3792.9176458359616,411.722,3342.636503,88.79166667,34.90322581,49.72110211,4.421,0,16.3,6.019,25.1,367.0,67.71428571,1207
2022-10-19,93.71857143,50.85,0.0,1.0,361.716,3812.495271533787,412.619,3342.636503,84.29166667,34.83870968,49.72110211,4.431,0,28.1,5.956,26.4,367.0,67.57142857,1248
2022-10-20,93.71857143,50.66,0.0,1.0,358.67,3820.328639080082,414.858,3342.636503,87.66666667,34.77419355,49.72110211,4.446,0,31.6,5.956,25.4,367.0,67.42857143,1144
2022-10-21,93.71857143,50.53,0.0,1.0,359.111,3820.328639080082,413.867,3342.636503,91.58333333,34.70967742,49.72110211,4.435,0,31.4,5.922,24.8,367.0,67.28571429,1073
2022-10-22,93.71857143,50.53,0.0,1.0,359.111,3827.647388880934,413.867,3342.636503,90.25,34.64516129,49.72110211,4.435,0,7.8,5.922,25.2,367.0,67.14285714,1054
2022-10-23,93.71857143,50.53,0.0,1.0,359.111,3812.495271533787,413.867,3342.636503,89.33333333,34.58064516,49.72110211,4.435,0,7.4,5.922,25.2,367.0,67.0,1035
2022-10-24,93.71857143,49.93,0.0,1.0,361.936,3827.647388880934,419.285,3342.636503,90.08333333,34.51612903,49.72110211,4.398,0,28.9,5.897,25.1,367.0,67.0,1275
2022-10-25,93.71857143,50.59,0.0,1.0,362.413,3812.495271533787,424.441,3342.636503,87.91666667,34.4516129,49.72110211,4.429,0,7.0,5.922,25.9,365.5,67.0,998
2022-10-26,93.71857143,50.18,0.0,1.0,361.693,3820.328639080082,422.16,3342.636503,88.41666667,34.38709677,49.72110211,4.404,0,4.5,5.917,25.8,365.0,67.0,986
2022-10-27,93.71857143,50.03,0.0,1.0,365.795,3792.9176458359616,424.456,3342.636503,87.41666667,34.32258065,49.72110211,4.412,0,0.6,5.898,25.6,365.0,67.0,1055
2022-10-28,93.71857143,49.7,0.0,1.0,361.621,3872.3038860037173,419.248,3342.636503,84.25,34.25806452,49.72110211,4.385,0,0.1,5.893,25.9,365.5,67.0,1042
2022-10-29,93.71857143,49.7,0.0,1.0,361.621,3812.495271533787,419.248,3342.636503,87.16666667,34.19354839,49.72110211,4.385,0,1.1,5.893,25.8,365.5,67.0,1025
2022-10-30,93.71857143,49.7,0.0,1.0,361.621,3812.495271533787,419.248,3342.636503,87.625,34.12903226,49.72110211,4.385,0,7.0,5.893,25.5,365.5,67.0,1075
2022-10-31,93.71857143,50.43,0.0,1.0,361.657,3812.495271533787,421.501,3342.636503,87.375,34.06451613,49.72110211,4.44,0,19.8,5.946,25.5,365.5,67.57142857,1097
2022-11-01,90.93863636,50.34,0.0,1.0,358.753,3827.647388880934,418.088,3342.636503,91.375,34.0,49.72110211,4.436,0,44.2,6.019,24.8,367.0,68.14285714,1503
2022-11-02,90.93863636,50.33,0.0,0.9972527472527473,362.395,3827.647388880934,410.389,3342.636503,89.58333333,33.93333333,49.72110211,4.442,0,17.9,5.897,25.2,367.0,68.71428571,1789
2022-11-03,90.93863636,50.36,0.0,0.9945054945054945,360.358,3820.328639080082,414.711,3342.636503,90.16666667,33.86666667,49.72110211,4.415,0,20.7,5.881,25.1,367.5,69.28571429,1767
2022-11-04,90.93863636,50.05,0.0,0.9917582417582418,358.423,3872.3038860037173,419.686,3342.636503,90.33333333,33.8,49.72110211,4.422,0,15.0,5.939,25.2,364.5,69.85714286,1677
2022-11-05,90.93863636,50.05,0.0,0.989010989010989,358.423,3812.495271533787,419.686,3342.636503,91.125,33.73333333,49.72110211,4.422,0,42.8,5.939,24.4,364.5,70.42857143,1811
2022-11-06,90.93863636,50.05,0.0,0.9862637362637363,358.423,3872.3038860037173,419.686,3342.636503,91.08333333,33.66666667,49.72110211,4.422,0,10.1,5.939,24.6,364.5,71.0,1919
2022-11-07,90.93863636,50.34,0.0,0.9835164835164835,360.552,3820.328639080082,421.714,3342.636503,90.5,33.6,49.72110211,4.485,0,26.8,5.984,24.2,364.5,70.71428571,2572
2022-11-08,90.93863636,50.75,0.0,0.9807692307692307,362.688,3827.647388880934,417.426,3342.636503,90.08333333,33.53333333,49.72110211,4.517,0,14.7,6.027,24.8,365.5,70.42857143,2090
2022-11-09,90.93863636,51.27,0.0,0.978021978021978,367.628,3872.3038860037173,431.698,3342.636503,91.29166667,33.46666667,49.72110211,4.57,0,9.4,6.081,24.9,367.5,70.14285714,2173
2022-11-10,90.93863636,51.7,0.0,0.9752747252747253,368.016,3812.495271533787,435.011,3342.636503,87.41666667,33.4,49.72110211,4.565,0,0.4,6.072,25.3,368.5,69.85714286,2252
2022-11-11,90.93863636,51.29,0.0,0.9725274725274725,376.202,3812.495271533787,429.61,3342.636503,86.375,33.33333333,49.72110211,4.48,0,2.7,5.957,25.1,367.5,69.57142857,2564
2022-11-12,90.93863636,51.29,0.0,0.9697802197802198,376.202,3827.647388880934,429.61,3342.636503,89.375,33.26666667,49.72110211,4.48,0,20.1,5.957,25.1,367.5,69.28571429,2442
2022-11-13,90.93863636,51.29,0.0,0.967032967032967,376.202,3792.9176458359616,429.61,3342.636503,91.0,33.2,49.72110211,4.48,0,20.6,5.957,24.8,367.5,69.0,2333
2022-11-14,90.93863636,52.17,0.0,0.9642857142857143,380.51,3872.3038860037173,435.856,3342.636503,90.75,33.13333333,49.72110211,4.532,0,12.8,6.077,24.7,365.5,68.85714286,2280
2022-11-15,90.93863636,51.84,0.0,0.9615384615384616,374.798,3792.9176458359616,437.693,3342.636503,88.0,33.06666667,49.72110211,4.509,0,5.9,6.05,25.3,367.5,68.71428571,2072
2022-11-16,90.93863636,51.35,0.0,0.9587912087912088,380.327,3820.328639080082,436.003,3342.636503,85.91666667,33.0,49.72110211,4.507,0,2.4,6.08,25.5,367.5,68.57142857,2117
2022-11-17,90.93863636,51.62,0.0,0.9560439560439561,381.98,3812.495271533787,436.886,3342.636503,78.625,32.93333333,49.72110211,4.501,0,0.3,6.042,25.5,367.5,68.42857143,2353
2022-11-18,90.93863636,51.29,0.0,0.9532967032967032,380.805,3872.3038860037173,434.515,3342.636503,77.95833333,32.86666667,49.72110211,4.497,0,0.0,6.003,25.2,367.5,68.28571429,2319
2022-11-19,90.93863636,51.29,0.0,0.9505494505494505,380.805,3812.495271533787,434.515,3342.636503,84.75,32.8,49.72110211,4.497,0,0.4,6.003,25.0,367.5,68.14285714,2033
2022-11-20,90.93863636,51.29,0.0,0.9478021978021978,380.805,3792.9176458359616,434.515,3342.636503,82.29166667,32.73333333,49.72110211,4.497,0,0.2,6.003,25.1,367.5,68.0,2045
2022-11-21,90.93863636,51.47,0.0,0.945054945054945,379.426,3872.3038860037173,436.775,3342.636503,79.45833333,32.66666667,49.72110211,4.497,0,0.0,6.058,25.1,367.5,68.42857143,1965
2022-11-22,90.93863636,50.68,0.0,0.9423076923076923,376.431,3820.328639080082,440.575,3342.636503,81.16666667,32.6,49.72110211,4.445,0,0.8,6.014,25.9,367.5,68.85714286,1699
2022-11-23,90.93863636,51.52,0.0,0.9395604395604396,378.673,3820.328639080082,446.328,3342.636503,79.66666667,32.53333333,49.72110211,4.514,0,0.6,6.105,26.1,365.5,69.28571429,1705
2022-11-24,90.93863636,51.29,0.0,0.9368131868131868,377.339,3812.495271533787,444.492,3342.636503,80.83333333,32.46666667,49.72110211,4.498,0,0.4,6.077,26.2,368.5,69.71428571,1581
2022-11-25,90.93863636,51.12,0.0,0.9340659340659341,383.572,3792.9176458359616,440.58,3342.636503,84.0,32.4,49.72110211,4.513,0,0.4,5.961,25.8,367.5,70.14285714,1726
2022-11-26,90.93863636,51.12,0.0,0.9313186813186813,383.572,3872.3038860037173,440.58,3342.636503,84.95833333,32.33333333,49.72110211,4.513,0,0.3,5.961,25.8,367.5,70.57142857,1761
2022-11-27,90.93863636,51.12,0.0,0.9285714285714286,383.572,3812.495271533787,440.58,3342.636503,84.91666667,32.26666667,49.72110211,4.513,0,0.6,5.961,25.7,367.5,71.0,1776
2022-11-28,90.93863636,51.33,0.0,0.9258241758241759,382.091,3827.647388880934,439.347,3342.636503,83.66666667,32.2,49.72110211,4.502,0,0.4,6.04,26.0,368.5,70.42857143,1681
2022-11-29,90.93863636,51.96,0.0,0.9230769230769231,380.993,3872.3038860037173,444.32,3342.636503,84.5,32.13333333,49.72110211,4.529,0,1.7,5.994,26.0,367.5,69.85714286,1820
2022-11-30,90.93863636,52.31,0.0,0.9203296703296704,379.591,3820.328639080082,451.156,3342.636503,81.79166667,32.06666667,49.72110211,4.542,0,0.2,6.02,26.0,368.5,69.28571429,1934
2022-12-01,81.50318182,52.5,0.0,0.9175824175824175,383.499,3820.328639080082,452.944,3342.636503,83.08333333,32.0,49.72110211,4.525,0,2.7,5.898,26.2,368.5,68.71428571,2150
2022-12-02,81.50318182,52.79,0.0,0.9148351648351648,387.81,3792.9176458359616,447.983,3342.636503,89.58333333,32.12903226,49.72110211,4.487,0,20.4,5.876,25.1,368.5,68.14285714,2188
2022-12-03,81.50318182,52.79,0.0,0.9120879120879121,387.81,3792.9176458359616,447.983,3342.636503,90.625,32.25806452,49.72110211,4.487,0,18.9,5.876,24.4,368.5,67.57142857,2347
2022-12-04,81.50318182,52.79,0.0,0.9093406593406593,387.81,3792.9176458359616,447.983,3342.636503,90.375,32.38709677,49.72110211,4.487,0,27.3,5.876,24.5,368.5,67.0,2475
2022-12-05,81.50318182,52.53,0.0,0.9065934065934066,388.4,3792.9176458359616,446.091,3342.636503,89.58333333,32.51612903,49.72110211,4.455,0,19.6,5.799,25.0,367.5,67.71428571,2656
2022-12-06,81.50318182,52.71,0.0,0.9038461538461539,385.582,2245.079475692716,448.388,3342.636503,84.58333333,32.64516129,49.72110211,4.47,0,0.6,5.93,25.6,367.5,68.42857143,2025
2022-12-07,81.50318182,52.75,0.0,0.9010989010989011,384.773,2541.3443765351003,449.637,3342.636503,82.29166667,32.77419355,49.72110211,4.466,0,0.0,5.799,25.1,367.5,69.14285714,3219
2022-12-08,81.50318182,52.81,0.0,0.8983516483516484,386.096,2451.813677434595,450.446,3342.636503,79.16666667,32.90322581,49.72110211,4.459,0,0.1,5.879,24.6,367.5,69.85714286,2625
2022-12-09,81.50318182,52.67,0.0,0.8956043956043956,387.97,2541.3443765351003,450.997,3342.636503,75.625,33.03225806,49.72110211,4.447,0,0.9,5.813,25.9,367.5,70.57142857,2808
2022-12-10,81.50318182,52.67,0.0,0.8928571428571429,387.97,2471.2382058514463,450.997,3342.636503,86.375,33.16129032,49.72110211,4.447,0,7.2,5.813,25.3,367.5,71.28571429,2463
2022-12-11,81.50318182,52.67,0.0,0.8901098901098901,387.97,2451.813677434595,450.997,3342.636503,81.08333333,33.29032258,49.72110211,4.447,0,1.5,5.813,26.3,367.5,72.0,2550
2022-12-12,81.50318182,52.92,0.0,0.8873626373626373,387.052,2451.813677434595,454.084,3342.636503,80.75,33.41935484,49.72110211,4.46,0,2.5,5.814,25.8,367.5,72.85714286,2534
2022-12-13,81.50318182,52.22,0.0,0.8846153846153846,387.217,2541.3443765351003,454.061,3342.636503,83.16666667,33.5483871,49.72110211,4.399,0,0.5,5.647,25.8,367.5,73.71428571,2636
2022-12-14,81.50318182,52.7,0.0,0.8818681318681318,390.727,2451.813677434595,447.543,3342.636503,84.70833333,33.67741935,49.72110211,4.435,0,11.5,5.687,25.3,365.5,74.57142857,2635
2022-12-15,81.50318182,52.7,0.0,0.8791208791208791,387.757,2451.813677434595,446.238,3342.636503,82.25,33.80645161,49.72110211,4.442,0,0.4,5.667,25.6,367.5,75.42857143,2551
2022-12-16,81.50318182,52.29,0.0,0.8763736263736264,390.58,2245.079475692716,443.458,3342.636503,80.04166667,33.93548387,49.72110211,4.415,0,0.4,5.384,25.2,367.5,76.28571429,3143
2022-12-17,81.50318182,52.29,0.0,0.8736263736263736,390.58,2245.079475692716,443.458,3342.636503,77.875,34.06451613,49.72110211,4.415,0,2.0,5.384,25.6,367.5,77.14285714,3120
2022-12-18,81.50318182,52.29,0.0,0.8708791208791209,390.58,2603.4844838850177,443.458,3342.636503,78.91666667,34.19354839,49.72110211,4.415,0,0.6,5.384,25.2,367.5,78.0,3153
2022-12-19,81.50318182,52.13,0.0,0.8681318681318682,388.963,2541.3443765351003,445.289,3342.636503,89.75,34.32258065,49.72110211,4.394,0,24.1,5.204,24.2,365.0,78.0,2964
2022-12-20,81.50318182,51.99,0.0,0.8653846153846154,387.156,2541.3443765351003,441.689,3342.636503,85.5,34.4516129,49.72110211,4.379,0,3.5,5.048,25.5,365.5,78.0,3168
2022-12-21,81.50318182,51.96,0.0,0.8626373626373627,385.542,2541.3443765351003,440.208,3342.636503,86.41666667,34.58064516,49.72110211,4.373,0,5.4,5.358,25.2,365.5,78.0,2439
2022-12-22,81.50318182,51.92,0.0,0.8598901098901099,384.889,2603.4844838850177,440.794,3342.636503,86.0,34.70967742,49.72110211,4.384,0,9.6,5.204,25.3,365.5,78.0,2621
2022-12-23,81.50318182,52.13,0.0,0.8571428571428572,384.526,2471.2382058514463,440.959,3342.636503,83.70833333,34.83870968,49.72110211,4.39,0,1.5,5.309,25.3,365.5,78.0,2381
2022-12-24,81.50318182,52.13,0.0,0.8543956043956044,384.526,3872.3038860037173,440.959,3342.636503,86.66666667,34.96774194,49.72110211,4.39,0,0.6,5.309,25.4,365.5,78.0,2960
2022-12-25,81.50318182,52.13,0.0,0.8516483516483516,384.526,3827.647388880934,440.959,3342.636503,92.04166667,35.09677419,49.72110211,4.39,0,23.5,5.309,24.4,365.5,78.0,3615
2022-12-26,81.50318182,52.15,0.0,0.8489010989010989,385.288,3872.3038860037173,439.441,3342.636503,87.75,35.22580645,49.72110211,4.382,0,2.5,5.223,25.4,365.5,78.28571429,3109
2022-12-27,81.50318182,52.01,0.0,0.8461538461538461,386.051,3827.647388880934,439.259,3342.636503,85.95833333,35.35483871,49.72110211,4.385,0,2.3,5.026,25.5,365.5,78.57142857,3751
2022-12-28,81.50318182,52.12,0.0,0.8434065934065934,386.159,3792.9176458359616,440.611,3342.636503,87.375,35.48387097,49.72110211,4.383,0,5.8,5.008,25.4,365.5,78.85714286,3859
2022-12-29,81.50318182,53.27,0.0,0.8406593406593407,385.143,3827.647388880934,444.639,3342.636503,88.5,35.61290323,49.72110211,4.441,0,1.3,4.986,25.3,365.5,79.14285714,4207
2022-12-30,81.50318182,52.61,0.0,0.8379120879120879,386.994,3872.3038860037173,440.3,3342.636503,81.79166667,35.74193548,49.72110211,4.384,0,1.4,5.112,25.4,367.5,79.42857143,4264
2022-12-31,81.50318182,52.61,0.0,0.8351648351648352,386.994,3827.647388880934,440.3,3342.636503,71.5,35.87096774,49.72110211,4.384,0,0.0,5.112,25.2,367.5,79.71428571,5345
2023-01-01,84.08181818,52.61,0.0,0.8324175824175825,386.994,3792.9176458359616,440.3,3798.890166,73.08333333,36.0,16.54117423,4.384,0,0.0,5.112,24.7,367.5,80.0,3102
2023-01-02,84.08181818,52.48,0.0,0.8296703296703296,393.373,3792.9176458359616,437.322,3798.890166,76.0,36.12903226,16.54117423,4.385,0,0.0,5.017,24.9,365.5,79.85714286,3398
2023-01-03,84.08181818,52.69,0.0,0.8269230769230769,387.031,3827.647388880934,440.611,3798.890166,70.625,36.25806452,16.54117423,4.39,0,0.1,5.043,25.6,365.5,79.71428571,3462
2023-01-04,84.08181818,52.73,0.0,0.8241758241758241,382.965,3792.9176458359616,435.238,3798.890166,70.66666667,36.38709677,16.54117423,4.393,0,0.0,5.067,25.7,365.5,79.57142857,3419
2023-01-05,84.08181818,53.07,0.0,0.8214285714285714,384.744,3792.9176458359616,442.037,3798.890166,73.70833333,36.51612903,16.54117423,4.412,0,1.2,5.007,26.3,365.5,79.42857143,3574
2023-01-06,84.08181818,54.26,0.0,0.8186813186813187,381.876,3872.3038860037173,447.799,3798.890166,84.91666667,36.64516129,16.54117423,4.472,0,8.2,5.256,25.1,365.5,79.28571429,3652
2023-01-07,84.08181818,54.26,0.0,0.8159340659340659,381.876,3792.9176458359616,447.799,3798.890166,86.875,36.77419355,16.54117423,4.472,0,12.4,5.256,25.0,365.5,79.14285714,2934
2023-01-08,84.08181818,54.26,0.0,0.8131868131868132,381.876,3812.495271533787,447.799,3798.890166,79.25,36.90322581,16.54117423,4.472,0,3.4,5.256,25.7,365.5,79.0,3328
2023-01-09,84.08181818,54.22,0.0,0.8104395604395604,386.377,3820.328639080082,446.771,3798.890166,70.41666667,37.03225806,16.54117423,4.502,0,0.0,5.275,26.0,367.5,78.57142857,3923
2023-01-10,84.08181818,54.13,0.0,0.8076923076923077,394.328,3812.495271533787,445.079,3798.890166,68.58333333,37.16129032,16.54117423,4.489,0,0.0,5.366,25.1,367.5,78.14285714,4313
2023-01-11,84.08181818,54.54,0.0,0.804945054945055,394.549,3812.495271533787,448.682,3798.890166,70.375,37.29032258,16.54117423,4.531,0,0.0,5.422,24.8,366.5,77.71428571,4233
2023-01-12,84.08181818,54.6,0.0,0.8021978021978022,394.245,3812.495271533787,447.638,3798.890166,70.08333333,37.41935484,16.54117423,4.503,0,0.0,5.547,24.8,367.5,77.28571429,3745
2023-01-13,84.08181818,54.35,0.0,0.7994505494505495,398.738,3872.3038860037173,446.265,3798.890166,73.54166667,37.5483871,16.54117423,4.482,0,0.0,5.324,24.5,366.0,76.85714286,4240
2023-01-14,84.08181818,54.35,0.0,0.7967032967032968,398.738,3820.328639080082,446.265,3798.890166,78.0,37.67741935,16.54117423,4.482,0,0.0,5.324,25.4,366.0,76.42857143,3689
2023-01-15,84.08181818,54.35,0.0,0.793956043956044,398.738,3812.495271533787,446.265,3798.890166,83.95833333,37.80645161,16.54117423,4.482,0,1.3,5.324,24.8,366.0,76.0,4297
2023-01-16,84.08181818,53.87,0.0,0.7912087912087912,396.379,3792.9176458359616,451.658,3798.890166,88.45833333,37.93548387,16.54117423,4.471,0,8.9,5.328,24.8,366.0,75.57142857,2861
2023-01-17,84.08181818,53.61,0.0,0.7884615384615384,395.94,3827.647388880934,449.468,3798.890166,88.83333333,38.06451613,16.54117423,4.444,0,5.1,5.257,24.8,367.5,75.14285714,2870
2023-01-18,84.08181818,54.15,0.0,0.7857142857142857,393.762,3812.495271533787,454.714,3798.890166,81.41666667,38.19354839,16.54117423,4.517,0,0.1,5.288,25.4,364.0,74.71428571,3009
2023-01-19,84.08181818,53.95,0.0,0.782967032967033,390.67,3812.495271533787,453.713,3798.890166,65.75,38.32258065,16.54117423,4.519,0,0.0,5.363,25.3,367.0,74.28571429,3358
2023-01-20,84.08181818,53.34,0.0,0.7802197802197802,397.425,3820.328639080082,450.523,3798.890166,66.08333333,38.4516129,16.54117423,4.442,0,0.0,5.248,25.6,366.0,73.85714286,3547
2023-01-21,84.08181818,53.34,0.0,0.7774725274725275,397.425,3827.647388880934,450.523,3798.890166,71.58333333,38.58064516,16.54117423,4.442,0,0.8,5.248,25.3,366.0,73.42857143,3279
2023-01-22,84.08181818,53.34,0.0,0.7747252747252747,397.425,3872.3038860037173,450.523,3798.890166,79.08333333,38.70967742,16.54117423,4.442,0,1.9,5.248,25.1,366.0,73.0,2922
2023-01-23,84.08181818,53.34,0.0,0.771978021978022,397.33,3872.3038860037173,448.958,3798.890166,87.08333333,38.83870968,16.54117423,4.436,0,16.7,5.212,24.9,364.0,74.14285714,2578
2023-01-24,84.08181818,53.34,0.0,0.7692307692307692,393.422,3812.495271533787,451.415,3798.890166,91.20833333,38.96774194,16.54117423,4.439,0,13.8,5.229,24.2,364.0,75.28571429,2309
2023-01-25,84.08181818,53.34,0.0,0.7664835164835164,393.82,3827.647388880934,451.615,3798.890166,82.08333333,39.09677419,16.54117423,4.443,0,0.1,5.197,25.1,364.0,76.42857143,2644
2023-01-26,84.08181818,53.34,0.0,0.7637362637362637,395.123,3812.495271533787,451.324,3798.890166,81.54166667,39.22580645,16.54117423,4.441,0,0.5,5.148,25.1,364.0,77.57142857,2770
2023-01-27,84.08181818,54.23,0.0,0.760989010989011,394.182,3827.647388880934,452.102,3798.890166,80.45833333,39.35483871,16.54117423,4.489,0,0.3,5.235,25.5,364.0,78.71428571,2703
2023-01-28,84.08181818,54.23,0.0,0.7582417582417582,394.182,3820.328639080082,452.102,3798.890166,75.33333333,39.48387097,16.54117423,4.489,0,0.0,5.235,25.6,364.0,79.85714286,3026
2023-01-29,84.08181818,54.23,0.0,0.7554945054945055,394.182,3812.495271533787,452.102,3798.890166,74.16666667,39.61290323,16.54117423,4.489,0,0.1,5.235,24.8,364.0,81.0,3334
2023-01-30,84.08181818,54.03,0.0,0.7527472527472527,393.385,3792.9176458359616,452.779,3798.890166,85.20833333,39.74193548,16.54117423,4.462,0,5.7,5.17,24.8,366.0,81.28571429,2942
2023-01-31,84.08181818,54.29,0.0,0.75,396.964,3812.495271533787,453.036,3798.890166,85.5,39.87096774,16.54117423,4.477,0,5.3,5.237,24.9,367.5,81.57142857,3084
2023-02-01,83.6325,54.37,0.0,0.7472527472527473,396.463,3792.9176458359616,447.436,3798.890166,85.83333333,40.0,16.54117423,4.461,0,3.1,5.224,25.1,366.0,81.85714286,3441
2023-02-02,83.6325,53.88,0.0,0.7445054945054945,402.253,3792.9176458359616,439.972,3798.890166,87.41666667,39.82142857,16.54117423,4.439,0,2.7,5.166,25.0,366.0,82.14285714,3687
2023-02-03,83.6325,53.75,0.0,0.7417582417582418,399.38,3792.9176458359616,438.995,3798.890166,91.45833333,39.64285714,16.54117423,4.414,0,5.3,5.108,24.7,365.0,82.42857143,3542
2023-02-04,83.6325,53.75,0.0,0.739010989010989,399.38,3820.328639080082,438.995,3798.890166,89.25,39.46428571,16.54117423,4.414,0,6.9,5.108,24.9,365.0,82.71428571,4849
2023-02-05,83.6325,53.75,0.0,0.7362637362637363,399.38,3872.3038860037173,438.995,3798.890166,84.875,39.28571429,16.54117423,4.414,0,0.5,5.108,25.9,365.0,83.0,5272
2023-02-06,83.6325,53.81,0.0,0.7335164835164836,394.018,3792.9176458359616,440.356,3798.890166,82.625,39.10714286,16.54117423,4.411,0,1.0,5.092,25.5,365.25,82.57142857,4208
2023-02-07,83.6325,53.84,0.0,0.7307692307692308,391.987,3792.9176458359616,441.232,3798.890166,88.0,38.92857143,16.54117423,4.422,0,4.8,5.041,25.3,365.5,82.14285714,4144
2023-02-08,83.6325,53.9,0.0,0.7280219780219781,392.073,3827.647388880934,443.078,3798.890166,84.33333333,38.75,16.54117423,4.428,0,0.2,5.003,26.1,365.5,81.71428571,4539
2023-02-09,83.6325,53.6,0.0,0.7252747252747253,391.488,3820.328639080082,440.008,3798.890166,84.625,38.57142857,16.54117423,4.423,0,0.2,4.993,25.6,365.5,81.28571429,4542
2023-02-10,83.6325,53.5,0.0,0.7225274725274725,392.475,3827.647388880934,443.038,3798.890166,81.5,38.39285714,16.54117423,4.419,0,0.3,4.986,25.7,365.0,80.85714286,4704
2023-02-11,83.6325,53.5,0.0,0.7197802197802198,392.475,3820.328639080082,443.038,3798.890166,81.625,38.21428571,16.54117423,4.419,0,0.0,4.986,25.3,365.0,80.42857143,4768
2023-02-12,83.6325,53.5,0.0,0.717032967032967,392.475,3820.328639080082,443.038,3798.890166,83.75,38.03571429,16.54117423,4.419,0,0.0,4.986,25.4,365.0,80.0,4492
2023-02-13,83.6325,53.47,0.0,0.7142857142857143,389.784,3872.3038860037173,444.261,3798.890166,84.5,37.85714286,16.54117423,4.402,0,0.2,4.959,25.4,365.0,80.0,4177
2023-02-14,83.6325,53.26,0.0,0.7115384615384616,391.353,3827.647388880934,439.06,3798.890166,83.5,37.67857143,16.54117423,4.41,0,0.8,4.932,25.5,365.0,80.0,4174
2023-02-15,83.6325,53.2,0.0,0.7087912087912087,391.901,3827.647388880934,437.874,3798.890166,74.66666667,37.5,16.54117423,4.413,0,0.0,4.885,25.9,365.0,80.0,4755
2023-02-16,83.6325,53.22,0.0,0.706043956043956,390.185,3872.3038860037173,439.953,3798.890166,73.41666667,37.32142857,16.54117423,4.416,0,0.0,4.939,25.3,365.0,80.0,4505
2023-02-17,83.6325,52.41,0.0,0.7032967032967032,389.456,3812.495271533787,435.734,3798.890166,74.83333333,37.14285714,16.54117423,4.375,0,0.0,4.909,26.0,365.5,80.0,3827
2023-02-18,83.6325,52.41,0.0,0.7005494505494505,389.456,3820.328639080082,435.734,3798.890166,74.5,36.96428571,16.54117423,4.375,0,0.0,4.909,27.1,365.5,80.0,4513
2023-02-19,83.6325,52.41,0.0,0.6978021978021978,389.456,3872.3038860037173,435.734,3798.890166,83.41666667,36.78571429,16.54117423,4.375,0,9.7,4.909,25.7,365.5,80.0,3254
2023-02-20,83.6325,53.1,0.0,0.695054945054945,390.884,3792.9176458359616,442.089,3798.890166,89.25,36.60714286,16.54117423,4.406,0,10.4,4.872,25.1,361.92,80.0,3070
2023-02-21,83.6325,52.96,0.0,0.6923076923076923,383.826,3792.9176458359616,439.68,3798.890166,90.58333333,36.42857143,16.54117423,4.406,0,3.1,4.838,25.3,365.0,80.0,2727
2023-02-22,83.6325,52.84,0.0,0.6895604395604396,388.653,3872.3038860037173,438.548,3798.890166,80.75,36.25,16.54117423,4.418,0,0.1,4.82,25.5,365.0,80.0,3315
2023-02-23,83.6325,52.47,0.0,0.6868131868131868,387.01,3872.3038860037173,435.939,3798.890166,82.41666667,36.07142857,16.54117423,4.402,0,1.1,4.802,25.4,365.0,80.0,3040
2023-02-24,83.6325,52.27,0.0,0.6840659340659341,386.773,3812.495271533787,437.924,3798.890166,83.91666667,35.89285714,16.54117423,4.392,0,0.9,4.845,25.7,365.0,80.0,2628
2023-02-25,83.6325,52.27,0.0,0.6813186813186813,386.773,3827.647388880934,437.924,3798.890166,84.625,35.71428571,16.54117423,4.392,0,7.3,4.845,26.1,365.0,80.0,2566
2023-02-26,83.6325,52.27,0.0,0.6785714285714286,386.773,3792.9176458359616,437.924,3798.890166,75.375,35.53571429,16.54117423,4.392,0,0.0,4.845,25.5,365.0,80.0,3041
2023-02-27,83.6325,52.21,0.0,0.6758241758241759,385.003,3827.647388880934,435.197,3798.890166,71.08333333,35.35714286,16.54117423,4.38,0,0.1,4.824,26.0,363.0,80.42857143,3139
2023-02-28,83.6325,52.12,0.0,0.6730769230769231,385.108,3820.328639080082,430.621,3798.890166,84.45833333,35.17857143,16.54117423,4.343,0,8.6,4.757,25.9,362.0,80.85714286,2720
2023-03-01,79.25652174,50.03,0.0,0.6703296703296704,382.924,3872.3038860037173,413.229,3798.890166,86.95833333,35.0,16.54117423,4.201,0,4.7,4.583,25.6,358.0,81.28571429,4225
2023-03-02,79.25652174,49.15,0.0,0.6675824175824177,381.951,3820.328639080082,408.81,3798.890166,80.45833333,35.22580645,16.54117423,4.155,0,0.0,4.504,26.2,346.0,81.71428571,4620
2023-03-03,79.25652174,48.99,0.0,0.6648351648351649,366.692,3792.9176458359616,408.165,3798.890166,77.54166667,35.4516129,16.54117423,4.15,0,2.8,4.492,26.5,339.5,82.14285714,4098
2023-03-04,79.25652174,48.99,0.0,0.6620879120879121,366.692,3872.3038860037173,408.165,3798.890166,84.95833333,35.67741935,16.54117423,4.15,0,19.4,4.492,25.8,339.5,82.57142857,4104
2023-03-05,79.25652174,48.99,0.0,0.6593406593406593,366.692,3872.3038860037173,408.165,3798.890166,84.91666667,35.90322581,16.54117423,4.15,0,2.1,4.492,26.1,339.5,83.0,4337
2023-03-06,79.25652174,46.32,0.0,0.6565934065934066,361.026,3827.647388880934,381.647,3798.890166,86.08333333,36.12903226,16.54117423,3.932,0,8.1,4.267,25.9,339.5,81.71428571,5489
2023-03-07,79.25652174,46.39,0.0,0.6538461538461539,362.552,3827.647388880934,381.971,3798.890166,87.5,36.35483871,16.54117423,3.935,0,7.9,4.241,26.0,322.5,80.42857143,4684
2023-03-08,79.25652174,46.3,0.0,0.6510989010989011,340.206,3872.3038860037173,384.582,3798.890166,81.54166667,36.58064516,16.54117423,3.932,0,1.7,4.252,26.6,322.5,79.14285714,4052
2023-03-09,79.25652174,46.34,0.0,0.6483516483516483,340.11,3820.328639080082,384.961,3798.890166,80.33333333,36.80645161,16.54117423,3.904,0,0.3,4.2,26.6,322.5,77.85714286,4247
2023-03-10,79.25652174,47.83,0.0,0.6456043956043955,341.27,3827.647388880934,398.994,3798.890166,84.75,37.03225806,16.54117423,3.981,0,1.4,4.335,26.2,320.0,76.57142857,3994
2023-03-11,79.25652174,47.83,0.0,0.6428571428571428,341.27,3820.328639080082,398.994,3798.890166,86.41666667,37.25806452,16.54117423,3.981,0,12.5,4.335,26.0,320.0,75.28571429,3973
2023-03-12,79.25652174,47.83,0.0,0.6401098901098901,341.27,3812.495271533787,398.994,3798.890166,87.16666667,37.48387097,16.54117423,3.981,0,16.3,4.335,26.0,320.0,74.0,3883
2023-03-13,79.25652174,48.75,0.0,0.6373626373626373,340.609,3820.328639080082,407.31,3798.890166,87.5,37.70967742,16.54117423,4.073,0,11.4,4.423,26.0,327.5,74.71428571,3647
2023-03-14,79.25652174,48.86,0.0,0.6346153846153846,351.441,3872.3038860037173,407.262,3798.890166,87.41666667,37.93548387,16.54117423,4.071,0,3.2,4.409,26.0,335.0,75.42857143,4050
2023-03-15,79.25652174,49.22,0.0,0.6318681318681318,359.539,3792.9176458359616,411.101,3798.890166,84.41666667,38.16129032,16.54117423,4.078,0,2.7,4.345,26.5,337.5,76.14285714,4644
2023-03-16,79.25652174,48.78,0.0,0.6291208791208791,356.974,3820.328639080082,410.974,3798.890166,88.95833333,38.38709677,16.54117423,4.07,0,2.6,4.366,25.8,339.5,76.85714286,4079
2023-03-17,79.25652174,49.43,0.0,0.6263736263736264,360.108,3872.3038860037173,417.352,3798.890166,84.625,38.61290323,16.54117423,4.12,0,0.8,4.403,26.5,337.5,77.57142857,4223
2023-03-18,79.25652174,49.43,0.0,0.6236263736263736,360.108,3827.647388880934,417.352,3798.890166,85.41666667,38.83870968,16.54117423,4.12,0,8.9,4.403,26.7,337.5,78.28571429,4046
2023-03-19,79.25652174,49.43,0.0,0.6208791208791209,360.108,3872.3038860037173,417.352,3798.890166,86.41666667,39.06451613,16.54117423,4.12,0,4.6,4.403,26.2,337.5,79.0,4049
2023-03-20,79.25652174,46.47,0.0,0.6181318681318682,358.378,3820.328639080082,392.745,3798.890166,84.70833333,39.29032258,16.54117423,3.868,0,10.0,4.142,25.9,340.0,78.42857143,4071
2023-03-21,79.25652174,46.43,0.0,0.6153846153846154,364.532,3812.495271533787,393.739,3798.890166,84.25,39.51612903,16.54117423,3.871,0,3.1,4.147,26.7,321.5,77.85714286,4147
2023-03-22,79.25652174,46.62,0.0,0.6126373626373627,344.576,3827.647388880934,391.956,3798.890166,84.875,39.74193548,16.54117423,3.864,0,0.8,4.184,26.8,321.0,77.28571429,3202
2023-03-23,79.25652174,46.59,0.0,0.6098901098901099,346.817,3872.3038860037173,393.243,3798.890166,85.45833333,39.96774194,16.54117423,3.886,0,5.1,4.141,26.1,319.0,76.71428571,3408
2023-03-24,79.25652174,46.84,0.0,0.6071428571428572,344.394,3820.328639080082,396.224,3798.890166,83.25,40.19354839,16.54117423,3.923,0,0.5,4.214,26.5,321.5,76.14285714,3108
2023-03-25,79.25652174,46.84,0.0,0.6043956043956045,344.394,3812.495271533787,396.224,3798.890166,83.25,40.41935484,16.54117423,3.923,0,0.6,4.214,26.7,321.5,75.57142857,3102
2023-03-26,79.25652174,46.84,0.0,0.6016483516483517,344.394,3827.647388880934,396.224,3798.890166,82.58333333,40.64516129,16.54117423,3.923,0,2.4,4.214,26.9,321.5,75.0,3200
2023-03-27,79.25652174,47.2,0.0,0.5989010989010989,344.288,3820.328639080082,400.434,3798.890166,83.83333333,40.87096774,16.54117423,3.948,0,0.2,4.239,27.2,322.5,76.14285714,3085
2023-03-28,79.25652174,47.18,0.0,0.5961538461538461,348.22,3820.328639080082,401.388,3798.890166,81.91666667,41.09677419,16.54117423,3.952,0,2.5,4.217,27.3,324.5,77.28571429,3462
2023-03-29,79.25652174,47.29,0.0,0.5934065934065934,351.888,6226.000331840053,404.42,3798.890166,81.375,41.32258065,16.54117423,3.958,0,1.8,4.206,27.3,326.0,78.42857143,4465
2023-03-30,79.25652174,47.16,0.0,0.5906593406593407,352.398,6081.210893086374,402.121,3798.890166,83.04166667,41.5483871,16.54117423,3.941,0,1.7,4.154,26.9,326.5,79.57142857,4746
2023-03-31,79.25652174,46.96,0.0,0.5879120879120879,354.283,6081.210893086374,403.423,3798.890166,82.125,41.77419355,16.54117423,3.929,0,1.1,4.133,27.1,326.0,80.71428571,5055
2023-04-01,83.536,46.96,0.0,0.5851648351648351,354.283,6212.400348432056,403.423,3798.890166,82.75,42.0,16.54117423,3.929,0,0.5,4.133,26.9,326.0,81.85714286,3463
2023-04-02,83.536,46.96,0.0,0.5824175824175823,354.283,3872.3038860037173,403.423,3798.890166,81.58333333,41.93333333,16.54117423,3.929,0,0.3,4.133,27.1,326.0,83.0,3163
2023-04-03,83.536,46.88,0.0,0.5796703296703296,351.184,3872.3038860037173,403.158,3798.890166,79.79166667,41.86666667,16.54117423,3.928,0,3.2,4.067,27.1,325.0,84.14285714,3325
2023-04-04,83.536,46.88,0.0,0.5769230769230769,351.876,3812.495271533787,401.868,3798.890166,83.95833333,41.8,16.54117423,3.936,0,2.5,4.021,26.2,322.5,85.28571429,3509
2023-04-05,83.536,46.53,0.0,0.5741758241758241,353.234,3872.3038860037173,398.391,3798.890166,79.95833333,41.73333333,16.54117423,3.909,0,0.8,3.945,27.0,322.5,86.42857143,5152
2023-04-06,83.536,46.56,0.0,0.5714285714285714,351.767,3792.9176458359616,397.591,3798.890166,79.16666667,41.66666667,16.54117423,3.907,0,1.6,3.95,27.1,320.25,87.57142857,4091
2023-04-07,83.536,46.2,0.0,0.5686813186813187,349.472,3820.328639080082,396.257,3798.890166,78.04166667,41.6,16.54117423,3.878,0,2.7,3.894,27.2,320.25,88.71428571,5357
2023-04-08,83.536,46.2,0.0,0.5659340659340659,349.472,3827.647388880934,396.257,3798.890166,84.83333333,41.53333333,16.54117423,3.878,0,5.4,3.894,26.1,320.25,89.85714286,4216
2023-04-09,83.536,46.2,0.0,0.5631868131868132,349.472,3792.9176458359616,396.257,3798.890166,80.20833333,41.46666667,16.54117423,3.878,0,0.0,3.894,27.3,320.25,91.0,4308
2023-04-10,83.536,46.32,0.0,0.5604395604395604,348.704,3872.3038860037173,398.222,3798.890166,78.83333333,41.4,16.54117423,3.886,0,1.5,3.933,27.6,320.0,89.71428571,4209
2023-04-11,83.536,46.39,0.0,0.5576923076923077,345.316,3872.3038860037173,400.705,3798.890166,74.625,41.33333333,16.54117423,3.891,0,0.0,3.905,27.7,320.5,88.42857143,4384
2023-04-12,83.536,46.44,0.0,0.554945054945055,348.061,3792.9176458359616,401.989,3798.890166,79.375,41.26666667,16.54117423,3.905,0,0.7,3.904,27.8,321.0,87.14285714,4060
2023-04-13,83.536,46.41,0.0,0.5521978021978022,350.549,3820.328639080082,398.506,3798.890166,79.91666667,41.2,16.54117423,3.896,0,0.9,3.937,27.9,321.0,85.85714286,4864
2023-04-14,83.536,46.36,0.0,0.5494505494505495,352.208,3827.647388880934,396.033,3798.890166,81.91666667,41.13333333,16.54117423,3.889,0,3.5,3.895,27.3,321.0,84.57142857,4821
2023-04-15,83.536,46.36,0.0,0.5467032967032968,352.208,3812.495271533787,396.033,3798.890166,81.75,41.06666667,16.54117423,3.889,0,3.9,3.895,27.3,321.0,83.28571429,3730
2023-04-16,83.536,46.36,0.0,0.543956043956044,352.208,3872.3038860037173,396.033,3798.890166,81.5,41.0,16.54117423,3.889,0,4.0,3.895,27.2,321.0,82.0,3717
2023-04-17,83.536,46.24,0.0,0.5412087912087913,350.868,3792.9176458359616,397.6,3798.890166,76.91666667,40.93333333,16.54117423,3.872,0,0.5,3.886,28.3,320.0,81.42857143,3438
2023-04-18,83.536,46.25,0.0,0.5384615384615384,348.539,3812.495271533787,398.08,3798.890166,79.29166667,40.86666667,16.54117423,3.87,0,0.9,3.898,28.5,320.0,80.85714286,3071
2023-04-19,83.536,46.26,0.0,0.5357142857142857,348.846,3812.495271533787,398.192,3798.890166,78.25,40.8,16.54117423,3.871,0,1.4,3.913,28.7,320.0,80.28571429,2995
2023-04-20,83.536,46.12,0.0,0.532967032967033,348.885,3872.3038860037173,397.825,3798.890166,79.54166667,40.73333333,16.54117423,3.874,0,2.8,3.93,28.0,320.0,79.71428571,2892
2023-04-21,83.536,46.4,0.0,0.5302197802197802,348.751,3792.9176458359616,399.538,3798.890166,79.54166667,40.66666667,16.54117423,3.904,0,0.9,3.928,27.8,320.0,79.14285714,2772
2023-04-22,83.536,46.4,0.0,0.5274725274725275,348.751,3792.9176458359616,399.538,3798.890166,79.83333333,40.6,16.54117423,3.904,0,1.8,3.928,28.2,320.0,78.57142857,3370
2023-04-23,83.536,46.4,0.0,0.5247252747252747,348.751,3812.495271533787,399.538,3798.890166,78.75,40.53333333,16.54117423,3.904,0,2.4,3.928,28.6,320.0,78.0,2608
2023-04-24,83.536,46.37,0.0,0.5219780219780219,349.387,3872.3038860037173,399.26,3798.890166,83.125,40.46666667,16.54117423,3.92,0,18.7,3.939,27.3,320.0,78.71428571,2531
2023-04-25,83.536,46.19,0.0,0.5192307692307692,353.378,3872.3038860037173,401.502,3798.890166,83.83333333,40.4,16.54117423,3.913,0,2.2,3.896,27.0,321.75,79.42857143,2683
2023-04-26,83.536,46.21,0.0,0.5164835164835164,352.75,3827.647388880934,402.42,3798.890166,85.875,40.33333333,16.54117423,3.915,0,15.9,3.921,26.7,322.0,80.14285714,2594
2023-04-27,83.536,46.29,0.0,0.5137362637362637,353.28,3820.328639080082,403.256,3798.890166,84.95833333,40.26666667,16.54117423,3.913,0,2.7,3.991,26.9,322.0,80.85714286,2480
2023-04-28,83.536,46.44,0.0,0.510989010989011,352.864,3820.328639080082,401.154,3798.890166,87.95833333,40.2,16.54117423,3.912,0,24.6,3.979,26.2,321.0,81.57142857,2487
2023-04-29,83.536,46.44,0.0,0.5082417582417582,352.864,3812.495271533787,401.154,3798.890166,90.33333333,40.13333333,16.54117423,3.912,0,22.1,3.979,25.9,321.0,82.28571429,2531
2023-04-30,83.536,46.44,0.0,0.5054945054945055,352.864,3820.328639080082,401.154,3798.890166,88.20833333,40.06666667,16.54117423,3.912,0,9.8,3.979,26.4,321.0,83.0,2677
2023-05-01,75.7473913,46.29,0.0,0.5027472527472527,352.64,3820.328639080082,400.159,3798.890166,89.75,40.0,16.54117423,3.913,0,27.0,3.994,26.1,321.0,81.14285714,4007
2023-05-02,75.7473913,46.22,0.0,0.5,351.2,3792.9176458359616,401.547,3798.890166,88.58333333,39.90322581,16.54117423,3.906,0,9.1,4.02,26.5,321.0,79.28571429,3093
2023-05-03,75.7473913,46.18,0.0,0.49725274725274726,352.0,3820.328639080082,401.692,3798.890166,89.625,39.80645161,16.54117423,3.903,0,28.1,4.064,26.0,319.55,77.42857143,3192
2023-05-04,75.7473913,46.16,0.0,0.4945054945054945,353.335,3872.3038860037173,403.609,3798.890166,90.04166667,39.70967742,16.54117423,3.902,0,30.5,4.1,26.7,319.5,75.57142857,3130
2023-05-05,75.7473913,46.0,0.0,0.4917582417582418,351.251,3820.328639080082,402.547,3798.890166,89.08333333,39.61290323,16.54117423,3.888,0,10.4,4.091,26.2,319.5,73.71428571,4102
2023-05-06,75.7473913,46.0,0.0,0.48901098901098905,351.251,3820.328639080082,402.547,3798.890166,86.54166667,39.51612903,16.54117423,3.888,0,13.0,4.091,26.4,319.5,71.85714286,4473
2023-05-07,75.7473913,46.0,0.0,0.4862637362637363,351.251,3812.495271533787,402.547,3798.890166,86.58333333,39.41935484,16.54117423,3.888,0,12.6,4.091,26.7,319.5,70.0,3625
2023-05-08,75.7473913,45.8,0.0,0.48351648351648346,351.474,3792.9176458359616,401.979,3798.890166,86.58333333,39.32258065,16.54117423,3.859,0,11.3,4.08,27.2,319.0,70.28571429,3542
2023-05-09,75.7473913,45.55,0.0,0.4807692307692307,349.927,3820.328639080082,399.108,3798.890166,88.08333333,39.22580645,16.54117423,3.855,0,13.0,4.15,26.6,318.5,70.57142857,3383
2023-05-10,75.7473913,45.04,0.0,0.478021978021978,347.432,3827.647388880934,391.907,3798.890166,87.375,39.12903226,16.54117423,3.812,0,9.7,4.065,26.7,316.1,70.85714286,3488
2023-05-11,75.7473913,44.83,0.0,0.47527472527472525,346.858,3812.495271533787,389.344,3798.890166,88.20833333,39.03225806,16.54117423,3.794,0,8.2,4.04,26.6,313.25,71.14285714,3357
2023-05-12,75.7473913,45.02,0.0,0.4725274725274725,341.64,3820.328639080082,392.456,3798.890166,85.58333333,38.93548387,16.54117423,3.803,0,5.6,3.923,27.3,312.5,71.42857143,3359
2023-05-13,75.7473913,45.02,0.0,0.4697802197802198,341.64,3820.328639080082,392.456,3798.890166,83.75,38.83870968,16.54117423,3.803,0,7.7,3.923,27.8,312.5,71.71428571,3305
2023-05-14,75.7473913,45.02,0.0,0.46703296703296704,341.64,3812.495271533787,392.456,3798.890166,85.54166667,38.74193548,16.54117423,3.803,0,4.2,3.923,27.5,312.5,72.0,3150
2023-05-15,75.7473913,44.28,0.0,0.4642857142857143,338.458,3755.9063225900118,386.317,3798.890166,82.5,38.64516129,16.54117423,3.754,0,3.5,3.844,28.5,313.25,71.71428571,2831
2023-05-16,75.7473913,43.58,0.0,0.46153846153846156,340.294,3755.9063225900118,381.509,3798.890166,85.66666667,38.5483871,16.54117423,3.701,0,3.9,3.798,28.5,309.375,71.42857143,2663
2023-05-17,75.7473913,43.49,0.0,0.4587912087912088,335.605,3755.9063225900118,380.988,3798.890166,87.08333333,38.4516129,16.54117423,3.699,0,5.0,3.806,28.5,305.5,71.14285714,2382
2023-05-18,75.7473913,43.72,0.0,0.4560439560439561,330.59,3640.8878262106236,382.093,3798.890166,85.66666667,38.35483871,16.54117423,3.696,0,3.1,3.833,27.7,307.0,70.85714286,2196
2023-05-19,75.7473913,43.35,0.0,0.45329670329670335,329.531,3755.9063225900118,379.92,3798.890166,86.04166667,38.25806452,16.54117423,3.681,0,1.1,3.789,27.3,307.0,70.57142857,2157
2023-05-20,75.7473913,43.35,0.0,0.4505494505494505,329.531,3664.530683353481,379.92,3798.890166,85.95833333,38.16129032,16.54117423,3.681,0,2.9,3.789,27.1,307.0,70.28571429,2110
2023-05-21,75.7473913,43.35,0.0,0.44780219780219777,329.531,3755.9063225900118,379.92,3798.890166,84.91666667,38.06451613,16.54117423,3.681,0,3.2,3.789,27.0,307.0,70.0,2127
2023-05-22,75.7473913,43.15,0.0,0.44505494505494503,331.081,3590.6207697544955,378.627,3798.890166,86.04166667,37.96774194,16.54117423,3.676,0,2.2,3.798,27.1,305.5,70.57142857,1929
2023-05-23,75.7473913,42.9,0.0,0.4423076923076923,329.736,3590.6207697544955,375.308,3798.890166,84.58333333,37.87096774,16.54117423,3.665,0,0.5,3.785,27.6,305.0,71.14285714,1853
2023-05-24,75.7473913,42.66,0.0,0.43956043956043955,327.947,3664.530683353481,372.711,3798.890166,83.375,37.77419355,16.54117423,3.65,0,0.7,3.774,27.9,303.5,71.71428571,1821
2023-05-25,75.7473913,42.03,0.0,0.4368131868131868,325.664,3664.530683353481,366.941,3798.890166,82.0,37.67741935,16.54117423,3.597,0,0.6,3.759,28.2,302.5,72.28571429,1707
2023-05-26,75.7473913,41.84,0.0,0.4340659340659341,323.714,3664.530683353481,366.885,3798.890166,79.70833333,37.58064516,16.54117423,3.582,0,4.7,3.702,28.4,297.25,72.85714286,1744
2023-05-27,75.7473913,41.84,0.0,0.43131868131868134,323.714,3640.8878262106236,366.885,3798.890166,82.91666667,37.48387097,16.54117423,3.582,0,4.7,3.702,27.9,297.25,73.42857143,1729
2023-05-28,75.7473913,41.84,0.0,0.4285714285714286,323.714,3640.8878262106236,366.885,3798.890166,82.79166667,37.38709677,16.54117423,3.582,0,3.1,3.702,27.8,297.25,74.0,1789
2023-05-29,75.7473913,41.52,0.0,0.42582417582417587,318.503,3755.9063225900118,365.593,3798.890166,84.66666667,37.29032258,16.54117423,3.554,0,3.0,3.91,28.0,297.0,73.71428571,1424
2023-05-30,75.7473913,40.77,0.0,0.42307692307692313,316.868,3660.3107472683605,361.071,3798.890166,88.83333333,37.19354839,16.54117423,3.507,0,2.5,3.556,27.1,294.5,73.42857143,1764
2023-05-31,75.7473913,41.36,0.0,0.4203296703296703,315.55,3755.9063225900118,368.397,3798.890166,85.54166667,37.09677419,16.54117423,3.567,0,3.2,3.623,27.5,290.25,73.14285714,1877
2023-06-01,74.975,40.92,0.0,0.41758241758241754,309.952,3755.9063225900118,362.295,3798.890166,88.41666667,37.0,16.54117423,3.519,0,10.1,3.589,26.6,294.0,72.85714286,2507
2023-06-02,74.975,40.82,0.0,0.4148351648351648,315.806,3590.6207697544955,361.028,3798.890166,86.45833333,37.0,16.54117423,3.514,0,3.3,3.602,26.9,291.0,72.57142857,2622
2023-06-03,74.975,40.82,0.0,0.41208791208791207,315.806,3660.3107472683605,361.028,3798.890166,84.66666667,37.0,16.54117423,3.514,0,8.8,3.602,27.6,291.0,72.28571429,3525
2023-06-04,74.975,40.82,0.0,0.40934065934065933,315.806,3590.6207697544955,361.028,3798.890166,85.5,37.0,16.54117423,3.514,0,6.6,3.602,27.0,291.0,72.0,2913
2023-06-05,74.975,40.94,0.0,0.4065934065934066,310.474,3755.9063225900118,362.781,3798.890166,87.0,37.0,16.54117423,3.533,0,9.5,3.59,26.5,290.25,71.71428571,2979
2023-06-06,74.975,40.81,0.0,0.40384615384615385,310.648,3755.9063225900118,362.553,3798.890166,86.79166667,37.0,16.54117423,3.526,0,12.5,3.575,27.1,292.0,71.42857143,3063
2023-06-07,74.975,41.33,0.0,0.4010989010989011,311.701,3590.6207697544955,370.373,3798.890166,87.66666667,37.0,16.54117423,3.562,0,11.7,3.585,27.0,291.5,71.14285714,3202
2023-06-08,74.975,41.45,0.0,0.3983516483516484,311.283,3660.3107472683605,372.087,3798.890166,85.66666667,37.0,16.54117423,3.584,0,7.8,3.572,27.4,295.0,70.85714286,3386
2023-06-09,74.975,42.05,0.0,0.39560439560439564,316.961,3660.3107472683605,376.001,3798.890166,84.91666667,37.0,16.54117423,3.646,0,5.9,3.583,27.2,296.0,70.57142857,3752
2023-06-10,74.975,42.05,0.0,0.3928571428571429,316.961,3755.9063225900118,376.001,3798.890166,86.29166667,37.0,16.54117423,3.646,0,8.4,3.583,27.2,296.0,70.28571429,3772
2023-06-11,74.975,42.05,0.0,0.39010989010989006,316.961,3590.6207697544955,376.001,3798.890166,84.16666667,37.0,16.54117423,3.646,0,11.7,3.583,27.4,296.0,70.0,3754
2023-06-12,74.975,42.68,0.0,0.3873626373626373,317.574,3664.530683353481,387.189,3798.890166,87.29166667,37.0,16.54117423,3.72,0,15.5,3.658,27.1,300.5,70.0,3479
2023-06-13,74.975,43.97,0.0,0.3846153846153846,323.263,3664.530683353481,398.886,3798.890166,85.79166667,37.0,16.54117423,3.843,0,19.3,3.75,26.9,307.0,70.0,3740
2023-06-14,74.975,42.97,0.0,0.38186813186813184,330.205,3590.6207697544955,391.16,3798.890166,86.875,37.0,16.54117423,3.736,0,18.9,3.666,27.1,315.0,70.0,3739
2023-06-15,74.975,43.15,0.0,0.3791208791208791,341.241,3590.6207697544955,394.185,3798.890166,86.125,37.0,16.54117423,3.754,0,8.6,3.684,27.7,306.0,70.0,3978
2023-06-16,74.975,42.73,0.0,0.37637362637362637,334.918,3660.3107472683605,392.075,3798.890166,83.58333333,37.0,16.54117423,3.735,0,9.3,3.649,28.1,307.5,70.0,3675
2023-06-17,74.975,42.73,0.0,0.37362637362637363,334.918,3660.3107472683605,392.075,3798.890166,80.95833333,37.0,16.54117423,3.735,0,6.7,3.649,27.7,307.5,70.0,3801
2023-06-18,74.975,42.73,0.0,0.3708791208791209,334.918,3755.9063225900118,392.075,3798.890166,81.83333333,37.0,16.54117423,3.735,0,8.6,3.649,27.6,307.5,70.0,3688
2023-06-19,74.975,42.61,0.0,0.36813186813186816,336.375,3660.3107472683605,391.871,3798.890166,81.20833333,37.0,16.54117423,3.731,0,3.9,3.662,27.7,306.5,70.71428571,3501
2023-06-20,74.975,42.61,0.0,0.3653846153846154,334.183,3590.6207697544955,392.039,3798.890166,86.83333333,37.0,16.54117423,3.734,0,9.5,3.671,27.0,307.0,71.42857143,3077
2023-06-21,74.975,42.61,0.0,0.3626373626373627,333.999,3640.8878262106236,391.364,3798.890166,89.70833333,37.0,16.54117423,3.733,0,23.3,3.778,25.9,307.0,72.14285714,2840
2023-06-22,74.975,42.82,0.0,0.35989010989010994,336.11,3640.8878262106236,391.227,3798.890166,86.66666667,37.0,16.54117423,3.751,0,8.6,3.676,27.0,307.0,72.85714286,3006
2023-06-23,74.975,42.48,0.0,0.3571428571428571,335.254,3755.9063225900118,391.592,3798.890166,84.70833333,37.0,16.54117423,3.751,0,4.9,3.643,27.3,307.75,73.57142857,2981
2023-06-24,74.975,42.48,0.0,0.35439560439560436,335.254,3640.8878262106236,391.592,3798.890166,82.875,37.0,16.54117423,3.751,0,9.8,3.643,27.5,307.75,74.28571429,2958
2023-06-25,74.975,42.48,0.0,0.3516483516483516,335.254,3660.3107472683605,391.592,3798.890166,86.91666667,37.0,16.54117423,3.751,0,24.2,3.643,26.2,307.75,75.0,2999
2023-06-26,74.975,42.65,0.0,0.3489010989010989,334.837,3664.530683353481,393.276,3798.890166,88.29166667,37.0,16.54117423,3.754,0,33.1,3.603,26.0,308.0,75.57142857,2997
2023-06-27,74.975,42.44,0.0,0.34615384615384615,335.298,3590.6207697544955,388.904,3798.890166,88.79166667,37.0,16.54117423,3.748,0,35.4,3.575,25.9,308.5,76.14285714,3057
2023-06-28,74.975,42.39,0.0,0.3434065934065934,337.537,3755.9063225900118,388.15,3798.890166,87.83333333,37.0,16.54117423,3.745,0,8.8,3.54,26.2,307.75,76.71428571,3407
2023-06-29,74.975,42.39,0.0,0.34065934065934067,335.513,3660.3107472683605,391.027,3798.890166,89.41666667,37.0,16.54117423,3.745,0,30.2,3.5,25.8,307.75,77.28571429,4372
2023-06-30,74.975,42.46,0.0,0.33791208791208793,334.068,3755.9063225900118,390.597,3798.890166,86.125,37.0,16.54117423,3.752,0,4.4,3.436,27.1,307.75,77.85714286,3618
2023-07-01,80.10904762,42.46,0.0,0.3351648351648352,334.068,3664.530683353481,390.597,3798.890166,88.66666667,37.0,16.54117423,3.752,0,9.1,3.436,26.0,307.75,78.42857143,3369
2023-07-02,80.10904762,42.46,0.0,0.33241758241758246,334.068,3590.6207697544955,390.597,3798.890166,89.66666667,37.09677419,16.54117423,3.752,0,25.1,3.436,25.9,307.75,79.0,3411
2023-07-03,80.10904762,42.41,0.0,0.3296703296703297,335.483,3664.530683353481,390.32,3798.890166,84.625,37.19354839,16.54117423,3.732,0,20.1,3.363,26.9,307.75,78.57142857,4856
2023-07-04,80.10904762,42.22,0.0,0.32692307692307687,335.483,3755.9063225900118,390.028,3798.890166,85.70833333,37.29032258,16.54117423,3.713,0,17.8,3.382,26.3,307.0,78.14285714,4030
2023-07-05,80.10904762,42.61,0.0,0.32417582417582413,332.836,3664.530683353481,394.956,3798.890166,86.79166667,37.38709677,16.54117423,3.733,0,18.8,3.386,26.2,307.0,77.71428571,4144
2023-07-06,80.10904762,42.79,0.0,0.3214285714285714,332.071,3590.6207697544955,398.62,3798.890166,86.625,37.48387097,16.54117423,3.74,0,9.3,3.386,26.6,310.0,77.28571429,4147
2023-07-07,80.10904762,42.86,0.0,0.31868131868131866,336.408,3660.3107472683605,400.59,3798.890166,88.375,37.58064516,16.54117423,3.756,0,12.7,3.42,26.2,310.5,76.85714286,4421
2023-07-08,80.10904762,42.86,0.0,0.3159340659340659,336.408,3590.6207697544955,400.59,3798.890166,89.0,37.67741935,16.54117423,3.756,0,5.7,3.42,26.4,310.5,76.42857143,4458
2023-07-09,80.10904762,42.86,0.0,0.3131868131868132,336.408,3755.9063225900118,400.59,3798.890166,87.79166667,37.77419355,16.54117423,3.756,0,1.7,3.42,26.8,310.5,76.0,4697
2023-07-10,80.10904762,43.4,0.0,0.31043956043956045,338.88,3590.6207697544955,406.097,3798.890166,84.29166667,37.87096774,16.54117423,3.799,0,5.7,3.47,27.2,311.5,76.71428571,4761
2023-07-11,80.10904762,43.81,0.0,0.3076923076923077,340.969,3640.8878262106236,409.122,3798.890166,85.95833333,37.96774194,16.54117423,3.83,0,2.6,3.469,26.9,314.0,77.42857143,4937
2023-07-12,80.10904762,44.32,0.0,0.30494505494505497,344.488,3640.8878262106236,417.201,3798.890166,84.0,38.06451613,16.54117423,3.863,0,1.5,3.517,27.3,315.0,78.14285714,5080
2023-07-13,80.10904762,44.52,0.0,0.30219780219780223,349.419,3640.8878262106236,417.572,3798.890166,86.70833333,38.16129032,16.54117423,3.873,0,7.6,3.523,26.3,317.625,78.85714286,5181
2023-07-14,80.10904762,44.75,0.0,0.2994505494505495,355.801,3590.6207697544955,421.605,3798.890166,85.54166667,38.25806452,16.54117423,3.912,0,14.1,3.57,26.7,319.0,79.57142857,5138
2023-07-15,80.10904762,44.75,0.0,0.29670329670329665,355.801,3590.6207697544955,421.605,3798.890166,85.16666667,38.35483871,16.54117423,3.912,0,2.6,3.57,27.4,319.0,80.28571429,4938
2023-07-16,80.10904762,44.75,0.0,0.2939560439560439,355.801,3590.6207697544955,421.605,3798.890166,84.0,38.4516129,16.54117423,3.912,0,7.8,3.57,27.4,319.0,81.0,4916
2023-07-17,80.10904762,44.84,0.0,0.2912087912087912,357.019,3590.6207697544955,420.737,3798.890166,84.25,38.5483871,16.54117423,3.924,0,5.4,3.548,27.3,322.5,81.85714286,4802
2023-07-18,80.10904762,44.69,0.0,0.28846153846153844,360.708,3664.530683353481,419.224,3798.890166,82.83333333,38.64516129,16.54117423,3.936,0,5.2,3.521,27.2,322.75,82.71428571,5145
2023-07-19,80.10904762,45.13,0.0,0.2857142857142857,361.477,3590.6207697544955,418.178,3798.890166,77.54166667,38.74193548,16.54117423,3.947,0,0.5,3.596,27.9,324.0,83.57142857,5093
2023-07-20,80.10904762,45.41,0.0,0.28296703296703296,361.695,3664.530683353481,421.067,3798.890166,83.45833333,38.83870968,16.54117423,3.982,0,7.7,3.619,27.3,325.0,84.42857143,4664
2023-07-21,80.10904762,45.77,0.0,0.2802197802197802,360.547,3755.9063225900118,423.523,3798.890166,83.70833333,38.93548387,16.54117423,4.022,0,1.6,3.637,27.5,327.5,85.28571429,4434
2023-07-22,80.10904762,45.77,0.0,0.2774725274725275,360.547,3755.9063225900118,423.523,3798.890166,83.08333333,39.03225806,16.54117423,4.022,0,2.5,3.637,27.7,327.5,86.14285714,4387
2023-07-23,80.10904762,45.77,0.0,0.27472527472527475,360.547,3660.3107472683605,423.523,3798.890166,83.45833333,39.12903226,16.54117423,4.022,0,4.0,3.637,27.2,327.5,87.0,4376
2023-07-24,80.10904762,46.23,0.0,0.271978021978022,363.101,3590.6207697544955,427.057,3798.890166,87.66666667,39.22580645,16.54117423,4.031,0,16.7,3.668,26.4,330.0,87.57142857,4121
2023-07-25,80.10904762,45.86,0.0,0.2692307692307693,363.94,3640.8878262106236,425.759,3798.890166,86.70833333,39.32258065,16.54117423,4.002,0,5.6,3.644,26.7,331.0,88.14285714,4158
2023-07-26,80.10904762,45.71,0.0,0.26648351648351654,364.749,3640.8878262106236,420.989,3798.890166,89.54166667,39.41935484,16.54117423,3.992,0,23.9,3.616,26.0,329.0,88.71428571,4315
2023-07-27,80.10904762,45.87,0.0,0.2637362637362637,363.522,3590.6207697544955,422.815,3798.890166,88.5,39.51612903,16.54117423,3.986,0,2.5,3.574,26.7,329.0,89.28571429,4308
2023-07-28,80.10904762,44.38,0.0,0.26098901098901095,359.914,3590.6207697544955,408.217,3798.890166,84.25,39.61290323,16.54117423,3.854,0,2.6,3.455,27.2,329.0,89.85714286,4381
2023-07-29,80.10904762,44.38,0.0,0.2582417582417582,359.914,3640.8878262106236,408.217,3798.890166,83.375,39.70967742,16.54117423,3.854,0,2.3,3.455,27.4,329.0,90.42857143,4648
2023-07-30,80.10904762,44.38,0.0,0.2554945054945055,359.914,4496.33362369338,408.217,3798.890166,84.0,39.80645161,16.54117423,3.854,0,0.9,3.455,27.2,329.0,91.0,5681
2023-07-31,80.10904762,44.16,0.0,0.25274725274725274,361.292,4506.875290360046,406.325,3798.890166,83.41666667,39.90322581,16.54117423,3.849,0,6.5,3.431,27.2,318.0,89.42857143,6042
2023-08-01,85.16826087,43.52,0.0,0.25,348.573,4496.33362369338,399.777,3798.890166,84.125,40.0,16.54117423,3.783,0,3.5,3.335,27.1,318.0,87.85714286,5094
2023-08-02,85.16826087,44.09,0.0,0.24725274725274726,348.129,4496.33362369338,404.338,3798.890166,85.83333333,39.96774194,16.54117423,3.818,0,2.9,3.366,27.0,314.5,86.28571429,4091
2023-08-03,85.16826087,44.62,0.0,0.24450549450549453,342.297,4607.310585125556,408.638,3798.890166,87.125,39.93548387,16.54117423,3.868,0,3.8,3.343,27.0,318.0,84.71428571,4038
2023-08-04,85.16826087,44.76,0.0,0.2417582417582418,345.83,4607.310585125556,412.349,3798.890166,86.16666667,39.90322581,16.54117423,3.889,0,4.9,3.373,26.9,320.5,83.14285714,4295
2023-08-05,85.16826087,44.76,0.0,0.23901098901098905,345.83,4506.875290360046,412.349,3798.890166,85.04166667,39.87096774,16.54117423,3.889,0,3.4,3.373,27.0,320.5,81.57142857,4578
2023-08-06,85.16826087,44.76,0.0,0.2362637362637363,345.83,4506.875290360046,412.349,3798.890166,84.875,39.83870968,16.54117423,3.889,0,0.7,3.373,27.1,320.5,80.0,4814
2023-08-07,85.16826087,44.26,0.0,0.23351648351648346,352.32,4496.33362369338,407.937,3798.890166,85.29166667,39.80645161,16.54117423,3.854,0,3.7,3.292,27.0,322.5,81.42857143,5467
2023-08-08,85.16826087,44.3,0.0,0.23076923076923073,354.329,4496.33362369338,407.04,3798.890166,83.875,39.77419355,16.54117423,3.854,0,5.0,3.298,27.0,320.0,82.85714286,5900
2023-08-09,85.16826087,44.19,0.0,0.228021978021978,349.98,4506.875290360046,405.633,3798.890166,86.58333333,39.74193548,16.54117423,3.859,0,2.9,3.288,27.0,320.0,84.28571429,5518
2023-08-10,85.16826087,44.06,0.0,0.22527472527472525,350.587,4607.310585125556,405.955,3798.890166,85.125,39.70967742,16.54117423,3.847,0,3.8,3.198,27.0,320.0,85.71428571,6050
2023-08-11,85.16826087,44.21,0.0,0.22252747252747251,350.23,4583.517481677281,407.474,3798.890166,86.75,39.67741935,16.54117423,3.859,0,3.0,3.259,26.6,319.75,87.14285714,5595
2023-08-12,85.16826087,44.21,0.0,0.21978021978021978,350.23,4583.517481677281,407.474,3798.890166,87.5,39.64516129,16.54117423,3.859,0,6.8,3.259,26.2,319.75,88.57142857,5588
2023-08-13,85.16826087,44.21,0.0,0.21703296703296704,350.23,4506.875290360046,407.474,3798.890166,83.95833333,39.61290323,16.54117423,3.859,0,1.8,3.259,27.2,319.75,90.0,5412
2023-08-14,85.16826087,43.93,0.0,0.2142857142857143,349.114,4506.875290360046,407.179,3798.890166,81.29166667,39.58064516,16.54117423,3.843,0,4.1,3.238,27.0,321.25,89.28571429,5326
2023-08-15,85.16826087,43.98,0.0,0.21153846153846156,350.018,4496.33362369338,409.334,3798.890166,79.25,39.5483871,16.54117423,3.857,0,1.9,3.303,27.1,320.5,88.57142857,5201
2023-08-16,85.16826087,44.09,0.0,0.20879120879120883,348.928,4496.33362369338,410.453,3798.890166,79.33333333,39.51612903,16.54117423,3.867,0,3.3,3.408,27.0,321.5,87.85714286,4693
2023-08-17,85.16826087,44.35,0.0,0.2060439560439561,349.216,4506.875290360046,412.043,3798.890166,79.08333333,39.48387097,16.54117423,3.882,0,0.9,3.399,27.3,322.0,87.14285714,4457
2023-08-18,85.16826087,44.31,0.0,0.20329670329670335,349.503,4496.33362369338,412.976,3798.890166,82.41666667,39.4516129,16.54117423,3.887,0,4.5,3.454,26.9,323.5,86.42857143,3956
2023-08-19,85.16826087,44.31,0.0,0.2005494505494505,349.503,4583.517481677281,412.976,3798.890166,80.66666667,39.41935484,16.54117423,3.887,0,1.5,3.454,27.5,323.5,85.71428571,3890
2023-08-20,85.16826087,44.31,0.0,0.19780219780219777,349.503,4506.875290360046,412.976,3798.890166,82.45833333,39.38709677,16.54117423,3.887,0,2.5,3.454,27.3,323.5,85.0,3683
2023-08-21,85.16826087,44.34,0.0,0.19505494505494503,351.004,3649.3533510965362,412.517,3798.890166,83.54166667,39.35483871,16.54117423,3.895,0,4.0,3.429,27.4,323.75,84.42857143,3485
2023-08-22,85.16826087,44.37,0.0,0.1923076923076923,351.779,3705.526682560059,411.751,3798.890166,84.29166667,39.32258065,16.54117423,3.913,0,2.3,3.436,27.3,324.0,83.85714286,3416
2023-08-23,85.16826087,44.37,0.0,0.18956043956043955,350.803,3725.421419402164,407.626,3798.890166,84.125,39.29032258,16.54117423,3.91,0,2.4,3.424,27.1,323.5,83.28571429,3397
2023-08-24,85.16826087,44.3,0.0,0.18681318681318682,350.746,3649.3533510965362,406.915,3798.890166,82.20833333,39.25806452,16.54117423,3.906,0,2.2,3.4,27.5,323.5,82.71428571,3352
2023-08-25,85.16826087,44.4,0.0,0.18406593406593408,349.131,3732.526682560059,408.402,3798.890166,82.29166667,39.22580645,16.54117423,3.917,0,2.5,3.426,27.4,323.5,82.14285714,3185
2023-08-26,85.16826087,44.4,0.0,0.18131868131868134,349.131,3725.421419402164,408.402,3798.890166,83.41666667,39.19354839,16.54117423,3.917,0,3.3,3.426,27.2,323.5,81.57142857,3205
2023-08-27,85.16826087,44.4,0.0,0.1785714285714286,349.131,3701.0503484320557,408.402,3798.890166,80.33333333,39.16129032,16.54117423,3.917,0,2.3,3.426,27.6,323.5,81.0,3364
2023-08-28,85.16826087,44.01,0.0,0.17582417582417587,348.84,3732.526682560059,405.873,3798.890166,86.33333333,39.12903226,16.54117423,3.879,0,5.6,3.359,26.8,324.0,79.71428571,3282
2023-08-29,85.16826087,43.99,0.0,0.17307692307692313,350.2,3705.526682560059,408.312,3798.890166,87.16666667,39.09677419,16.54117423,3.879,0,19.3,3.333,26.2,321.0,78.42857143,3564
2023-08-30,85.16826087,43.87,0.0,0.17032967032967028,348.64,3649.3533510965362,404.333,3798.890166,84.625,39.06451613,16.54117423,3.851,0,15.7,3.328,26.6,321.0,77.14285714,4709
2023-08-31,85.16826087,43.85,0.0,0.16758241758241754,350.114,3649.3533510965362,401.621,3798.890166,89.75,39.03225806,16.54117423,3.851,0,25.1,3.304,25.9,319.0,75.85714286,3800
2023-09-01,92.67333333,43.99,0.0,0.1648351648351648,345.286,3660.3107472683605,404.883,3798.890166,91.41666667,39.0,16.54117423,3.868,0,23.9,3.303,25.4,319.0,74.57142857,3583
2023-09-02,92.67333333,43.99,0.0,0.16208791208791207,345.286,3664.530683353481,404.883,3798.890166,88.91666667,38.9,16.54117423,3.868,0,24.0,3.303,25.6,319.0,73.28571429,3794
2023-09-03,92.67333333,43.99,0.0,0.15934065934065933,345.286,3640.8878262106236,404.883,3798.890166,88.33333333,38.8,16.54117423,3.868,0,32.4,3.303,25.6,319.0,72.0,3945
2023-09-04,92.67333333,43.94,0.0,0.1565934065934066,343.12,3640.8878262106236,403.965,3798.890166,85.70833333,38.7,16.54117423,3.865,0,23.7,3.311,26.4,320.75,71.71428571,3889
2023-09-05,92.67333333,43.86,0.0,0.15384615384615385,345.312,3590.6207697544955,402.149,3798.890166,86.125,38.6,16.54117423,3.856,0,20.4,3.268,26.2,321.5,71.42857143,4299
2023-09-06,92.67333333,43.93,0.0,0.15109890109890112,344.337,3590.6207697544955,402.255,3798.890166,90.20833333,38.5,16.54117423,3.872,0,18.2,3.275,25.3,321.5,71.14285714,4410
2023-09-07,92.67333333,43.7,0.0,0.14835164835164838,344.337,3640.8878262106236,400.814,3798.890166,89.70833333,38.4,16.54117423,3.865,0,23.9,3.289,25.3,322.5,70.85714286,4494
2023-09-08,92.67333333,44.03,0.0,0.14560439560439564,344.508,3664.530683353481,402.478,3798.890166,88.04166667,38.3,16.54117423,3.871,0,18.7,3.386,26.0,321.5,70.57142857,4272
2023-09-09,92.67333333,44.03,0.0,0.1428571428571429,344.508,3664.530683353481,402.478,3798.890166,87.58333333,38.2,16.54117423,3.871,0,14.7,3.386,26.1,321.5,70.28571429,4397
2023-09-10,92.67333333,44.03,0.0,0.14010989010989006,344.508,3640.8878262106236,402.478,3798.890166,89.08333333,38.1,16.54117423,3.871,0,36.4,3.386,25.9,321.5,70.0,4349
2023-09-11,92.67333333,44.19,0.0,0.13736263736263732,343.438,3664.530683353481,402.803,3798.890166,90.375,38.0,16.54117423,3.889,0,34.4,3.357,25.5,321.75,71.0,4320
2023-09-12,92.67333333,44.28,0.0,0.13461538461538458,345.011,3755.9063225900118,403.428,3798.890166,82.875,37.9,16.54117423,3.882,0,14.7,3.347,27.0,322.5,72.0,4584
2023-09-13,92.67333333,44.37,0.0,0.13186813186813184,346.515,3590.6207697544955,402.068,3798.890166,86.25,37.8,16.54117423,3.889,0,25.8,3.367,26.4,323.0,73.0,4282
2023-09-14,92.67333333,44.36,0.0,0.1291208791208791,345.442,3664.530683353481,400.126,3798.890166,90.04166667,37.7,16.54117423,3.884,0,17.5,3.338,25.5,324.0,74.0,4097
2023-09-15,92.67333333,44.47,0.0,0.12637362637362637,343.704,3867.1672473867598,402.016,3798.890166,87.04166667,37.6,16.54117423,3.891,0,2.9,3.379,26.3,323.125,75.0,3998
2023-09-16,92.67333333,44.47,0.0,0.12362637362637363,343.704,3870.000580720093,402.016,3798.890166,83.08333333,37.5,16.54117423,3.891,0,0.9,3.379,27.2,323.125,76.0,3964
2023-09-17,92.67333333,44.47,0.0,0.1208791208791209,343.704,3882.3339140534263,402.016,3798.890166,84.58333333,37.4,16.54117423,3.891,0,11.3,3.379,26.7,323.125,77.0,3816
2023-09-18,92.67333333,44.4,0.0,0.11813186813186816,343.89,3590.6207697544955,402.121,3798.890166,87.70833333,37.3,16.54117423,3.889,0,7.2,3.381,25.9,324.625,77.42857143,3308
2023-09-19,92.67333333,44.45,0.0,0.11538461538461542,346.623,3660.3107472683605,400.58,3798.890166,89.875,37.2,16.54117423,3.907,0,13.3,3.374,25.5,324.5,77.85714286,3360
2023-09-20,92.67333333,44.26,0.0,0.11263736263736268,345.935,3755.9063225900118,398.423,3798.890166,87.54166667,37.1,16.54117423,3.891,0,11.2,3.404,25.7,324.5,78.28571429,3261
2023-09-21,92.67333333,44.39,0.0,0.10989010989010994,345.352,3640.8878262106236,397.188,3798.890166,82.20833333,37.0,16.54117423,3.905,0,2.0,3.37,26.9,324.0,78.71428571,3210
2023-09-22,92.67333333,44.31,0.0,0.1071428571428571,344.786,3580.0004977600797,396.263,3798.890166,88.375,36.9,16.54117423,3.897,0,12.7,3.413,25.9,324.5,79.14285714,2953
2023-09-23,92.67333333,44.31,0.0,0.10439560439560436,344.786,3703.0839140534263,396.263,3798.890166,86.91666667,36.8,16.54117423,3.897,0,2.5,3.413,26.4,324.5,79.57142857,2914
2023-09-24,92.67333333,44.31,0.0,0.10164835164835162,344.786,3703.0839140534263,396.263,3798.890166,86.79166667,36.7,16.54117423,3.897,0,22.7,3.413,26.5,324.5,80.0,2857
2023-09-25,92.67333333,44.24,0.0,0.09890109890109888,345.125,3703.0839140534263,393.68,3798.890166,87.66666667,36.6,16.54117423,3.885,0,28.9,3.352,26.4,324.5,77.71428571,2865
2023-09-26,92.67333333,44.28,0.0,0.09615384615384615,343.116,3586.786212045794,393.207,3798.890166,88.54166667,36.5,16.54117423,3.89,0,14.1,3.338,26.1,323.75,75.42857143,2858
2023-09-27,92.67333333,44.34,0.0,0.09340659340659341,341.94,3780.0005360493165,395.248,3798.890166,89.45833333,36.4,16.54117423,3.892,0,14.6,3.364,25.6,324.0,73.14285714,2871
2023-09-28,92.67333333,44.46,0.0,0.09065934065934067,339.938,3729.7147834743655,395.248,3798.890166,90.16666667,36.3,16.54117423,3.899,0,21.4,3.307,25.3,324.0,70.85714286,3764
2023-09-29,92.67333333,44.39,0.0,0.08791208791208793,341.848,3780.0005360493165,391.83,3798.890166,89.95833333,36.2,16.54117423,3.895,0,35.5,3.282,25.3,324.0,68.57142857,3969
2023-09-30,92.67333333,44.39,0.0,0.0851648351648352,341.848,3766.071926331508,391.83,3798.890166,88.20833333,36.1,16.54117423,3.895,0,24.7,3.282,25.9,324.0,66.28571429,3255
2023-10-01,88.94772727,44.39,0.0,0.08241758241758246,341.848,3748.9290691886513,391.83,3798.890166,89.20833333,36.0,16.54117423,3.895,0,30.8,3.282,25.8,324.0,64.0,3495
2023-10-02,88.94772727,44.3,0.0,0.07967032967032972,342.204,3590.6207697544955,391.295,3798.890166,89.45833333,36.03225806,16.54117423,3.887,0,19.0,3.237,25.7,324.175,64.0,3418
2023-10-03,88.94772727,44.27,0.0,0.07692307692307687,339.527,3590.6207697544955,392.558,3798.890166,89.95833333,36.06451613,16.54117423,3.882,0,26.0,3.243,25.7,324.0,64.0,3399
2023-10-04,88.94772727,44.36,0.0,0.07417582417582413,338.543,3664.530683353481,395.082,3798.890166,88.91666667,36.09677419,16.54117423,3.893,0,13.1,3.237,25.9,323.625,64.0,3651
2023-10-05,88.94772727,44.34,0.0,0.0714285714285714,339.509,3590.6207697544955,396.576,3798.890166,90.08333333,36.12903226,16.54117423,3.894,0,39.1,3.205,25.7,324.05,64.0,3844
2023-10-06,88.94772727,44.35,0.0,0.06868131868131866,341.702,3660.3107472683605,396.112,3798.890166,90.95833333,36.16129032,16.54117423,3.883,0,21.7,3.254,25.5,324.0,64.0,3958
2023-10-07,88.94772727,44.35,0.0,0.06593406593406592,341.702,3640.8878262106236,396.112,3798.890166,90.625,36.19354839,16.54117423,3.883,0,19.8,3.254,25.8,324.0,64.0,4103
2023-10-08,88.94772727,44.35,0.0,0.06318681318681318,341.702,3660.3107472683605,396.112,3798.890166,88.83333333,36.22580645,16.54117423,3.883,0,10.2,3.254,26.3,324.0,64.0,4332
2023-10-09,88.94772727,44.33,0.0,0.06043956043956045,342.722,3664.530683353481,397.714,3798.890166,87.5,36.25806452,16.54117423,3.887,0,9.9,3.225,26.4,323.7,64.71428571,4505
2023-10-10,88.94772727,44.32,0.0,0.05769230769230771,341.778,3640.8878262106236,398.634,3798.890166,89.66666667,36.29032258,16.54117423,3.891,0,10.5,3.222,26.2,323.7,65.42857143,4383
2023-10-11,88.94772727,44.26,0.0,0.05494505494505497,343.007,3755.9063225900118,394.014,3798.890166,90.95833333,36.32258065,16.54117423,3.881,0,29.2,3.308,25.2,323.75,66.14285714,4381
2023-10-12,88.94772727,44.24,0.0,0.052197802197802234,343.566,3590.6207697544955,393.027,3798.890166,90.0,36.35483871,16.54117423,3.88,0,4.7,3.308,25.6,323.625,66.85714286,4122
2023-10-13,88.94772727,44.3,0.0,0.0494505494505495,340.253,3640.8878262106236,395.819,3798.890166,89.66666667,36.38709677,16.54117423,3.893,0,3.8,3.325,25.6,323.625,67.57142857,3800
2023-10-14,88.94772727,44.3,0.0,0.04670329670329665,340.253,3590.6207697544955,395.819,3798.890166,88.83333333,36.41935484,16.54117423,3.893,0,9.0,3.325,25.6,323.625,68.28571429,3753
2023-10-15,88.94772727,44.3,0.0,0.04395604395604391,340.253,3664.530683353481,395.819,3798.890166,88.20833333,36.4516129,16.54117423,3.893,0,37.0,3.325,25.0,323.625,69.0,3881
2023-10-16,88.94772727,44.29,0.0,0.04120879120879117,339.703,3792.9176458359616,394.937,3798.890166,81.625,36.48387097,16.54117423,3.891,0,0.3,3.305,26.3,323.95,68.42857143,4059
2023-10-17,88.94772727,44.36,0.0,0.038461538461538436,341.974,3812.495271533787,394.067,3798.890166,91.08333333,36.51612903,16.54117423,3.895,0,24.9,3.307,25.3,324.25,67.85714286,3660
2023-10-18,88.94772727,44.36,0.0,0.0357142857142857,342.63,3827.647388880934,394.344,3798.890166,94.04166667,36.5483871,16.54117423,3.904,0,73.8,3.386,24.5,324.575,67.28571429,3417
2023-10-19,88.94772727,44.48,0.0,0.03296703296703296,341.861,3872.3038860037173,396.226,3798.890166,91.5,36.58064516,16.54117423,3.914,0,12.0,3.41,24.8,324.75,66.71428571,3305
2023-10-20,88.94772727,44.55,0.0,0.030219780219780223,343.353,3827.647388880934,399.518,3798.890166,90.45833333,36.61290323,16.54117423,3.921,0,17.0,3.449,25.1,325.75,66.14285714,3093
2023-10-21,88.94772727,44.55,0.0,0.027472527472527486,343.353,3792.9176458359616,399.518,3798.890166,89.625,36.64516129,16.54117423,3.921,0,15.7,3.449,25.5,325.75,65.57142857,2997
2023-10-22,88.94772727,44.55,0.0,0.02472527472527475,343.353,3812.495271533787,399.518,3798.890166,89.58333333,36.67741935,16.54117423,3.921,0,23.5,3.449,25.7,325.75,65.0,2914
2023-10-23,88.94772727,44.73,0.0,0.02197802197802201,344.802,3812.495271533787,398.24,3798.890166,89.41666667,36.70967742,16.54117423,3.939,0,6.5,3.498,25.2,326.15,65.14285714,2846
2023-10-24,88.94772727,44.58,0.0,0.019230769230769273,347.67,3820.328639080082,395.457,3798.890166,85.79166667,36.74193548,16.54117423,3.924,0,12.8,3.471,26.0,327.5,65.28571429,2984
2023-10-25,88.94772727,44.63,0.0,0.016483516483516536,346.228,3812.495271533787,396.283,3798.890166,89.0,36.77419355,16.54117423,3.922,0,9.8,3.486,25.5,326.5,65.42857143,2831
2023-10-26,88.94772727,44.73,0.0,0.013736263736263687,344.618,3827.647388880934,396.924,3798.890166,88.91666667,36.80645161,16.54117423,3.93,0,9.5,3.474,25.7,326.75,65.57142857,2802
2023-10-27,88.94772727,44.71,0.0,0.01098901098901095,344.784,3872.3038860037173,398.231,3798.890166,86.25,36.83870968,16.54117423,3.928,0,2.7,3.533,26.1,327.4,65.71428571,2750
2023-10-28,88.94772727,44.71,0.0,0.008241758241758212,344.784,3820.328639080082,398.231,3798.890166,90.125,36.87096774,16.54117423,3.928,0,23.9,3.533,25.4,327.4,65.85714286,3498
2023-10-29,88.94772727,44.71,0.0,0.005494505494505475,344.784,3820.328639080082,398.231,3798.890166,91.125,36.90322581,16.54117423,3.928,0,24.4,3.533,25.1,327.4,66.0,2870
2023-10-30,88.94772727,44.76,0.0,0.0027472527472527375,345.76,3820.328639080082,398.331,3798.890166,90.125,36.93548387,16.54117423,3.931,0,7.3,3.499,25.4,327.25,66.57142857,3042
2023-10-31,88.94772727,44.75,0.0,0.0,347.045,3792.9176458359616,398.249,3798.890166,91.0,36.96774194,16.54117423,3.932,0,16.5,3.537,25.3,327.75,67.14285714,3106
2023-11-01,82.18636364,44.93,0.0,0.0,346.364,3792.9176458359616,401.479,3798.890166,89.33333333,37.0,16.54117423,3.947,0,10.4,3.524,25.5,327.75,67.71428571,4835
2023-11-02,82.18636364,44.99,0.0,0.0,346.102,3792.9176458359616,406.911,3798.890166,92.125,37.06666667,16.54117423,3.95,0,17.6,3.538,25.3,329.0,68.28571429,4657
2023-11-03,82.18636364,44.9,0.0,0.0,349.133,3812.495271533787,403.357,3798.890166,91.04166667,37.13333333,16.54117423,3.923,0,27.2,3.524,25.1,328.75,68.85714286,5007
2023-11-04,82.18636364,44.9,0.0,0.0,349.133,3792.9176458359616,403.357,3798.890166,90.70833333,37.2,16.54117423,3.923,0,26.7,3.524,25.1,328.75,69.42857143,5306
2023-11-05,82.18636364,44.9,0.0,0.0,349.133,3792.9176458359616,403.357,3798.890166,89.45833333,37.26666667,16.54117423,3.923,0,15.7,3.524,25.3,328.75,70.0,5686
2023-11-06,82.18636364,44.98,0.0,0.0,352.448,3820.328639080082,403.116,3798.890166,90.79166667,37.33333333,16.54117423,3.934,0,16.5,3.556,25.3,326.75,71.14285714,5866
2023-11-07,82.18636364,45.08,0.0,0.0,349.91,3872.3038860037173,403.53,3798.890166,90.375,37.4,16.54117423,3.944,0,15.5,3.574,25.3,327.75,72.28571429,6030
2023-11-08,82.18636364,44.89,0.0,0.0,350.392,3827.647388880934,399.998,3798.890166,90.79166667,37.46666667,16.54117423,3.924,0,20.8,3.567,25.2,328.5,73.42857143,6208
2023-11-09,82.18636364,44.82,0.0,0.0,351.457,3812.495271533787,399.878,3798.890166,91.25,37.53333333,16.54117423,3.922,0,25.3,3.541,25.2,327.25,74.57142857,6286
2023-11-10,82.18636364,44.79,0.0,0.0,348.778,3820.328639080082,401.217,3798.890166,90.5,37.6,16.54117423,3.923,0,19.5,3.552,25.4,327.125,75.71428571,5996
2023-11-11,82.18636364,44.79,0.0,0.0,348.778,3872.3038860037173,401.217,3798.890166,89.875,37.66666667,16.54117423,3.923,0,5.5,3.552,25.6,327.125,76.85714286,6082
2023-11-12,82.18636364,44.79,0.0,0.0,348.778,3792.9176458359616,401.217,3798.890166,91.25,37.73333333,16.54117423,3.923,0,32.9,3.552,25.2,327.125,78.0,7436
2023-11-13,82.18636364,45.16,0.0,0.0,349.002,3820.328639080082,409.655,3798.890166,90.20833333,37.8,16.54117423,3.948,0,9.8,3.619,25.3,326.75,77.71428571,5505
2023-11-14,82.18636364,45.33,0.0,0.0,349.224,3820.328639080082,408.085,3798.890166,91.25,37.86666667,16.54117423,3.948,0,12.4,3.672,25.2,327.75,77.42857143,5127
2023-11-15,82.18636364,45.25,0.0,0.0,356.396,3792.9176458359616,406.983,3798.890166,90.5,37.93333333,16.54117423,3.941,0,3.8,3.668,25.8,328.65,77.14285714,5279
2023-11-16,82.18636364,45.41,0.0,0.0,356.291,3812.495271533787,408.475,3798.890166,88.625,38.0,16.54117423,3.934,0,5.4,3.65,26.4,328.0,76.85714286,5113
2023-11-17,82.18636364,45.71,0.0,0.0,355.609,3792.9176458359616,410.164,3798.890166,90.625,38.06666667,16.54117423,3.933,0,7.2,3.701,26.2,327.75,76.57142857,4552
2023-11-18,82.18636364,45.71,0.0,0.0,355.609,3872.3038860037173,410.164,3798.890166,91.16666667,38.13333333,16.54117423,3.933,0,30.4,3.701,25.6,327.75,76.28571429,4615
2023-11-19,82.18636364,45.71,0.0,0.0,355.609,3812.495271533787,410.164,3798.890166,92.66666667,38.2,16.54117423,3.933,0,33.2,3.701,24.9,327.75,76.0,4477
2023-11-20,82.18636364,45.98,0.0,0.0,357.204,3827.647388880934,411.86,3798.890166,90.41666667,38.26666667,16.54117423,3.938,0,1.9,3.72,25.8,328.0,75.85714286,4304
2023-11-21,82.18636364,45.86,0.0,0.0,358.493,3872.3038860037173,410.428,3798.890166,90.58333333,38.33333333,16.54117423,3.939,0,22.3,3.713,25.7,328.45,75.71428571,4290
2023-11-22,82.18636364,45.92,0.0,0.0,358.142,3792.9176458359616,411.775,3798.890166,92.5,38.4,16.54117423,3.938,0,44.5,3.706,25.1,328.5,75.57142857,4142
2023-11-23,82.18636364,45.9,0.0,0.0,357.366,3827.647388880934,413.948,3798.890166,91.29166667,38.46666667,16.54117423,3.938,0,46.3,3.675,25.5,328.5,75.42857143,4058
2023-11-24,82.18636364,45.96,0.0,0.0,357.924,3872.3038860037173,415.429,3798.890166,89.33333333,38.53333333,16.54117423,3.945,0,1.8,3.691,26.0,328.4,75.28571429,3934
2023-11-25,82.18636364,45.96,0.0,0.0,357.924,3827.647388880934,415.429,3798.890166,88.75,38.6,16.54117423,3.945,0,4.2,3.691,25.7,328.4,75.14285714,4009
2023-11-26,82.18636364,45.96,0.0,0.0,357.924,3820.328639080082,415.429,3798.890166,88.0,38.66666667,16.54117423,3.945,0,0.2,3.691,25.9,328.4,75.0,5129
2023-11-27,82.18636364,46.02,0.0,0.0,359.018,3872.3038860037173,417.983,3798.890166,87.75,38.73333333,16.54117423,3.947,0,11.5,3.702,26.0,329.0,76.28571429,4077
2023-11-28,82.18636364,46.03,0.0,0.0,360.08,3820.328639080082,417.031,3798.890166,91.375,38.8,16.54117423,3.938,0,10.4,3.701,25.3,329.25,77.57142857,4096
2023-11-29,82.18636364,45.93,0.0,0.0,361.571,3872.3038860037173,414.067,3798.890166,88.29166667,38.86666667,16.54117423,3.929,0,2.0,3.643,25.6,328.5,78.85714286,4695
2023-11-30,82.18636364,45.9,0.0,0.0,360.025,3812.495271533787,416.905,3798.890166,90.0,38.93333333,16.54117423,3.936,0,7.7,3.593,25.6,328.0,80.14285714,4699
2023-12-01,77.54095238,45.89,0.0,0.0,356.756,3827.647388880934,414.264,3798.890166,90.41666667,39.0,16.54117423,3.929,0,18.7,3.583,25.4,328.0,81.42857143,6429
2023-12-02,77.54095238,45.89,0.0,0.0,356.756,3792.9176458359616,414.264,3798.890166,88.66666667,39.06451613,16.54117423,3.929,0,6.6,3.583,25.8,328.0,82.71428571,6655
2023-12-03,77.54095238,45.89,0.0,0.0,356.756,3872.3038860037173,414.264,3798.890166,90.58333333,39.12903226,16.54117423,3.929,0,21.7,3.583,25.5,328.0,84.0,6937
2023-12-04,77.54095238,45.86,0.0,0.0,356.658,3827.647388880934,412.958,3798.890166,91.25,39.19354839,16.54117423,3.934,0,28.4,3.633,25.3,328.0,83.0,6774
2023-12-05,77.54095238,45.64,0.0,0.0,355.258,3792.9176458359616,410.524,3798.890166,91.0,39.25806452,16.54117423,3.921,0,13.1,3.508,25.5,327.9,82.0,7531
2023-12-06,77.54095238,45.65,0.0,0.0,353.86,3872.3038860037173,411.383,3798.890166,88.91666667,39.32258065,16.54117423,3.917,0,6.4,3.532,26.1,326.85,81.0,7858
2023-12-07,77.54095238,45.59,0.0,0.0,351.702,3792.9176458359616,410.32,3798.890166,87.375,39.38709677,16.54117423,3.916,0,6.3,3.546,26.3,326.65,80.0,7774
2023-12-08,77.54095238,45.53,0.0,0.0,352.359,3827.647388880934,410.565,3798.890166,89.875,39.4516129,16.54117423,3.92,0,29.5,3.573,25.4,327.0,79.0,7842
2023-12-09,77.54095238,45.53,0.0,0.0,352.359,3872.3038860037173,410.565,3798.890166,89.25,39.51612903,16.54117423,3.92,0,8.7,3.573,25.6,327.0,78.0,8127
2023-12-10,77.54095238,45.53,0.0,0.0,352.359,3827.647388880934,410.565,3798.890166,92.41666667,39.58064516,16.54117423,3.92,0,16.6,3.573,25.1,327.0,77.0,7966
2023-12-11,77.54095238,45.52,0.0,0.0,351.616,3792.9176458359616,410.654,3798.890166,89.875,39.64516129,16.54117423,3.918,0,8.6,3.62,25.7,327.0,78.71428571,7407
2023-12-12,77.54095238,45.51,0.0,0.0,351.681,3820.328639080082,412.31,3798.890166,91.5,39.70967742,16.54117423,3.917,0,35.5,3.654,25.0,326.875,80.42857143,7201
2023-12-13,77.54095238,45.9,0.0,0.0,352.629,3827.647388880934,416.954,3798.890166,81.16666667,39.77419355,16.54117423,3.918,0,2.0,3.646,26.5,326.75,82.14285714,7921
2023-12-14,77.54095238,45.91,0.0,0.0,355.003,3812.495271533787,414.492,3798.890166,84.54166667,39.83870968,16.54117423,3.937,0,17.6,3.605,26.0,326.6,83.85714286,7718
2023-12-15,77.54095238,45.8,0.0,0.0,358.746,3820.328639080082,413.383,3798.890166,90.08333333,39.90322581,16.54117423,3.93,0,40.3,3.609,25.4,326.925,85.57142857,7201
2023-12-16,77.54095238,45.8,0.0,0.0,358.746,3872.3038860037173,413.383,3798.890166,90.20833333,39.96774194,16.54117423,3.93,0,11.5,3.609,25.3,326.925,87.28571429,7145
2023-12-17,77.54095238,45.8,0.0,0.0,358.746,3872.3038860037173,413.383,3798.890166,92.08333333,40.03225806,16.54117423,3.93,0,11.7,3.609,25.3,326.925,89.0,6714
2023-12-18,77.54095238,45.82,0.0,0.0,356.07,3827.647388880934,416.337,3798.890166,92.375,40.09677419,16.54117423,3.931,0,19.6,3.611,25.3,326.875,90.57142857,6073
2023-12-19,77.54095238,45.78,0.0,0.0,356.876,3872.3038860037173,413.043,3798.890166,89.58333333,40.16129032,16.54117423,3.928,0,8.3,3.607,25.7,327.0,92.14285714,6143
2023-12-20,77.54095238,45.68,0.0,0.0,358.772,3820.328639080082,413.98,3798.890166,87.875,40.22580645,16.54117423,3.919,0,16.3,3.512,26.0,326.8,93.71428571,6528
2023-12-21,77.54095238,45.59,0.0,0.0,357.399,3872.3038860037173,413.307,3798.890166,88.125,40.29032258,16.54117423,3.909,0,1.2,3.531,26.2,326.225,95.28571429,6011
2023-12-22,77.54095238,45.58,0.0,0.0,359.026,3872.3038860037173,412.965,3798.890166,81.08333333,40.35483871,16.54117423,3.911,0,0.0,3.536,26.8,325.4,96.85714286,6282
2023-12-23,77.54095238,45.58,0.0,0.0,359.026,3792.9176458359616,412.965,3798.890166,81.95833333,40.41935484,16.54117423,3.911,0,0.0,3.536,26.6,325.4,98.42857143,6074
2023-12-24,77.54095238,45.58,0.0,0.0,359.026,3812.495271533787,412.965,3798.890166,86.375,40.48387097,16.54117423,3.911,0,14.9,3.536,26.4,325.4,100.0,5649
2023-12-25,77.54095238,45.54,0.0,0.0,358.155,3812.495271533787,414.17,3798.890166,82.75,40.5483871,16.54117423,3.911,0,0.9,3.55,26.5,325.4,99.28571429,7145
2023-12-26,77.54095238,45.33,0.0,0.0,358.058,3827.647388880934,414.672,3798.890166,77.54166667,40.61290323,16.54117423,3.888,0,0.4,3.533,26.8,325.4,98.57142857,7736
2023-12-27,77.54095238,45.54,0.0,0.0,359.196,3812.495271533787,412.326,3798.890166,79.54166667,40.67741935,16.54117423,3.893,0,0.5,3.659,27.0,324.0,97.85714286,5567
2023-12-28,77.54095238,45.59,0.0,0.0,359.46,3820.328639080082,412.357,3798.890166,86.66666667,40.74193548,16.54117423,3.89,0,23.8,3.628,26.3,323.85,97.14285714,5364
2023-12-29,77.54095238,45.45,0.0,0.0,358.09,3812.495271533787,411.099,3798.890166,92.0,40.80645161,16.54117423,3.877,0,6.2,3.616,25.5,323.9,96.42857143,5094
2023-12-30,77.54095238,45.45,0.0,0.0,358.09,3827.647388880934,411.099,3798.890166,89.75,40.87096774,16.54117423,3.877,0,13.9,3.616,25.5,323.9,95.71428571,5595
2023-12-31,77.54095238,45.45,0.0,0.0,358.09,3820.328639080082,411.099,3798.890166,88.125,40.93548387,16.54117423,3.877,0,21.2,3.616,25.9,323.9,95.0,5891
2024-01-01,79.11,44.99,0.0,0.0,357.346,3827.647388880934,406.001,4515.567873,90.0,41.0,-0.429360049,3.861,0,10.2,3.555,25.5,323.0,95.14285714,6821
2024-01-02,79.11,45.1,0.0,0.0,356.445,3812.495271533787,408.731,4515.567873,87.375,41.0,-0.429360049,3.872,0,14.3,3.505,26.1,321.75,95.28571429,7238
2024-01-03,79.11,45.04,0.0,0.0,351.721,3792.9176458359616,409.216,4515.567873,87.375,41.0,-0.429360049,3.874,0,2.9,3.53,26.3,322.75,95.42857143,6924
2024-01-04,79.11,45.15,0.0,0.0,352.202,3792.9176458359616,410.283,4515.567873,87.875,41.0,-0.429360049,3.878,0,5.1,3.547,26.2,322.7,95.57142857,7054
2024-01-05,79.11,45.03,0.0,0.0,352.912,3812.495271533787,411.044,4515.567873,88.45833333,41.0,-0.429360049,3.88,0,10.8,3.544,26.1,322.6,95.71428571,7288
2024-01-06,79.11,45.03,0.0,0.0,352.912,3827.647388880934,411.044,4515.567873,91.08333333,41.0,-0.429360049,3.88,0,7.8,3.544,25.6,322.6,95.85714286,7656
2024-01-07,79.11,45.03,0.0,0.0,352.912,3792.9176458359616,411.044,4515.567873,91.625,41.0,-0.429360049,3.88,0,17.2,3.544,25.2,322.6,96.0,8033
2024-01-08,79.11,44.97,0.0,0.0,352.847,3872.3038860037173,409.866,4515.567873,91.91666667,41.0,-0.429360049,3.879,0,15.7,3.597,25.2,322.425,95.28571429,7852
2024-01-09,79.11,45.0,0.0,0.0,352.777,3872.3038860037173,411.408,4515.567873,89.125,41.0,-0.429360049,3.887,0,4.1,3.611,25.5,322.5,94.57142857,8134
2024-01-10,79.11,44.98,0.0,0.0,352.351,3820.328639080082,411.686,4515.567873,89.625,41.0,-0.429360049,3.882,0,6.2,3.644,25.4,322.875,93.85714286,7872
2024-01-11,79.11,44.92,0.0,0.0,354.089,3792.9176458359616,410.838,4515.567873,89.0,41.0,-0.429360049,3.886,0,9.2,3.632,25.6,322.6,93.14285714,7823
2024-01-12,79.11,44.9,0.0,0.0,353.783,3872.3038860037173,410.001,4515.567873,79.25,41.0,-0.429360049,3.887,0,0.0,3.67,26.6,322.15,92.42857143,8156
2024-01-13,79.11,44.9,0.0,0.0,353.783,3812.495271533787,410.001,4515.567873,74.08333333,41.0,-0.429360049,3.887,0,0.0,3.67,26.6,322.15,91.71428571,8515
2024-01-14,79.11,44.9,0.0,0.0,353.783,3872.3038860037173,410.001,4515.567873,73.33333333,41.0,-0.429360049,3.887,0,0.0,3.67,26.3,322.15,91.0,8616
2024-01-15,79.11,44.69,0.0,0.0,352.558,3827.647388880934,406.295,4515.567873,72.95833333,41.0,-0.429360049,3.868,1,0.0,3.648,25.0,322.15,91.28571429,10940
2024-01-16,79.11,44.58,0.0,0.0,352.526,3792.9176458359616,406.773,4515.567873,79.125,41.0,-0.429360049,3.856,0,0.0,3.62,24.4,321.525,91.57142857,7863
2024-01-17,79.11,44.54,0.0,0.0,349.49,3812.495271533787,407.672,4515.567873,85.08333333,41.0,-0.429360049,3.853,0,0.1,3.584,24.9,320.9,91.85714286,6697
2024-01-18,79.11,44.5,0.0,0.0,349.062,3812.495271533787,406.782,4515.567873,87.66666667,41.0,-0.429360049,3.852,0,0.7,3.63,25.8,320.85,92.14285714,5608
2024-01-19,79.11,44.46,0.0,0.0,348.512,3827.647388880934,406.641,4515.567873,89.83333333,41.0,-0.429360049,3.848,0,4.9,3.634,25.6,320.25,92.42857143,5169
2024-01-20,79.11,44.46,0.0,0.0,348.512,3827.647388880934,406.641,4515.567873,90.91666667,41.0,-0.429360049,3.848,0,15.1,3.634,25.2,320.25,92.71428571,5080
2024-01-21,79.11,44.46,0.0,0.0,348.512,3827.647388880934,406.641,4515.567873,89.41666667,41.0,-0.429360049,3.848,0,0.4,3.634,26.2,320.25,93.0,4817
2024-01-22,79.11,44.56,0.0,0.0,348.813,3792.9176458359616,405.538,4515.567873,89.20833333,41.0,-0.429360049,3.844,0,0.0,3.597,26.8,319.95,91.71428571,4565
2024-01-23,79.11,44.45,0.0,0.0,347.974,3820.328639080082,405.005,4515.567873,77.91666667,41.0,-0.429360049,3.825,0,0.1,3.583,26.9,319.85,90.42857143,5258
2024-01-24,79.11,44.35,0.0,0.0,346.779,3827.647388880934,404.448,4515.567873,75.45833333,41.0,-0.429360049,3.822,0,0.2,3.572,26.0,318.25,89.14285714,5596
2024-01-25,79.11,44.23,0.0,0.0,346.079,3812.495271533787,403.448,4515.567873,81.08333333,41.0,-0.429360049,3.82,0,0.0,3.537,25.3,318.25,87.85714286,6581
2024-01-26,79.11,44.22,0.0,0.0,344.903,3872.3038860037173,403.892,4515.567873,73.79166667,41.0,-0.429360049,3.82,0,0.0,3.557,26.0,317.6,86.57142857,5452
2024-01-27,79.11,44.22,0.0,0.0,344.903,3812.495271533787,403.892,4515.567873,70.54166667,41.0,-0.429360049,3.82,0,0.0,3.557,27.1,317.6,85.28571429,5474
2024-01-28,79.11,44.22,0.0,0.0,344.903,3820.328639080082,403.892,4515.567873,71.83333333,41.0,-0.429360049,3.82,0,0.7,3.557,27.6,317.6,84.0,5411
2024-01-29,79.11,44.14,0.0,0.0,344.551,3827.647388880934,402.495,4515.567873,73.95833333,41.0,-0.429360049,3.811,0,3.7,3.537,27.4,317.8,84.71428571,5373
2024-01-30,79.11,44.04,0.0,0.0,344.056,3827.647388880934,400.718,4515.567873,81.25,41.0,-0.429360049,3.799,0,8.1,3.51,26.6,316.95,85.42857143,5236
2024-01-31,79.11,43.62,0.0,0.0,343.538,3792.9176458359616,399.206,4515.567873,88.29166667,41.0,-0.429360049,3.775,0,0.6,3.464,25.7,315.85,86.14285714,5151
2024-02-01,81.79571429,43.31,0.0,0.0,341.461,3872.3038860037173,393.803,4515.567873,89.20833333,41.0,-0.429360049,3.753,0,3.5,3.423,26.1,313.25,86.85714286,5734
2024-02-02,81.79571429,43.4,0.0,0.0,340.448,3872.3038860037173,391.751,4515.567873,87.16666667,41.34482759,-0.429360049,3.762,0,0.6,3.45,26.3,311.75,87.57142857,5804
2024-02-03,81.79571429,43.4,0.0,0.0,340.448,3820.328639080082,391.751,4515.567873,85.29166667,41.68965517,-0.429360049,3.762,0,0.6,3.45,26.7,311.75,88.28571429,6121
2024-02-04,81.79571429,43.4,0.0,0.0,340.448,3792.9176458359616,391.751,4515.567873,85.04166667,42.03448276,-0.429360049,3.762,0,3.3,3.45,26.5,311.75,89.0,8279
2024-02-05,81.79571429,43.59,0.0,0.0,335.922,3792.9176458359616,395.246,4515.567873,87.25,42.37931034,-0.429360049,3.774,0,3.5,3.463,25.8,312.55,87.85714286,6495
2024-02-06,81.79571429,43.46,0.0,0.0,335.549,3812.495271533787,395.225,4515.567873,78.29166667,42.72413793,-0.429360049,3.769,0,0.0,3.414,26.9,313.75,86.71428571,7665
2024-02-07,81.79571429,43.46,0.0,0.0,337.138,3827.647388880934,394.944,4515.567873,75.5,43.06896552,-0.429360049,3.769,0,0.0,3.43,26.5,313.0,85.57142857,8813
2024-02-08,81.79571429,43.45,0.0,0.0,336.863,3812.495271533787,395.004,4515.567873,81.875,43.4137931,-0.429360049,3.766,0,0.0,3.435,25.5,313.0,84.42857143,8486
2024-02-09,81.79571429,43.54,0.0,0.0,337.019,3827.647388880934,395.809,4515.567873,79.08333333,43.75862069,-0.429360049,3.775,0,0.0,3.434,26.2,312.8,83.28571429,8718
2024-02-10,81.79571429,43.54,0.0,0.0,337.019,3827.647388880934,395.809,4515.567873,69.95833333,44.10344828,-0.429360049,3.775,0,0.0,3.434,27.3,312.8,82.14285714,9773
2024-02-11,81.79571429,43.54,0.0,0.0,337.019,3792.9176458359616,395.809,4515.567873,61.54166667,44.44827586,-0.429360049,3.775,1,0.0,3.434,28.1,312.8,81.0,10694
2024-02-12,81.79571429,43.51,0.0,0.0,337.045,3872.3038860037173,394.334,4515.567873,65.83333333,44.79310345,-0.429360049,3.766,0,0.3,3.421,28.1,313.4,82.57142857,9897
2024-02-13,81.79571429,43.52,0.0,0.0,337.37,3812.495271533787,393.457,4515.567873,71.875,45.13793103,-0.429360049,3.77,0,1.6,3.416,28.3,313.15,84.14285714,8709
2024-02-14,81.79571429,43.47,0.0,0.0,335.129,3812.495271533787,394.144,4515.567873,73.625,45.48275862,-0.429360049,3.768,0,3.9,3.389,28.7,313.125,85.71428571,8138
2024-02-15,81.79571429,43.4,0.0,0.0,335.862,3812.495271533787,393.562,4515.567873,78.375,45.82758621,-0.429360049,3.76,0,6.0,3.393,27.6,312.8,87.28571429,7710
2024-02-16,81.79571429,43.35,0.0,0.0,336.809,3827.647388880934,393.138,4515.567873,77.66666667,46.17241379,-0.429360049,3.759,0,6.0,3.379,27.2,312.35,88.85714286,7811
2024-02-17,81.79571429,43.35,0.0,0.0,336.809,3792.9176458359616,393.138,4515.567873,76.125,46.51724138,-0.429360049,3.759,0,1.1,3.379,28.4,312.35,90.42857143,7347
2024-02-18,81.79571429,43.35,0.0,0.0,336.809,3792.9176458359616,393.138,4515.567873,79.25,46.86206897,-0.429360049,3.759,0,0.4,3.379,27.6,312.35,92.0,7137
2024-02-19,81.79571429,43.35,0.0,0.0,336.364,3820.328639080082,393.633,4515.567873,75.70833333,47.20689655,-0.429360049,3.761,0,0.0,3.367,27.4,312.15,90.57142857,7363
2024-02-20,81.79571429,43.29,0.0,0.0,336.35,3827.647388880934,393.547,4515.567873,80.16666667,47.55172414,-0.429360049,3.753,0,1.4,3.384,27.4,311.85,89.14285714,6668
2024-02-21,81.79571429,43.18,0.0,0.0,336.838,3872.3038860037173,393.504,4515.567873,80.875,47.89655172,-0.429360049,3.75,0,0.1,3.339,28.1,311.4,87.71428571,6568
2024-02-22,81.79571429,43.17,0.0,0.0,336.733,3827.647388880934,393.846,4515.567873,79.95833333,48.24137931,-0.429360049,3.747,0,0.5,3.318,28.0,310.8,86.28571429,6506
2024-02-23,81.79571429,43.16,0.0,0.0,336.271,3812.495271533787,394.266,4515.567873,77.83333333,48.5862069,-0.429360049,3.748,0,0.1,3.356,28.3,310.8,84.85714286,7775
2024-02-24,81.79571429,43.16,0.0,0.0,336.271,3872.3038860037173,394.266,4515.567873,79.70833333,48.93103448,-0.429360049,3.748,0,1.1,3.356,27.7,310.8,83.42857143,6242
2024-02-25,81.79571429,43.16,0.0,0.0,336.271,3820.328639080082,394.266,4515.567873,79.16666667,49.27586207,-0.429360049,3.748,0,0.1,3.356,27.9,310.8,82.0,6211
2024-02-26,81.79571429,43.1,0.0,0.0,336.115,3827.647388880934,393.758,4515.567873,72.33333333,49.62068966,-0.429360049,3.741,0,0.8,3.371,29.2,310.8,82.0,6371
2024-02-27,81.79571429,43.07,0.0,0.0,337.078,3792.9176458359616,392.679,4515.567873,69.66666667,49.96551724,-0.429360049,3.737,0,1.3,3.386,29.3,310.4,82.0,6706
2024-02-28,81.79571429,43.05,0.0,0.0,336.435,3812.495271533787,390.87,4515.567873,67.58333333,50.31034483,-0.429360049,3.733,0,1.9,3.382,29.1,310.1,82.0,7267
2024-02-29,81.79571429,42.89,0.0,0.0,335.916,3792.9176458359616,390.726,4515.567873,71.20833333,50.65517241,-0.429360049,3.726,0,0.2,3.366,28.2,309.6,82.0,7342
2024-03-01,84.96142857,42.75,0.0,0.0,334.353,3792.9176458359616,390.85,4515.567873,66.95833333,51.0,-0.429360049,3.712,0,0.5,3.356,29.2,308.825,82.0,7449
2024-03-02,84.96142857,42.75,0.0,0.0,334.353,3812.495271533787,390.85,4515.567873,72.08333333,50.90322581,-0.429360049,3.712,0,0.1,3.356,28.2,308.825,82.0,7451
2024-03-03,84.96142857,42.75,0.0,0.0,334.353,3872.3038860037173,390.85,4515.567873,77.95833333,50.80645161,-0.429360049,3.712,0,1.2,3.356,27.8,308.825,82.0,7287
2024-03-04,84.96142857,42.78,0.0,0.0,334.538,3827.647388880934,391.314,4515.567873,76.58333333,50.70967742,-0.429360049,3.714,0,0.0,3.384,27.8,307.95,82.14285714,7373
2024-03-05,84.96142857,42.73,0.0,0.0,334.086,3792.9176458359616,391.797,4515.567873,74.79166667,50.61290323,-0.429360049,3.714,0,0.0,3.389,27.4,308.0,82.28571429,7974
2024-03-06,84.96142857,42.71,0.0,0.0,334.225,6081.210893086374,393.654,4515.567873,77.33333333,50.51612903,-0.429360049,3.714,0,0.1,3.389,27.6,307.75,82.42857143,9275
2024-03-07,84.96142857,42.75,0.0,0.0,335.192,5703.950348432056,395.221,4515.567873,76.25,50.41935484,-0.429360049,3.712,0,0.0,3.358,27.8,307.35,82.57142857,9658
2024-03-08,84.96142857,42.72,0.0,0.0,336.316,5703.950348432056,393.326,4515.567873,79.04166667,50.32258065,-0.429360049,3.709,1,2.4,3.372,27.6,307.35,82.71428571,11860
2024-03-09,84.96142857,42.72,0.0,0.0,336.316,6226.000331840053,393.326,4515.567873,78.66666667,50.22580645,-0.429360049,3.709,0,0.0,3.372,27.7,307.35,82.85714286,9799
2024-03-10,84.96142857,42.72,0.0,0.0,336.316,3792.9176458359616,393.326,4515.567873,77.33333333,50.12903226,-0.429360049,3.709,0,0.1,3.372,28.0,307.35,83.0,8504
2024-03-11,84.96142857,42.66,0.0,0.0,336.039,3820.328639080082,392.122,4515.567873,77.16666667,50.03225806,-0.429360049,3.701,0,0.0,3.341,27.7,306.95,83.42857143,8536
2024-03-12,84.96142857,42.57,0.0,0.0,335.319,3872.3038860037173,391.684,4515.567873,76.83333333,49.93548387,-0.429360049,3.693,0,0.4,3.35,28.4,306.525,83.85714286,8015
2024-03-13,84.96142857,42.46,0.0,0.0,334.711,3820.328639080082,389.636,4515.567873,78.0,49.83870968,-0.429360049,3.682,0,1.1,3.338,28.4,306.075,84.28571429,7542
2024-03-14,84.96142857,42.4,0.0,0.0,334.917,3792.9176458359616,388.888,4515.567873,76.66666667,49.74193548,-0.429360049,3.681,0,0.6,3.298,27.7,305.525,84.71428571,7715
2024-03-15,84.96142857,42.29,0.0,0.0,332.415,3827.647388880934,387.63,4515.567873,74.875,49.64516129,-0.429360049,3.67,0,0.0,3.309,28.3,305.225,85.14285714,7055
2024-03-16,84.96142857,42.29,0.0,0.0,332.415,3792.9176458359616,387.63,4515.567873,71.75,49.5483871,-0.429360049,3.67,0,0.0,3.309,28.5,305.225,85.57142857,7064
2024-03-17,84.96142857,42.29,0.0,0.0,332.415,3820.328639080082,387.63,4515.567873,76.08333333,49.4516129,-0.429360049,3.67,0,0.2,3.309,28.4,305.225,86.0,6422
2024-03-18,84.96142857,42.2,0.0,0.0,332.217,3872.3038860037173,386.621,4515.567873,74.125,49.35483871,-0.429360049,3.658,0,0.0,3.278,28.3,304.525,85.71428571,6403
2024-03-19,84.96142857,42.23,0.0,0.0,330.913,3792.9176458359616,388.823,4515.567873,70.875,49.25806452,-0.429360049,3.653,0,0.1,3.296,28.5,303.9,85.42857143,6154
2024-03-20,84.96142857,42.2,0.0,0.0,330.133,3827.647388880934,384.662,4515.567873,71.54166667,49.16129032,-0.429360049,3.651,0,0.3,3.307,28.7,304.1,85.14285714,5827
2024-03-21,84.96142857,41.94,0.0,0.0,332.053,3812.495271533787,382.249,4515.567873,76.91666667,49.06451613,-0.429360049,3.627,0,3.1,3.291,28.2,303.9,84.85714286,5268
2024-03-22,84.96142857,41.96,0.0,0.0,329.981,3812.495271533787,382.444,4515.567873,85.20833333,48.96774194,-0.429360049,3.627,0,9.7,3.257,27.2,303.3,84.57142857,4626
2024-03-23,84.96142857,41.96,0.0,0.0,329.981,3872.3038860037173,382.444,4515.567873,83.625,48.87096774,-0.429360049,3.627,0,10.8,3.257,27.5,303.3,84.28571429,4654
2024-03-24,84.96142857,41.96,0.0,0.0,329.981,3812.495271533787,382.444,4515.567873,86.625,48.77419355,-0.429360049,3.627,0,13.2,3.257,27.0,303.3,84.0,5575
2024-03-25,84.96142857,41.81,0.0,0.0,327.608,3862.6006968641113,381.21,4515.567873,83.95833333,48.67741935,-0.429360049,3.621,0,0.7,3.263,27.7,302.65,84.0,4159
2024-03-26,84.96142857,41.62,0.0,0.0,327.897,3820.328639080082,380.338,4515.567873,81.41666667,48.58064516,-0.429360049,3.609,0,1.0,3.254,28.3,301.9,84.0,4184
2024-03-27,84.96142857,41.55,0.0,0.0,326.849,3812.495271533787,379.225,4515.567873,82.0,48.48387097,-0.429360049,3.6,0,17.7,3.235,27.8,300.9,84.0,4290
2024-03-28,84.96142857,41.58,0.0,0.0,325.646,3872.3038860037173,379.225,4515.567873,81.25,48.38709677,-0.429360049,3.602,0,13.3,3.244,28.2,300.4,84.0,4256
2024-03-29,84.96142857,41.49,0.0,0.0,323.934,3820.328639080082,376.623,4515.567873,79.20833333,48.29032258,-0.429360049,3.597,0,0.5,3.25,28.4,300.4,84.0,5339
2024-03-30,84.96142857,41.49,0.0,0.0,323.934,3820.328639080082,376.623,4515.567873,77.54166667,48.19354839,-0.429360049,3.597,0,1.9,3.25,28.3,300.4,84.0,4542
2024-03-31,84.96142857,41.49,0.0,0.0,323.934,3792.9176458359616,376.623,4515.567873,73.75,48.09677419,-0.429360049,3.597,0,0.9,3.25,28.6,300.4,84.0,4925
2024-04-01,88.97454545,41.45,0.0,0.0,324.054,3827.647388880934,377.262,4515.567873,77.79166667,48.0,-0.429360049,3.596,0,2.2,3.242,28.3,300.05,86.28571429,6062
2024-04-02,88.97454545,41.43,0.0,0.0,322.29,3812.495271533787,379.337,4515.567873,74.5,47.63333333,-0.429360049,3.589,0,2.4,3.247,29.1,299.95,88.57142857,5998
2024-04-03,88.97454545,41.42,0.0,0.0,322.878,3872.3038860037173,378.881,4515.567873,79.29166667,47.26666667,-0.429360049,3.593,0,2.5,3.248,28.2,299.8,90.85714286,6098
2024-04-04,88.97454545,41.36,0.0,0.0,324.779,3812.495271533787,378.192,4515.567873,80.91666667,46.9,-0.429360049,3.59,0,4.7,3.234,28.0,299.7,93.14285714,6139
2024-04-05,88.97454545,41.32,0.0,0.0,324.671,3827.647388880934,378.258,4515.567873,82.54166667,46.53333333,-0.429360049,3.587,0,2.0,3.226,28.3,299.25,95.42857143,6066
2024-04-06,88.97454545,41.32,0.0,0.0,324.671,3812.495271533787,378.258,4515.567873,79.95833333,46.16666667,-0.429360049,3.587,0,3.2,3.226,28.9,299.25,97.71428571,6348
2024-04-07,88.97454545,41.32,0.0,0.0,324.671,3872.3038860037173,378.258,4515.567873,80.375,45.8,-0.429360049,3.587,0,1.8,3.226,28.4,299.25,100.0,6780
2024-04-08,88.97454545,41.28,0.0,0.0,324.183,3792.9176458359616,378.597,4515.567873,81.375,45.43333333,-0.429360049,3.588,0,2.6,3.214,28.4,298.9,97.71428571,6524
2024-04-09,88.97454545,41.25,0.0,0.0,324.407,3827.647388880934,374.257,4515.567873,76.875,45.06666667,-0.429360049,3.578,0,0.2,3.198,28.8,298.625,95.42857143,7030
2024-04-10,88.97454545,41.23,0.0,0.0,324.076,3820.328639080082,374.659,4515.567873,71.41666667,44.7,-0.429360049,3.58,0,0.5,3.182,29.6,298.45,93.14285714,7385
2024-04-11,88.97454545,41.23,0.0,0.0,320.482,3812.495271533787,371.6,4515.567873,81.33333333,44.33333333,-0.429360049,3.57,0,8.5,3.198,28.3,298.45,90.85714286,7735
2024-04-12,88.97454545,41.29,0.0,0.0,320.004,3792.9176458359616,372.15,4515.567873,87.375,43.96666667,-0.429360049,3.578,0,27.9,3.197,27.0,298.45,88.57142857,7069
2024-04-13,88.97454545,41.29,0.0,0.0,320.004,3792.9176458359616,372.15,4515.567873,84.20833333,43.6,-0.429360049,3.578,0,1.4,3.197,27.6,298.45,86.28571429,6950
2024-04-14,88.97454545,41.29,0.0,0.0,320.004,3872.3038860037173,372.15,4515.567873,88.29166667,43.23333333,-0.429360049,3.578,0,27.3,3.197,26.9,298.45,84.0,5214
2024-04-15,88.97454545,41.41,0.0,0.0,317.557,3872.3038860037173,372.78,4515.567873,88.20833333,42.86666667,-0.429360049,3.582,0,12.3,3.184,27.4,299.0,82.71428571,5950
2024-04-16,88.97454545,41.58,0.0,0.0,317.492,3820.328639080082,375.488,4515.567873,89.33333333,42.5,-0.429360049,3.597,0,22.1,3.199,26.9,300.0,81.42857143,4464
2024-04-17,88.97454545,41.58,0.0,0.0,318.245,3812.495271533787,374.946,4515.567873,84.45833333,42.13333333,-0.429360049,3.603,0,0.9,3.179,27.8,301.5,80.14285714,4461
2024-04-18,88.97454545,41.57,0.0,0.0,321.197,3820.328639080082,373.046,4515.567873,82.625,41.76666667,-0.429360049,3.609,0,0.4,3.236,28.2,301.5,78.85714286,4193
2024-04-19,88.97454545,41.46,0.0,0.0,320.354,3792.9176458359616,371.04,4515.567873,84.33333333,41.4,-0.429360049,3.602,0,1.9,3.192,28.4,301.5,77.57142857,3818
2024-04-20,88.97454545,41.46,0.0,0.0,320.354,3812.495271533787,371.04,4515.567873,84.41666667,41.03333333,-0.429360049,3.602,0,5.4,3.192,28.2,301.5,76.28571429,3725
2024-04-21,88.97454545,41.46,0.0,0.0,320.354,3872.3038860037173,371.04,4515.567873,84.45833333,40.66666667,-0.429360049,3.602,0,2.2,3.192,28.2,301.5,75.0,3631
2024-04-22,88.97454545,41.45,0.0,0.0,320.685,3792.9176458359616,374.06,4515.567873,85.0,40.3,-0.429360049,3.604,0,2.3,3.222,28.2,300.45,74.85714286,3250
2024-04-23,88.97454545,41.09,0.0,0.0,319.88,3792.9176458359616,371.412,4515.567873,86.375,39.93333333,-0.429360049,3.573,0,3.4,3.226,28.0,300.45,74.71428571,3795
2024-04-24,88.97454545,40.99,0.0,0.0,321.291,3820.328639080082,371.478,4515.567873,85.375,39.56666667,-0.429360049,3.562,0,2.8,3.218,28.1,298.0,74.57142857,3013
2024-04-25,88.97454545,40.83,0.0,0.0,318.503,3792.9176458359616,369.703,4515.567873,83.70833333,39.2,-0.429360049,3.548,0,3.1,3.22,28.2,296.85,74.42857143,2821
2024-04-26,88.97454545,40.99,0.0,0.0,318.437,3872.3038860037173,372.745,4515.567873,83.66666667,38.83333333,-0.429360049,3.554,0,5.1,3.177,28.6,295.975,74.28571429,2830
2024-04-27,88.97454545,40.99,0.0,0.0,318.437,3820.328639080082,372.745,4515.567873,85.41666667,38.46666667,-0.429360049,3.554,0,7.5,3.177,27.9,295.975,74.14285714,2849
2024-04-28,88.97454545,40.99,0.0,0.0,318.437,3820.328639080082,372.745,4515.567873,82.95833333,38.1,-0.429360049,3.554,0,2.3,3.177,28.3,295.975,74.0,2939
2024-04-29,88.97454545,41.04,0.0,0.0,316.376,3792.9176458359616,371.622,4515.567873,87.41666667,37.73333333,-0.429360049,3.561,0,7.4,3.181,27.6,296.7,73.42857143,2749
2024-04-30,88.97454545,41.17,0.0,0.0,317.818,3827.647388880934,372.679,4515.567873,86.16666667,37.36666667,-0.429360049,3.561,0,10.9,3.15,27.9,297.5,72.85714286,2981
2024-05-01,83.05391304,41.0,0.0,0.0,316.987,3820.328639080082,372.26,4515.567873,84.625,37.0,-0.429360049,3.556,0,3.8,3.258,28.2,297.5,72.28571429,5158
2024-05-02,83.05391304,41.01,0.0,0.0,318.355,3820.328639080082,372.82,4515.567873,80.75,36.64516129,-0.429360049,3.562,0,0.0,3.226,29.1,297.0,71.71428571,4277
2024-05-03,83.05391304,41.33,0.0,0.0,318.425,3872.3038860037173,374.991,4515.567873,82.95833333,36.29032258,-0.429360049,3.568,0,3.4,3.256,29.5,297.15,71.14285714,4055
2024-05-04,83.05391304,41.33,0.0,0.0,318.425,3792.9176458359616,374.991,4515.567873,82.75,35.93548387,-0.429360049,3.568,0,1.0,3.256,29.3,297.15,70.57142857,4192
2024-05-05,83.05391304,41.33,0.0,0.0,318.425,3812.495271533787,374.991,4515.567873,83.29166667,35.58064516,-0.429360049,3.568,0,2.1,3.256,28.8,297.15,70.0,4452
2024-05-06,83.05391304,41.47,0.0,0.0,319.513,3792.9176458359616,374.693,4515.567873,82.83333333,35.22580645,-0.429360049,3.587,0,2.1,3.274,28.8,298.5,70.0,4556
2024-05-07,83.05391304,41.3,0.0,0.0,320.886,3812.495271533787,373.315,4515.567873,82.0,34.87096774,-0.429360049,3.575,0,2.4,3.257,28.5,299.55,70.0,4910
2024-05-08,83.05391304,41.34,0.0,0.0,321.945,3792.9176458359616,374.155,4515.567873,83.75,34.51612903,-0.429360049,3.578,0,7.0,3.226,28.4,298.7,70.0,5082
2024-05-09,83.05391304,41.3,0.0,0.0,320.661,3827.647388880934,374.125,4515.567873,85.75,34.16129032,-0.429360049,3.573,0,17.8,3.221,28.3,298.75,70.0,4858
2024-05-10,83.05391304,41.48,0.0,0.0,321.921,3827.647388880934,377.021,4515.567873,85.83333333,33.80645161,-0.429360049,3.594,0,16.5,3.275,27.8,298.75,70.0,4743
2024-05-11,83.05391304,41.48,0.0,0.0,321.921,3820.328639080082,377.021,4515.567873,84.91666667,33.4516129,-0.429360049,3.594,0,25.9,3.275,28.2,298.75,70.0,4647
2024-05-12,83.05391304,41.48,0.0,0.0,321.921,3872.3038860037173,377.021,4515.567873,90.625,33.09677419,-0.429360049,3.594,0,30.0,3.275,26.8,298.75,70.0,4466
2024-05-13,83.05391304,41.54,0.0,0.0,321.455,3812.495271533787,379.019,4515.567873,84.33333333,32.74193548,-0.429360049,3.599,0,16.4,3.29,27.9,300.2,70.85714286,4219
2024-05-14,83.05391304,41.83,0.0,0.0,323.64,3872.3038860037173,383.229,4515.567873,87.54166667,32.38709677,-0.429360049,3.62,0,26.2,3.305,27.4,301.0,71.71428571,4097
2024-05-15,83.05391304,41.63,0.0,0.0,325.081,3792.9176458359616,380.957,4515.567873,87.20833333,32.03225806,-0.429360049,3.601,0,6.9,3.308,27.5,302.1,72.57142857,3888
2024-05-16,83.05391304,41.42,0.0,0.0,328.636,3792.9176458359616,380.332,4515.567873,89.66666667,31.67741935,-0.429360049,3.592,0,9.2,3.289,27.0,300.7,73.42857143,3761
2024-05-17,83.05391304,41.4,0.0,0.0,326.602,3827.647388880934,380.672,4515.567873,88.91666667,31.32258065,-0.429360049,3.595,0,8.6,3.304,27.0,299.45,74.28571429,3444
2024-05-18,83.05391304,41.4,0.0,0.0,326.602,3792.9176458359616,380.672,4515.567873,90.79166667,30.96774194,-0.429360049,3.595,0,51.9,3.304,26.4,299.45,75.14285714,3290
2024-05-19,83.05391304,41.4,0.0,0.0,326.602,3820.328639080082,380.672,4515.567873,92.91666667,30.61290323,-0.429360049,3.595,0,39.8,3.304,26.1,299.45,76.0,3121
2024-05-20,83.05391304,41.42,0.0,0.0,325.339,3812.495271533787,381.143,4515.567873,92.66666667,30.25806452,-0.429360049,3.6,0,47.2,3.323,25.9,299.6,74.28571429,2867
2024-05-21,83.05391304,41.41,0.0,0.0,325.162,3792.9176458359616,381.51,4515.567873,87.45833333,29.90322581,-0.429360049,3.602,0,11.2,3.325,27.3,299.9,72.57142857,2752
2024-05-22,83.05391304,41.41,0.0,0.0,325.343,3827.647388880934,380.97,4515.567873,84.08333333,29.5483871,-0.429360049,3.602,0,28.3,3.273,27.7,300.0,70.85714286,2879
2024-05-23,83.05391304,41.4,0.0,0.0,324.522,3812.495271533787,382.125,4515.567873,86.04166667,29.19354839,-0.429360049,3.61,0,35.3,3.347,27.4,300.0,69.14285714,3171
2024-05-24,83.05391304,41.46,0.0,0.0,324.282,3792.9176458359616,383.837,4515.567873,81.79166667,28.83870968,-0.429360049,3.612,0,17.1,3.377,28.0,300.0,67.42857143,3028
2024-05-25,83.05391304,41.46,0.0,0.0,324.282,3792.9176458359616,383.837,4515.567873,86.20833333,28.48387097,-0.429360049,3.612,0,60.0,3.377,27.4,300.0,65.71428571,2272
2024-05-26,83.05391304,41.46,0.0,0.0,324.282,3820.328639080082,383.837,4515.567873,87.04166667,28.12903226,-0.429360049,3.612,0,37.9,3.377,27.1,300.0,64.0,2284
2024-05-27,83.05391304,41.64,0.0,0.0,325.242,3872.3038860037173,385.349,4515.567873,89.29166667,27.77419355,-0.429360049,3.626,0,42.7,3.406,26.9,300.6,63.85714286,2195
2024-05-28,83.05391304,41.58,0.0,0.0,326.174,3827.647388880934,382.871,4515.567873,85.79166667,27.41935484,-0.429360049,3.614,0,37.3,3.365,27.6,301.95,63.71428571,2320
2024-05-29,83.05391304,41.73,0.0,0.0,327.495,3792.9176458359616,384.347,4515.567873,86.0,27.06451613,-0.429360049,3.622,0,25.1,3.339,27.5,301.45,63.57142857,2454
2024-05-30,83.05391304,41.67,0.0,0.0,325.512,3820.328639080082,384.696,4515.567873,87.08333333,26.70967742,-0.429360049,3.615,0,31.0,3.339,27.6,301.875,63.42857143,2375
2024-05-31,83.05391304,41.67,0.0,0.0,326.904,3872.3038860037173,386.614,4515.567873,89.16666667,26.35483871,-0.429360049,3.63,0,12.2,3.379,27.6,301.9,63.28571429,2315
2024-06-01,82.9175,41.67,0.0,0.0,326.904,3812.495271533787,386.614,4515.567873,91.83333333,26.0,-0.429360049,3.63,0,42.5,3.379,26.2,301.9,63.14285714,2940
2024-06-02,82.9175,41.67,0.0,0.0,326.904,3872.3038860037173,386.614,4515.567873,92.08333333,26.43333333,-0.429360049,3.63,0,28.1,3.379,26.2,301.9,63.0,3109
2024-06-03,82.9175,41.72,0.0,0.0,327.181,3827.647388880934,385.631,4515.567873,87.33333333,26.86666667,-0.429360049,3.614,0,7.4,3.388,26.7,301.9,62.85714286,3301
2024-06-04,82.9175,41.7,0.0,0.0,329.022,3812.495271533787,386.615,4515.567873,85.79166667,27.3,-0.429360049,3.625,0,3.0,3.394,27.4,302.1,62.71428571,3492
2024-06-05,82.9175,41.79,0.0,0.0,328.57,3812.495271533787,387.346,4515.567873,83.79166667,27.73333333,-0.429360049,3.627,0,2.0,3.39,27.6,302.35,62.57142857,3853
2024-06-06,82.9175,41.74,0.0,0.0,328.455,3812.495271533787,384.982,4515.567873,85.0,28.16666667,-0.429360049,3.621,0,2.1,3.381,27.3,302.85,62.42857143,4020
2024-06-07,82.9175,41.82,0.0,0.0,329.689,3812.495271533787,385.94,4515.567873,85.875,28.6,-0.429360049,3.629,0,6.8,3.41,27.0,302.6,62.28571429,4154
2024-06-08,82.9175,41.82,0.0,0.0,329.689,3792.9176458359616,385.94,4515.567873,84.25,29.03333333,-0.429360049,3.629,0,3.8,3.41,27.1,302.6,62.14285714,4478
2024-06-09,82.9175,41.82,0.0,0.0,329.689,3872.3038860037173,385.94,4515.567873,84.54166667,29.46666667,-0.429360049,3.629,0,20.8,3.41,26.9,302.6,62.0,4742
2024-06-10,82.9175,41.79,0.0,0.0,326.7,3820.328639080082,386.402,4515.567873,83.16666667,29.9,-0.429360049,3.625,0,5.2,3.397,27.6,303.15,63.57142857,4505
2024-06-11,82.9175,41.94,0.0,0.0,326.227,3812.495271533787,388.804,4515.567873,83.54166667,30.33333333,-0.429360049,3.639,0,6.3,3.412,27.6,303.25,65.14285714,4456
2024-06-12,82.9175,41.88,0.0,0.0,325.606,3792.9176458359616,387.679,4515.567873,85.41666667,30.76666667,-0.429360049,3.635,0,19.5,3.456,27.3,303.8,66.71428571,4205
2024-06-13,82.9175,41.87,0.0,0.0,328.209,3820.328639080082,385.528,4515.567873,83.75,31.2,-0.429360049,3.636,0,3.6,3.39,27.7,303.8,68.28571429,4447
2024-06-14,82.9175,41.87,0.0,0.0,326.076,3812.495271533787,386.09,4515.567873,82.375,31.63333333,-0.429360049,3.638,0,2.6,3.424,27.9,303.9,69.85714286,4097
2024-06-15,82.9175,41.87,0.0,0.0,326.076,3792.9176458359616,386.09,4515.567873,85.5,32.06666667,-0.429360049,3.638,0,7.7,3.424,27.1,303.9,71.42857143,4040
2024-06-16,82.9175,41.87,0.0,0.0,326.076,3812.495271533787,386.09,4515.567873,85.54166667,32.5,-0.429360049,3.638,0,4.1,3.424,27.3,303.9,73.0,3949
2024-06-17,82.9175,41.99,0.0,0.0,325.066,3872.3038860037173,387.371,4515.567873,84.16666667,32.93333333,-0.429360049,3.654,0,3.0,3.568,27.7,303.9,71.14285714,4376
2024-06-18,82.9175,42.01,0.0,0.0,326.099,3812.495271533787,388.024,4515.567873,87.625,33.36666667,-0.429360049,3.652,0,15.3,3.654,26.6,304.8,69.28571429,3167
2024-06-19,82.9175,42.02,0.0,0.0,327.079,3827.647388880934,386.323,4515.567873,88.625,33.8,-0.429360049,3.648,0,18.7,3.497,26.3,305.05,67.42857143,3568
2024-06-20,82.9175,42.02,0.0,0.0,327.554,3812.495271533787,386.003,4515.567873,84.91666667,34.23333333,-0.429360049,3.651,0,10.7,3.425,26.9,305.225,65.57142857,3726
2024-06-21,82.9175,42.01,0.0,0.0,326.457,3792.9176458359616,387.158,4515.567873,86.66666667,34.66666667,-0.429360049,3.653,0,21.1,3.466,26.7,305.225,63.71428571,4283
2024-06-22,82.9175,42.01,0.0,0.0,326.457,3827.647388880934,387.158,4515.567873,85.375,35.1,-0.429360049,3.653,0,16.2,3.466,26.9,305.225,61.85714286,3437
2024-06-23,82.9175,42.01,0.0,0.0,326.457,3820.328639080082,387.158,4515.567873,83.54166667,35.53333333,-0.429360049,3.653,0,9.1,3.466,27.2,305.225,60.0,3454
2024-06-24,82.9175,42.01,0.0,0.0,326.182,3812.495271533787,387.146,4515.567873,84.70833333,35.96666667,-0.429360049,3.656,0,13.4,3.457,27.2,305.125,61.42857143,3295
2024-06-25,82.9175,42.01,0.0,0.0,327.326,3872.3038860037173,385.398,4515.567873,88.29166667,36.4,-0.429360049,3.653,0,40.2,3.459,26.2,305.2,62.85714286,3390
2024-06-26,82.9175,42.03,0.0,0.0,326.854,3820.328639080082,386.216,4515.567873,86.41666667,36.83333333,-0.429360049,3.661,0,26.0,3.594,26.6,305.35,64.28571429,3152
2024-06-27,82.9175,42.09,0.0,0.0,326.03,3792.9176458359616,386.844,4515.567873,84.41666667,37.26666667,-0.429360049,3.669,0,4.3,3.567,27.5,305.55,65.71428571,3171
2024-06-28,82.9175,41.96,0.0,0.0,326.946,3872.3038860037173,385.889,4515.567873,87.25,37.7,-0.429360049,3.653,0,8.3,3.516,27.0,305.95,67.14285714,3337
2024-06-29,82.9175,41.96,0.0,0.0,326.946,3792.9176458359616,385.889,4515.567873,85.45833333,38.13333333,-0.429360049,3.653,0,1.1,3.516,27.0,305.95,68.57142857,3571
2024-06-30,82.9175,41.96,0.0,0.0,326.946,3792.9176458359616,385.889,4515.567873,86.375,38.56666667,-0.429360049,3.653,0,2.7,3.516,26.9,305.95,70.0,3755
2024-07-01,84.04869565,41.6,0.0,0.0,327.711,5203.857640617222,383.895,4515.567873,86.95833333,39.0,-0.429360049,3.622,0,10.0,3.443,26.6,305.05,70.0,7829
2024-07-02,84.04869565,41.84,0.0,0.0,327.509,5338.667131242741,387.754,4515.567873,84.33333333,38.77419355,-0.429360049,3.641,0,1.9,3.463,27.7,302.625,70.0,7959
2024-07-03,84.04869565,41.85,0.0,0.0,325.006,5203.857640617222,388.479,4515.567873,87.5,38.5483871,-0.429360049,3.642,0,12.0,3.418,26.9,304.3,70.0,8030
2024-07-04,84.04869565,41.89,0.0,0.0,328.08,5203.857640617222,390.33,4515.567873,87.625,38.32258065,-0.429360049,3.646,0,7.3,3.46,26.7,304.45,70.0,8250
2024-07-05,84.04869565,41.86,0.0,0.0,328.871,5307.867131242741,389.814,4515.567873,90.70833333,38.09677419,-0.429360049,3.643,0,28.8,3.512,25.9,304.6,70.0,8205
2024-07-06,84.04869565,41.86,0.0,0.0,328.871,5338.667131242741,389.814,4515.567873,86.08333333,37.87096774,-0.429360049,3.643,0,5.9,3.512,26.7,304.6,70.0,8924
2024-07-07,84.04869565,41.86,0.0,0.0,328.871,5307.867131242741,389.814,4515.567873,85.75,37.64516129,-0.429360049,3.643,0,2.7,3.512,27.0,304.6,70.0,9140
2024-07-08,84.04869565,41.79,0.0,0.0,329.956,2451.813677434595,388.71,4515.567873,85.08333333,37.41935484,-0.429360049,3.639,0,15.8,3.513,26.5,304.375,71.14285714,6255
2024-07-09,84.04869565,41.73,0.0,0.0,329.259,2245.079475692716,390.209,4515.567873,80.0,37.19354839,-0.429360049,3.635,0,1.3,3.436,27.7,304.0,72.28571429,6650
2024-07-10,84.04869565,41.72,0.0,0.0,328.577,2451.813677434595,391.133,4515.567873,81.54166667,36.96774194,-0.429360049,3.625,0,5.6,3.48,27.4,303.7,73.42857143,6389
2024-07-11,84.04869565,41.6,0.0,0.0,328.799,2245.079475692716,392.159,4515.567873,84.75,36.74193548,-0.429360049,3.612,0,3.0,3.433,27.4,302.875,74.57142857,5996
2024-07-12,84.04869565,41.64,0.0,0.0,329.083,2245.079475692716,392.217,4515.567873,85.08333333,36.51612903,-0.429360049,3.617,0,5.7,3.421,27.2,301.8,75.71428571,5798
2024-07-13,84.04869565,41.64,0.0,0.0,329.083,2471.2382058514463,392.217,4515.567873,89.16666667,36.29032258,-0.429360049,3.617,0,25.1,3.421,26.1,301.8,76.85714286,5644
2024-07-14,84.04869565,41.64,0.0,0.0,329.083,2471.2382058514463,392.217,4515.567873,82.08333333,36.06451613,-0.429360049,3.617,0,5.4,3.421,27.8,301.8,78.0,5553
2024-07-15,84.04869565,41.69,0.0,0.0,328.979,4673.267131242741,393.549,4515.567873,87.5,35.83870968,-0.429360049,3.627,0,32.1,3.427,26.6,302.45,78.14285714,7841
2024-07-16,84.04869565,41.79,0.0,0.0,329.326,4439.167247386759,395.164,4515.567873,87.20833333,35.61290323,-0.429360049,3.63,0,8.9,3.429,26.8,303.5,78.28571429,6739
2024-07-17,84.04869565,41.83,0.0,0.0,330.179,4439.167247386759,393.319,4515.567873,85.91666667,35.38709677,-0.429360049,3.633,0,20.7,3.435,27.1,303.75,78.42857143,6540
2024-07-18,84.04869565,41.75,0.0,0.0,331.938,4673.267131242741,392.314,4515.567873,86.45833333,35.16129032,-0.429360049,3.625,0,5.9,3.461,27.0,303.85,78.57142857,6803
2024-07-19,84.04869565,41.76,0.0,0.0,330.881,4439.167247386759,392.987,4515.567873,83.33333333,34.93548387,-0.429360049,3.63,0,4.3,3.457,27.7,303.625,78.71428571,5752
2024-07-20,84.04869565,41.76,0.0,0.0,330.881,4439.167247386759,392.987,4515.567873,82.25,34.70967742,-0.429360049,3.63,0,0.4,3.457,28.0,303.625,78.85714286,7099
2024-07-21,84.04869565,41.76,0.0,0.0,330.881,4439.167247386759,392.987,4515.567873,84.25,34.48387097,-0.429360049,3.63,0,0.0,3.457,27.6,303.625,79.0,5343
2024-07-22,84.04869565,41.72,0.0,0.0,330.117,4561.857285074308,391.921,4515.567873,87.125,34.25806452,-0.429360049,3.626,0,6.4,3.455,26.9,303.875,78.0,5085
2024-07-23,84.04869565,41.77,0.0,0.0,330.784,4205.408305482472,391.792,4515.567873,86.75,34.03225806,-0.429360049,3.624,0,2.1,3.518,27.3,303.65,77.0,4408
2024-07-24,84.04869565,41.92,0.0,0.0,329.328,3792.9176458359616,389.85,4515.567873,85.0,33.80645161,-0.429360049,3.62,0,2.7,3.567,27.7,303.55,76.0,3895
2024-07-25,84.04869565,41.77,0.0,0.0,328.825,3820.328639080082,389.965,4515.567873,83.70833333,33.58064516,-0.429360049,3.616,0,3.7,3.518,27.6,303.35,75.0,3963
2024-07-26,84.04869565,41.68,0.0,0.0,328.79,3827.647388880934,389.238,4515.567873,83.58333333,33.35483871,-0.429360049,3.613,0,1.9,3.502,27.9,303.05,74.0,3853
2024-07-27,84.04869565,41.68,0.0,0.0,328.79,3792.9176458359616,389.238,4515.567873,84.875,33.12903226,-0.429360049,3.613,0,3.4,3.502,27.9,303.05,73.0,3797
2024-07-28,84.04869565,41.68,0.0,0.0,328.79,3812.495271533787,389.238,4515.567873,83.75,32.90322581,-0.429360049,3.613,0,20.9,3.502,27.6,303.05,72.0,3997
2024-07-29,84.04869565,41.7,0.0,0.0,328.828,3872.3038860037173,388.338,4515.567873,88.95833333,32.67741935,-0.429360049,3.611,0,39.4,3.526,26.1,302.65,72.57142857,3975
2024-07-30,84.04869565,41.86,0.0,0.0,327.383,3827.647388880934,388.749,4515.567873,88.66666667,32.4516129,-0.429360049,3.61,0,13.2,3.508,26.6,302.55,73.14285714,3998
2024-07-31,84.04869565,41.71,0.0,0.0,327.046,3820.328639080082,385.163,4515.567873,86.54166667,32.22580645,-0.429360049,3.609,0,19.5,3.534,27.0,302.375,73.71428571,4100
2024-08-01,79.01863636,42.15,0.0,0.0,327.186,3820.328639080082,386.481,4515.567873,86.125,32.0,-0.429360049,3.601,0,5.4,3.53,27.0,302.325,74.28571429,3349
2024-08-02,79.01863636,42.39,0.0,0.0,326.104,3812.495271533787,386.392,4515.567873,87.41666667,32.51612903,-0.429360049,3.596,0,9.1,3.562,26.5,301.95,74.85714286,3330
2024-08-03,79.01863636,42.39,0.0,0.0,326.104,3792.9176458359616,386.392,4515.567873,83.58333333,33.03225806,-0.429360049,3.596,0,1.7,3.562,27.4,301.95,75.42857143,3592
2024-08-04,79.01863636,42.39,0.0,0.0,326.104,3812.495271533787,386.392,4515.567873,83.16666667,33.5483871,-0.429360049,3.596,0,5.1,3.562,27.2,301.95,76.0,3896
2024-08-05,79.01863636,42.19,0.0,0.0,329.264,3820.328639080082,383.489,4515.567873,83.29166667,34.06451613,-0.429360049,3.597,0,5.7,3.525,27.1,302.4,77.71428571,4354
2024-08-06,79.01863636,42.0,0.0,0.0,331.079,3820.328639080082,382.808,4515.567873,84.04166667,34.58064516,-0.429360049,3.592,0,2.2,3.515,27.2,302.15,79.42857143,4661
2024-08-07,79.01863636,41.91,0.0,0.0,330.086,3827.647388880934,383.682,4515.567873,82.41666667,35.09677419,-0.429360049,3.581,0,1.4,3.469,27.3,301.625,81.14285714,5181
2024-08-08,79.01863636,41.84,0.0,0.0,329.268,3827.647388880934,382.89,4515.567873,84.875,35.61290323,-0.429360049,3.573,0,13.2,3.385,26.9,300.95,82.85714286,5493
2024-08-09,79.01863636,41.72,0.0,0.0,328.413,3792.9176458359616,382.263,4515.567873,82.625,36.12903226,-0.429360049,3.566,0,0.8,3.29,27.3,300.0,84.57142857,5892
2024-08-10,79.01863636,41.72,0.0,0.0,328.413,3820.328639080082,382.263,4515.567873,83.375,36.64516129,-0.429360049,3.566,0,10.0,3.29,27.1,300.0,86.28571429,6127
2024-08-11,79.01863636,41.72,0.0,0.0,328.413,3812.495271533787,382.263,4515.567873,86.58333333,37.16129032,-0.429360049,3.566,0,19.6,3.29,26.5,300.0,88.0,6057
2024-08-12,79.01863636,41.79,0.0,0.0,327.425,3812.495271533787,384.69,4515.567873,91.16666667,37.67741935,-0.429360049,3.563,0,32.0,3.304,26.3,299.45,87.28571429,5441
2024-08-13,79.01863636,41.9,0.0,0.0,327.274,3872.3038860037173,383.72,4515.567873,90.375,38.19354839,-0.429360049,3.562,0,4.1,3.331,25.9,299.125,86.57142857,5552
2024-08-14,79.01863636,41.65,0.0,0.0,328.686,3812.495271533787,384.32,4515.567873,86.66666667,38.70967742,-0.429360049,3.56,0,4.9,3.363,26.4,299.15,85.85714286,5492
2024-08-15,79.01863636,41.69,0.0,0.0,329.369,3792.9176458359616,386.797,4515.567873,85.20833333,39.22580645,-0.429360049,3.56,0,3.7,3.339,26.9,299.0,85.14285714,5456
2024-08-16,79.01863636,41.83,0.0,0.0,327.923,3872.3038860037173,388.201,4515.567873,89.75,39.74193548,-0.429360049,3.562,0,34.3,3.325,26.2,298.8,84.42857143,5156
2024-08-17,79.01863636,41.83,0.0,0.0,327.923,3792.9176458359616,388.201,4515.567873,88.75,40.25806452,-0.429360049,3.562,0,48.3,3.325,26.0,298.8,83.71428571,5144
2024-08-18,79.01863636,41.83,0.0,0.0,327.923,3820.328639080082,388.201,4515.567873,85.83333333,40.77419355,-0.429360049,3.562,0,20.8,3.325,26.6,298.8,83.0,5186
2024-08-19,79.01863636,41.97,0.0,0.0,329.406,3820.328639080082,390.484,4515.567873,88.0,41.29032258,-0.429360049,3.574,0,18.6,3.285,26.3,298.8,82.14285714,6552
2024-08-20,79.01863636,42.08,0.0,0.0,331.109,3820.328639080082,393.296,4515.567873,89.375,41.80645161,-0.429360049,3.579,0,12.0,3.281,25.7,299.6,81.28571429,5281
2024-08-21,79.01863636,42.12,0.0,0.0,333.232,3827.647388880934,394.236,4515.567873,90.5,42.32258065,-0.429360049,3.586,0,19.6,3.296,25.2,300.375,80.42857143,5395
2024-08-22,79.01863636,42.06,0.0,0.0,334.749,3792.9176458359616,396.177,4515.567873,84.91666667,42.83870968,-0.429360049,3.576,0,1.7,3.275,26.7,301.15,79.57142857,5385
2024-08-23,79.01863636,42.22,0.0,0.0,334.471,3820.328639080082,396.746,4515.567873,84.58333333,43.35483871,-0.429360049,3.586,0,2.7,3.268,27.0,299.85,78.71428571,5271
2024-08-24,79.01863636,42.22,0.0,0.0,334.471,3812.495271533787,396.746,4515.567873,82.75,43.87096774,-0.429360049,3.586,0,2.0,3.268,27.0,299.85,77.85714286,5438
2024-08-25,79.01863636,42.22,0.0,0.0,334.471,3820.328639080082,396.746,4515.567873,81.58333333,44.38709677,-0.429360049,3.586,0,2.2,3.268,27.2,299.85,77.0,5586
2024-08-26,79.01863636,42.15,0.0,0.0,335.364,3820.328639080082,398.301,4515.567873,79.25,44.90322581,-0.429360049,3.578,0,1.3,3.282,27.5,300.85,76.71428571,5678
2024-08-27,79.01863636,42.17,0.0,0.0,335.611,3792.9176458359616,396.537,4515.567873,76.33333333,45.41935484,-0.429360049,3.58,0,0.1,3.284,27.8,300.4,76.42857143,6033
2024-08-28,79.01863636,42.27,0.0,0.0,335.856,3792.9176458359616,395.154,4515.567873,76.70833333,45.93548387,-0.429360049,3.576,0,0.4,3.261,27.8,300.6,76.14285714,6441
2024-08-29,79.01863636,42.16,0.0,0.0,334.156,3820.328639080082,392.85,4515.567873,81.83333333,46.4516129,-0.429360049,3.565,0,7.2,3.298,27.0,300.075,75.85714286,6114
2024-08-30,79.01863636,41.99,0.0,0.0,332.31,3872.3038860037173,393.135,4515.567873,88.45833333,46.96774194,-0.429360049,3.561,0,22.6,3.328,25.8,299.2,75.57142857,5848
2024-08-31,79.01863636,41.99,0.0,0.0,332.31,3792.9176458359616,393.135,4515.567873,88.04166667,47.48387097,-0.429360049,3.561,0,21.3,3.328,25.8,299.2,75.28571429,6228
2024-09-01,73.05761905,41.99,0.0,0.0,332.31,3872.3038860037173,393.135,4515.567873,89.625,48.0,-0.429360049,3.561,0,27.2,3.328,25.8,299.2,75.0,4493
2024-09-02,73.05761905,41.98,0.0,0.0,330.305,3827.647388880934,392.174,4515.567873,86.66666667,47.63333333,-0.429360049,3.561,0,38.7,3.406,26.7,298.95,75.42857143,4076
2024-09-03,73.05761905,42.01,0.0,0.0,330.912,3792.9176458359616,392.919,4515.567873,88.08333333,47.26666667,-0.429360049,3.559,0,36.5,3.415,26.0,299.05,75.85714286,4174
2024-09-04,73.05761905,42.11,0.0,0.0,330.186,3820.328639080082,393.759,4515.567873,86.29166667,46.9,-0.429360049,3.556,0,14.4,3.385,26.8,298.9,76.28571429,4358
2024-09-05,73.05761905,42.16,0.0,0.0,331.186,3812.495271533787,392.5,4515.567873,80.125,46.53333333,-0.429360049,3.559,0,3.5,3.308,27.9,298.8,76.71428571,4950
2024-09-06,73.05761905,42.28,0.0,0.0,331.911,3792.9176458359616,393.513,4515.567873,79.41666667,46.16666667,-0.429360049,3.582,0,4.3,3.322,27.9,299.025,77.14285714,5078
2024-09-07,73.05761905,42.28,0.0,0.0,331.911,3827.647388880934,393.513,4515.567873,79.70833333,45.8,-0.429360049,3.582,0,2.2,3.322,27.9,299.025,77.57142857,5307
2024-09-08,73.05761905,42.28,0.0,0.0,331.911,3792.9176458359616,393.513,4515.567873,83.0,45.43333333,-0.429360049,3.582,0,3.4,3.322,27.1,299.025,78.0,5290
2024-09-09,73.05761905,42.2,0.0,0.0,331.271,3820.328639080082,393.185,4515.567873,84.20833333,45.06666667,-0.429360049,3.577,0,17.0,3.302,26.9,301.0,76.85714286,5173
2024-09-10,73.05761905,42.25,0.0,0.0,331.903,3820.328639080082,392.464,4515.567873,85.41666667,44.7,-0.429360049,3.582,0,17.4,3.285,26.5,300.6,75.71428571,5256
2024-09-11,73.05761905,42.33,0.0,0.0,331.121,3812.495271533787,395.689,4515.567873,87.54166667,44.33333333,-0.429360049,3.59,0,21.5,3.378,26.2,300.9,74.57142857,4705
2024-09-12,73.05761905,42.5,0.0,0.0,331.211,3820.328639080082,396.33,4515.567873,85.20833333,43.96666667,-0.429360049,3.594,0,2.3,3.35,26.9,301.5,73.42857143,4608
2024-09-13,73.05761905,42.6,0.0,0.0,333.66,3812.495271533787,399.138,4515.567873,85.25,43.6,-0.429360049,3.595,0,5.3,3.299,27.0,302.0,72.28571429,4540
2024-09-14,73.05761905,42.6,0.0,0.0,333.66,3827.647388880934,399.138,4515.567873,85.375,43.23333333,-0.429360049,3.595,0,6.2,3.299,27.0,302.0,71.14285714,4401
2024-09-15,73.05761905,42.6,0.0,0.0,333.66,3820.328639080082,399.138,4515.567873,81.45833333,42.86666667,-0.429360049,3.595,0,1.6,3.299,28.0,302.0,70.0,4272
2024-09-16,73.05761905,42.65,0.0,0.0,333.941,3792.9176458359616,397.463,4515.567873,84.75,42.5,-0.429360049,3.598,0,19.2,3.295,27.1,302.0,69.14285714,5015
2024-09-17,73.05761905,42.81,0.0,0.0,335.63,3812.495271533787,400.817,4515.567873,83.91666667,42.13333333,-0.429360049,3.624,0,3.9,3.238,27.4,302.0,68.28571429,5097
2024-09-18,73.05761905,43.04,0.0,0.0,335.057,3812.495271533787,404.314,4515.567873,82.79166667,41.76666667,-0.429360049,3.637,0,1.7,3.3,27.4,303.35,67.42857143,3760
2024-09-19,73.05761905,43.25,0.0,0.0,337.098,3872.3038860037173,406.655,4515.567873,83.08333333,41.4,-0.429360049,3.653,0,2.9,3.303,26.9,304.35,66.57142857,3765
2024-09-20,73.05761905,43.12,0.0,0.0,339.518,3872.3038860037173,406.083,4515.567873,77.5,41.03333333,-0.429360049,3.64,0,2.0,3.324,27.7,305.25,65.71428571,3694
2024-09-21,73.05761905,43.12,0.0,0.0,339.518,3792.9176458359616,406.083,4515.567873,79.83333333,40.66666667,-0.429360049,3.64,0,5.6,3.324,27.5,305.25,64.85714286,3420
2024-09-22,73.05761905,43.12,0.0,0.0,339.518,3812.495271533787,406.083,4515.567873,81.58333333,40.3,-0.429360049,3.64,0,8.1,3.324,27.1,305.25,64.0,3267
2024-09-23,73.05761905,43.09,0.0,0.0,340.441,3820.328639080082,406.466,4515.567873,76.0,39.93333333,-0.429360049,3.624,0,1.8,3.265,27.9,304.25,63.85714286,3398
2024-09-24,73.05761905,42.73,0.0,0.0,337.916,3792.9176458359616,400.72,4515.567873,82.83333333,39.56666667,-0.429360049,3.594,0,9.5,3.249,27.0,303.05,63.71428571,2964
2024-09-25,73.05761905,42.74,0.0,0.0,338.754,3820.328639080082,402.264,4515.567873,84.875,39.2,-0.429360049,3.583,0,4.5,3.236,27.0,300.75,63.57142857,2894
2024-09-26,73.05761905,42.6,0.0,0.0,334.517,3827.647388880934,399.631,4515.567873,85.125,38.83333333,-0.429360049,3.567,0,2.1,3.167,27.2,299.85,63.42857143,2783
2024-09-27,73.05761905,42.17,0.0,0.0,334.945,3872.3038860037173,396.153,4515.567873,89.25,38.46666667,-0.429360049,3.532,0,19.1,3.183,26.2,298.8,63.28571429,2623
2024-09-28,73.05761905,42.17,0.0,0.0,334.945,3820.328639080082,396.153,4515.567873,89.33333333,38.1,-0.429360049,3.532,0,5.4,3.183,26.7,298.8,63.14285714,2578
2024-09-29,73.05761905,42.17,0.0,0.0,334.945,3792.9176458359616,396.153,4515.567873,89.75,37.73333333,-0.429360049,3.532,0,9.9,3.183,26.2,298.8,63.0,3377
2024-09-30,73.05761905,41.99,0.0,0.0,333.439,3812.495271533787,391.723,4515.567873,90.875,37.36666667,-0.429360049,3.512,0,13.2,3.075,25.9,296.2,63.85714286,2824
2024-10-01,75.26652174,42.03,0.0,0.0,329.566,3820.328639080082,392.07,4515.567873,85.29166667,37.0,-0.429360049,3.514,0,3.4,3.084,26.8,294.85,64.71428571,8179
2024-10-02,75.26652174,41.86,0.0,0.0,326.229,3812.495271533787,385.861,4515.567873,82.20833333,35.80645161,-0.429360049,3.497,0,1.1,3.101,27.2,295.5,65.57142857,7786
2024-10-03,75.26652174,41.86,0.0,0.0,325.828,3827.647388880934,385.714,4515.567873,84.95833333,34.61290323,-0.429360049,3.496,0,1.2,3.093,27.2,294.0,66.42857143,7318
2024-10-04,75.26652174,41.77,0.0,0.0,324.061,3792.9176458359616,383.754,4515.567873,82.29166667,33.41935484,-0.429360049,3.491,0,0.3,3.048,27.6,294.0,67.28571429,7277
2024-10-05,75.26652174,41.77,0.0,0.0,324.061,3812.495271533787,383.754,4515.567873,84.79166667,32.22580645,-0.429360049,3.491,0,5.0,3.048,27.1,294.0,68.14285714,7310
2024-10-06,75.26652174,41.77,0.0,0.0,324.061,3820.328639080082,383.754,4515.567873,84.125,31.03225806,-0.429360049,3.491,0,2.5,3.048,27.1,294.0,69.0,7454
2024-10-07,75.26652174,41.5,0.0,0.0,322.475,3792.9176458359616,384.126,4515.567873,90.375,29.83870968,-0.429360049,3.488,0,39.7,3.028,25.1,293.3,69.14285714,7134
2024-10-08,75.26652174,41.36,0.0,0.0,321.758,3812.495271533787,382.9,4515.567873,87.66666667,28.64516129,-0.429360049,3.488,0,11.7,3.019,26.1,293.125,69.28571429,6927
2024-10-09,75.26652174,41.34,0.0,0.0,321.714,3827.647388880934,382.433,4515.567873,86.45833333,27.4516129,-0.429360049,3.486,0,12.7,3.03,26.5,292.95,69.42857143,6755
2024-10-10,75.26652174,41.42,0.0,0.0,320.403,3820.328639080082,382.747,4515.567873,90.375,26.25806452,-0.429360049,3.48,0,26.9,3.055,25.5,292.85,69.57142857,6105
2024-10-11,75.26652174,41.35,0.0,0.0,320.067,3820.328639080082,382.872,4515.567873,90.70833333,25.06451613,-0.429360049,3.485,0,52.9,3.066,25.2,292.9,69.71428571,5637
2024-10-12,75.26652174,41.35,0.0,0.0,320.067,3792.9176458359616,382.872,4515.567873,89.79166667,23.87096774,-0.429360049,3.485,0,35.8,3.066,25.5,292.9,69.85714286,5282
2024-10-13,75.26652174,41.35,0.0,0.0,320.067,3827.647388880934,382.872,4515.567873,90.41666667,22.67741935,-0.429360049,3.485,0,30.9,3.066,25.4,292.9,70.0,4942
2024-10-14,75.26652174,41.15,0.0,0.0,320.126,3872.3038860037173,383.301,4515.567873,92.95833333,21.48387097,-0.429360049,3.486,0,41.7,3.027,24.7,293.175,70.42857143,4579
2024-10-15,75.26652174,41.13,0.0,0.0,319.743,3820.328639080082,380.427,4515.567873,86.29166667,20.29032258,-0.429360049,3.484,0,13.4,3.025,26.2,293.2,70.85714286,4315
2024-10-16,75.26652174,41.1,0.0,0.0,319.077,3827.647388880934,380.983,4515.567873,85.625,19.09677419,-0.429360049,3.482,0,4.5,3.025,26.8,292.85,71.28571429,3920
2024-10-17,75.26652174,41.24,0.0,0.0,318.01,3872.3038860037173,382.409,4515.567873,80.83333333,17.90322581,-0.429360049,3.484,0,1.7,3.026,27.6,292.85,71.71428571,4658
2024-10-18,75.26652174,41.15,0.0,0.0,317.132,3812.495271533787,380.591,4515.567873,83.875,16.70967742,-0.429360049,3.484,0,0.7,3.027,27.2,293.0,72.14285714,3129
2024-10-19,75.26652174,41.15,0.0,0.0,317.132,3827.647388880934,380.591,4515.567873,84.20833333,15.51612903,-0.429360049,3.484,0,2.4,3.027,26.7,293.0,72.57142857,3012
2024-10-20,75.26652174,41.15,0.0,0.0,317.132,3820.328639080082,380.591,4515.567873,88.41666667,14.32258065,-0.429360049,3.484,0,3.1,3.027,26.2,293.0,73.0,2687
2024-10-21,75.26652174,41.15,0.0,0.0,318.265,3820.328639080082,380.677,4515.567873,90.29166667,13.12903226,-0.429360049,3.486,0,9.3,3.061,25.9,293.1,73.0,2378
2024-10-22,75.26652174,41.16,0.0,0.0,316.88,3872.3038860037173,379.103,4515.567873,90.58333333,11.93548387,-0.429360049,3.487,0,3.5,3.055,25.7,293.2,73.0,2231
2024-10-23,75.26652174,41.23,0.0,0.0,316.46,3827.647388880934,380.967,4515.567873,92.20833333,10.74193548,-0.429360049,3.491,0,26.2,3.05,25.1,293.4,73.0,2098
2024-10-24,75.26652174,41.2,0.0,0.0,316.207,3827.647388880934,380.434,4515.567873,85.66666667,9.548387097,-0.429360049,3.489,0,14.2,3.017,26.2,293.65,73.0,2061
2024-10-25,75.26652174,41.19,0.0,0.0,317.827,3820.328639080082,380.92,4515.567873,86.5,8.35483871,-0.429360049,3.491,0,10.8,3.021,26.4,293.5,73.0,1889
2024-10-26,75.26652174,41.19,0.0,0.0,317.827,3820.328639080082,380.92,4515.567873,89.625,7.161290323,-0.429360049,3.491,0,19.5,3.021,25.6,293.5,73.0,1827
2024-10-27,75.26652174,41.19,0.0,0.0,317.827,3812.495271533787,380.92,4515.567873,89.16666667,5.967741935,-0.429360049,3.491,0,7.3,3.021,25.9,293.5,73.0,1757
2024-10-28,75.26652174,41.17,0.0,0.0,316.667,3820.328639080082,382.2,4515.567873,88.33333333,4.774193548,-0.429360049,3.492,0,15.9,3.011,25.8,293.625,73.57142857,1714
2024-10-29,75.26652174,41.16,0.0,0.0,317.386,3872.3038860037173,379.722,4515.567873,87.125,3.580645161,-0.429360049,3.483,0,3.8,3.022,26.8,293.65,74.14285714,1661
2024-10-30,75.26652174,41.15,0.0,0.0,317.616,3820.328639080082,377.876,4515.567873,86.29166667,2.387096774,-0.429360049,3.482,0,1.7,3.008,26.9,292.95,74.71428571,1687
2024-10-31,75.26652174,41.12,0.0,0.0,317.972,3872.3038860037173,378.712,4515.567873,87.5,1.193548387,-0.429360049,3.483,0,6.8,2.989,26.2,292.95,75.28571429,2198
2024-11-01,73.50857143,41.28,0.0,0.0,318.763,3872.3038860037173,379.881,4515.567873,91.33333333,0.0,-0.429360049,3.483,0,12.0,2.98,25.6,292.95,75.85714286,4079
2024-11-02,73.50857143,41.28,0.0,0.0,318.763,3820.328639080082,379.881,4515.567873,90.58333333,0.766666667,-0.429360049,3.483,0,12.4,2.98,25.6,292.95,76.42857143,4349
2024-11-03,73.50857143,41.28,0.0,0.0,318.763,3812.495271533787,379.881,4515.567873,89.25,1.533333333,-0.429360049,3.483,0,4.4,2.98,25.7,292.95,77.0,4683
2024-11-04,73.50857143,41.24,0.0,0.0,317.299,3820.328639080082,382.196,4515.567873,90.41666667,2.3,-0.429360049,3.483,0,18.4,2.996,25.3,293.175,76.28571429,4791
2024-11-05,73.50857143,40.78,0.0,0.0,318.805,3792.9176458359616,377.097,4515.567873,90.29166667,3.066666667,-0.429360049,3.472,0,9.5,3.011,25.2,293.05,75.57142857,5137
2024-11-06,73.50857143,40.96,0.0,0.0,320.249,3792.9176458359616,379.985,4515.567873,83.375,3.833333333,-0.429360049,3.47,0,0.3,2.985,26.4,292.8,74.85714286,6087
2024-11-07,73.50857143,40.74,0.0,0.0,314.062,3792.9176458359616,378.095,4515.567873,86.58333333,4.6,-0.429360049,3.465,0,2.6,2.997,26.1,292.6,74.14285714,5681
2024-11-08,73.50857143,40.54,0.0,0.0,316.071,3872.3038860037173,376.562,4515.567873,90.91666667,5.366666667,-0.429360049,3.465,0,25.2,3.047,25.1,292.575,73.42857143,5754
2024-11-09,73.50857143,40.54,0.0,0.0,316.071,3872.3038860037173,376.562,4515.567873,85.0,6.133333333,-0.429360049,3.465,0,1.7,3.047,26.3,292.575,72.71428571,6278
2024-11-10,73.50857143,40.54,0.0,0.0,316.071,3820.328639080082,376.562,4515.567873,80.625,6.9,-0.429360049,3.465,0,1.0,3.047,26.4,292.575,72.0,6859
2024-11-11,73.50857143,40.42,0.0,0.0,313.502,3820.328639080082,372.769,4515.567873,82.625,7.666666667,-0.429360049,3.464,0,1.2,2.975,26.6,292.6,72.42857143,6694
2024-11-12,73.50857143,40.43,0.0,0.0,311.683,3827.647388880934,371.363,4515.567873,87.33333333,8.433333333,-0.429360049,3.461,0,1.6,2.966,26.4,292.425,72.85714286,6263
2024-11-13,73.50857143,40.39,0.0,0.0,310.563,3792.9176458359616,370.038,4515.567873,84.625,9.2,-0.429360049,3.458,0,4.9,2.935,26.9,292.25,73.28571429,6390
2024-11-14,73.50857143,40.38,0.0,0.0,308.651,3827.647388880934,368.694,4515.567873,87.79166667,9.966666667,-0.429360049,3.46,0,3.0,2.921,26.1,292.15,73.71428571,6176
2024-11-15,73.50857143,40.24,0.0,0.0,307.581,3820.328639080082,369.403,4515.567873,89.25,10.73333333,-0.429360049,3.451,0,16.7,2.92,25.7,292.15,74.14285714,7451
2024-11-16,73.50857143,40.24,0.0,0.0,307.581,3820.328639080082,369.403,4515.567873,88.0,11.5,-0.429360049,3.451,0,5.1,2.92,25.9,292.15,74.57142857,5964
2024-11-17,73.50857143,40.24,0.0,0.0,307.581,3812.495271533787,369.403,4515.567873,86.79166667,12.26666667,-0.429360049,3.451,0,5.8,2.92,26.4,292.15,75.0,5859
2024-11-18,73.50857143,40.18,0.0,0.0,307.903,3812.495271533787,368.953,4515.567873,90.33333333,13.03333333,-0.429360049,3.446,0,8.4,2.892,25.8,291.35,75.57142857,5653
2024-11-19,73.50857143,40.15,0.0,0.0,308.691,3812.495271533787,368.096,4515.567873,90.20833333,13.8,-0.429360049,3.448,0,19.8,2.892,25.4,290.95,76.14285714,5806
2024-11-20,73.50857143,40.19,0.0,0.0,308.209,3812.495271533787,366.277,4515.567873,91.33333333,14.56666667,-0.429360049,3.442,0,19.4,2.872,25.1,290.95,76.71428571,5877
2024-11-21,73.50857143,40.16,0.0,0.0,306.696,3792.9176458359616,364.73,4515.567873,88.29166667,15.33333333,-0.429360049,3.446,0,13.1,2.789,25.7,290.95,77.28571429,6121
2024-11-22,73.50857143,40.18,0.0,0.0,304.66,3872.3038860037173,365.787,4515.567873,89.58333333,16.1,-0.429360049,3.452,0,19.5,2.797,25.5,291.05,77.85714286,5865
2024-11-23,73.50857143,40.18,0.0,0.0,304.66,3872.3038860037173,365.787,4515.567873,89.375,16.86666667,-0.429360049,3.452,0,1.1,2.797,25.7,291.05,78.42857143,5909
2024-11-24,73.50857143,40.18,0.0,0.0,304.66,3812.495271533787,365.787,4515.567873,89.375,17.63333333,-0.429360049,3.452,0,10.0,2.797,25.4,291.05,79.0,5978
2024-11-25,73.50857143,40.14,0.0,0.0,303.222,3792.9176458359616,365.961,4515.567873,93.16666667,18.4,-0.429360049,3.452,0,26.0,2.759,24.3,291.0,78.42857143,5994
2024-11-26,73.50857143,40.14,0.0,0.0,305.27,3827.647388880934,369.02,4515.567873,91.375,19.16666667,-0.429360049,3.446,0,40.3,2.571,24.8,291.15,77.85714286,7326
2024-11-27,73.50857143,40.12,0.0,0.0,305.277,3812.495271533787,368.855,4515.567873,87.20833333,19.93333333,-0.429360049,3.44,0,57.0,2.691,25.6,291.025,77.28571429,7136
2024-11-28,73.50857143,40.12,0.0,0.0,307.307,3827.647388880934,370.245,4515.567873,80.29166667,20.7,-0.429360049,3.436,0,5.6,2.729,25.9,290.7,76.71428571,8106
2024-11-29,73.50857143,39.96,0.0,0.0,306.723,3812.495271533787,367.847,4515.567873,87.54166667,21.46666667,-0.429360049,3.429,0,5.0,2.729,25.6,290.65,76.14285714,7475
2024-11-30,73.50857143,39.96,0.0,0.0,306.723,3820.328639080082,367.847,4515.567873,82.04166667,22.23333333,-0.429360049,3.429,0,3.2,2.729,26.6,290.65,75.57142857,8417
2024-12-01,73.22772727,39.96,0.0,0.0,306.723,3827.647388880934,367.847,4515.567873,72.25,23.0,-0.429360049,3.429,0,1.5,2.729,27.9,290.65,75.0,6106
2024-12-02,73.22772727,39.86,0.0,0.0,307.31,3812.495271533787,368.15,4515.567873,69.0,23.74193548,-0.429360049,3.43,0,0.0,2.766,28.0,290.65,75.57142857,6368
2024-12-03,73.22772727,39.96,0.0,0.0,305.043,3792.9176458359616,368.881,4515.567873,75.41666667,24.48387097,-0.429360049,3.426,0,0.0,2.765,27.4,290.5,76.14285714,6149
2024-12-04,73.22772727,39.97,0.0,0.0,305.234,3827.647388880934,370.394,4515.567873,80.08333333,25.22580645,-0.429360049,3.425,0,0.0,2.874,26.8,290.4,76.71428571,5937
2024-12-05,73.22772727,39.91,0.0,0.0,305.158,3827.647388880934,369.976,4515.567873,82.58333333,25.96774194,-0.429360049,3.428,0,2.2,2.887,26.3,290.3,77.28571429,6159
2024-12-06,73.22772727,39.98,0.0,0.0,307.259,3827.647388880934,370.196,4515.567873,80.04166667,26.70967742,-0.429360049,3.42,0,0.2,2.903,27.0,290.325,77.85714286,6583
2024-12-07,73.22772727,39.98,0.0,0.0,307.259,3812.495271533787,370.196,4515.567873,83.25,27.4516129,-0.429360049,3.42,0,1.7,2.903,26.6,290.325,78.42857143,6863
2024-12-08,73.22772727,39.98,0.0,0.0,307.259,3812.495271533787,370.196,4515.567873,83.70833333,28.19354839,-0.429360049,3.42,0,13.2,2.903,26.3,290.325,79.0,7344
2024-12-09,73.22772727,40.02,0.0,0.0,306.736,3827.647388880934,370.649,4515.567873,75.04166667,28.93548387,-0.429360049,3.419,0,1.9,2.816,27.1,290.35,79.42857143,8794
2024-12-10,73.22772727,39.95,0.0,0.0,306.325,3827.647388880934,370.02,4515.567873,70.20833333,29.67741935,-0.429360049,3.42,0,0.2,2.75,27.2,290.25,79.85714286,10155
2024-12-11,73.22772727,39.9,0.0,0.0,305.465,3812.495271533787,367.768,4515.567873,79.25,30.41935484,-0.429360049,3.42,0,3.6,2.763,27.0,290.2,80.28571429,8882
2024-12-12,73.22772727,39.87,0.0,0.0,304.454,3827.647388880934,366.218,4515.567873,86.25,31.16129032,-0.429360049,3.42,0,8.7,2.776,26.2,290.175,80.71428571,8084
2024-12-13,73.22772727,39.91,0.0,0.0,303.7,3827.647388880934,368.715,4515.567873,88.95833333,31.90322581,-0.429360049,3.422,0,17.9,2.806,25.9,290.2,81.14285714,7441
2024-12-14,73.22772727,39.91,0.0,0.0,303.7,3812.495271533787,368.715,4515.567873,89.91666667,32.64516129,-0.429360049,3.422,0,10.3,2.806,25.5,290.2,81.57142857,9429
2024-12-15,73.22772727,39.91,0.0,0.0,303.7,3827.647388880934,368.715,4515.567873,77.25,33.38709677,-0.429360049,3.422,0,0.0,2.806,26.7,290.2,82.0,8612
2024-12-16,73.22772727,39.95,0.0,0.0,304.716,3792.9176458359616,370.052,4515.567873,85.95833333,34.12903226,-0.429360049,3.427,0,4.3,2.782,25.4,290.75,83.42857143,7959
2024-12-17,73.22772727,39.98,0.0,0.0,305.526,3812.495271533787,366.455,4515.567873,87.83333333,34.87096774,-0.429360049,3.43,0,7.4,2.783,25.8,291.15,84.85714286,7585
2024-12-18,73.22772727,40.12,0.0,0.0,305.23,3872.3038860037173,366.198,4515.567873,85.79166667,35.61290323,-0.429360049,3.439,0,0.8,2.829,26.2,291.45,86.28571429,7556
2024-12-19,73.22772727,40.22,0.0,0.0,301.554,3872.3038860037173,369.07,4515.567873,86.25,36.35483871,-0.429360049,3.455,0,1.9,2.849,26.5,292.9,87.71428571,6890
2024-12-20,73.22772727,40.56,0.0,0.0,303.399,3812.495271533787,371.208,4515.567873,87.95833333,37.09677419,-0.429360049,3.478,0,9.4,2.924,26.2,293.6,89.14285714,6419
2024-12-21,73.22772727,40.56,0.0,0.0,303.399,3812.495271533787,371.208,4515.567873,89.45833333,37.83870968,-0.429360049,3.478,0,7.0,2.924,26.0,293.6,90.57142857,6386
2024-12-22,73.22772727,40.56,0.0,0.0,303.399,3827.647388880934,371.208,4515.567873,85.79166667,38.58064516,-0.429360049,3.478,0,5.2,2.924,27.0,293.6,92.0,6500
2024-12-23,73.22772727,40.36,0.0,0.0,306.091,3827.647388880934,369.809,4515.567873,80.58333333,39.32258065,-0.429360049,3.457,0,0.0,2.945,26.8,296.125,92.14285714,6952
2024-12-24,73.22772727,40.35,0.0,0.0,307.988,3827.647388880934,370.073,4515.567873,76.625,40.06451613,-0.429360049,3.456,0,0.0,2.959,26.6,294.75,92.28571429,7593
2024-12-25,73.22772727,40.27,0.0,0.0,306.192,3820.328639080082,368.342,4515.567873,67.375,40.80645161,-0.429360049,3.447,1,0.0,2.938,27.3,294.75,92.42857143,10876
2024-12-26,73.22772727,40.01,0.0,0.0,306.398,3812.495271533787,367.666,4515.567873,70.91666667,41.5483871,-0.429360049,3.419,0,0.5,2.761,27.2,294.05,92.57142857,9232
2024-12-27,73.22772727,40.05,0.0,0.0,306.303,3872.3038860037173,367.146,4515.567873,79.20833333,42.29032258,-0.429360049,3.418,0,9.6,2.646,26.9,292.25,92.71428571,9280
2024-12-28,73.22772727,40.05,0.0,0.0,306.303,3827.647388880934,367.146,4515.567873,77.625,43.03225806,-0.429360049,3.418,0,1.8,2.646,27.0,292.25,92.85714286,9982
2024-12-29,73.22772727,40.05,0.0,0.0,306.303,3872.3038860037173,367.146,4515.567873,79.29166667,43.77419355,-0.429360049,3.418,1,4.6,2.646,26.6,292.25,93.0,10648
2024-12-30,73.22772727,40.14,0.0,0.0,304.468,3872.3038860037173,366.802,4515.567873,85.16666667,44.51612903,-0.429360049,3.423,1,10.9,2.581,26.1,292.5,93.57142857,10761
2024-12-31,73.22772727,40.11,0.0,0.0,304.249,3792.9176458359616,366.763,4515.567873,87.66666667,45.25806452,-0.429360049,3.418,1,5.2,2.58,25.8,293.125,94.14285714,11067
2025-01-01,78.19391304,40.15,0.0,0.0,303.343,3872.3038860037173,362.996,4515.567873,88.45833333,46.0,-0.429360049,3.417,0,23.8,2.64,25.1,293.0,94.71428571,9331
2025-01-02,78.19391304,40.09,0.0,0.0,303.194,3812.495271533787,364.881,4515.567873,83.20833333,45.93548387,-0.429360049,3.422,0,4.1,2.656,25.1,293.2,95.28571429,9844
2025-01-03,78.19391304,40.35,0.0,0.0,300.838,3827.647388880934,370.121,4515.567873,74.66666667,45.87096774,-0.429360049,3.447,0,0.2,2.749,26.1,293.75,95.85714286,10036
2025-01-04,78.19391304,40.35,0.0,0.0,300.838,3792.9176458359616,370.121,4515.567873,80.66666667,45.80645161,-0.429360049,3.447,0,2.7,2.749,25.6,293.75,96.42857143,9751
2025-01-05,78.19391304,40.35,0.0,0.0,300.838,3792.9176458359616,370.121,4515.567873,79.29166667,45.74193548,-0.429360049,3.447,0,0.8,2.749,26.1,293.75,97.0,10274
2025-01-06,78.19391304,40.3,0.0,0.0,302.54,3827.647388880934,368.696,4515.567873,75.33333333,45.67741935,-0.429360049,3.441,1,0.0,2.753,26.1,295.6,97.42857143,11367
2025-01-07,78.19391304,40.35,0.0,0.0,307.025,3827.647388880934,365.93,4515.567873,79.66666667,45.61290323,-0.429360049,3.443,1,0.0,2.831,26.0,295.5,97.85714286,11064
2025-01-08,78.19391304,40.17,0.0,0.0,305.259,3792.9176458359616,362.595,4515.567873,77.79166667,45.5483871,-0.429360049,3.428,1,0.2,2.88,26.7,296.0,98.28571429,10591
2025-01-09,78.19391304,40.15,0.0,0.0,305.206,3872.3038860037173,359.602,4515.567873,70.66666667,45.48387097,-0.429360049,3.414,1,2.5,2.893,27.7,294.625,98.71428571,11311
2025-01-10,78.19391304,40.15,0.0,0.0,303.276,3792.9176458359616,359.41,4515.567873,76.375,45.41935484,-0.429360049,3.397,0,5.6,2.865,27.5,294.55,99.14285714,10013
2025-01-11,78.19391304,40.15,0.0,0.0,303.276,3820.328639080082,359.41,4515.567873,74.75,45.35483871,-0.429360049,3.397,1,1.6,2.865,26.4,294.55,99.57142857,10861
2025-01-12,78.19391304,40.15,0.0,0.0,303.276,3812.495271533787,359.41,4515.567873,91.58333333,45.29032258,-0.429360049,3.397,0,25.2,2.865,24.4,294.55,100.0,9018
2025-01-13,78.19391304,40.16,0.0,0.0,301.583,3820.328639080082,359.823,4515.567873,89.20833333,45.22580645,-0.429360049,3.402,1,16.6,2.866,25.4,294.55,97.28571429,10500
2025-01-14,78.19391304,40.31,0.0,0.0,301.583,3792.9176458359616,361.964,4515.567873,91.125,45.16129032,-0.429360049,3.42,0,18.8,2.883,24.8,294.55,94.57142857,10033
2025-01-15,78.19391304,40.4,0.0,0.0,303.438,3792.9176458359616,362.701,4515.567873,88.375,45.09677419,-0.429360049,3.421,0,9.3,2.891,25.5,295.625,91.85714286,7912
2025-01-16,78.19391304,40.45,0.0,0.0,304.04,3827.647388880934,360.691,4515.567873,88.04166667,45.03225806,-0.429360049,3.422,0,3.6,2.891,25.4,296.3,89.14285714,7720
2025-01-17,78.19391304,40.63,0.0,0.0,305.027,3812.495271533787,365.883,4515.567873,76.45833333,44.96774194,-0.429360049,3.441,0,0.0,2.938,26.4,296.45,86.42857143,8030
2025-01-18,78.19391304,40.63,0.0,0.0,305.027,3792.9176458359616,365.883,4515.567873,87.20833333,44.90322581,-0.429360049,3.441,0,27.5,2.938,25.6,296.45,83.71428571,6869
2025-01-19,78.19391304,40.63,0.0,0.0,305.027,3827.647388880934,365.883,4515.567873,95.95833333,44.83870968,-0.429360049,3.441,0,40.1,2.938,23.9,296.45,81.0,6420
2025-01-20,78.19391304,40.89,0.0,0.0,304.33,3812.495271533787,367.7,4515.567873,84.58333333,44.77419355,-0.429360049,3.44,0,10.1,2.989,25.6,296.85,81.71428571,6326
2025-01-21,78.19391304,41.04,0.0,0.0,308.983,3820.328639080082,367.832,4515.567873,86.375,44.70967742,-0.429360049,3.453,0,8.2,3.007,24.9,297.6,82.42857143,6488
2025-01-22,78.19391304,40.95,0.0,0.0,310.158,3872.3038860037173,368.846,4515.567873,89.95833333,44.64516129,-0.429360049,3.453,0,10.1,2.989,25.0,298.625,83.14285714,6144
2025-01-23,78.19391304,41.14,0.0,0.0,310.649,3792.9176458359616,372.276,4515.567873,90.625,44.58064516,-0.429360049,3.457,0,25.1,3.048,24.9,298.6,83.85714286,5573
2025-01-24,78.19391304,41.15,0.0,0.0,310.888,3812.495271533787,373.035,4515.567873,90.20833333,44.51612903,-0.429360049,3.455,0,5.3,3.064,24.7,298.25,84.57142857,5363
2025-01-25,78.19391304,41.15,0.0,0.0,310.888,3872.3038860037173,373.035,4515.567873,83.375,44.4516129,-0.429360049,3.455,0,0.7,3.064,25.9,298.25,85.28571429,5684
2025-01-26,78.19391304,41.15,0.0,0.0,310.888,3792.9176458359616,373.035,4515.567873,84.75,44.38709677,-0.429360049,3.455,0,2.9,3.064,26.2,298.25,86.0,5429
2025-01-27,78.19391304,40.93,0.0,0.0,312.796,3827.647388880934,369.466,4515.567873,74.33333333,44.32258065,-0.429360049,3.428,0,0.0,3.028,25.6,298.5,86.57142857,6768
2025-01-28,78.19391304,40.87,0.0,0.0,313.051,3872.3038860037173,369.187,4515.567873,83.66666667,44.25806452,-0.429360049,3.421,0,1.4,2.986,24.5,296.95,87.14285714,6571
2025-01-29,78.19391304,41.01,0.0,0.0,309.503,3820.328639080082,369.528,4515.567873,84.66666667,44.19354839,-0.429360049,3.434,0,18.8,3.019,25.5,296.5,87.71428571,5968
2025-01-30,78.19391304,41.06,0.0,0.0,308.849,3820.328639080082,369.312,4515.567873,88.83333333,44.12903226,-0.429360049,3.439,0,8.9,3.021,25.6,297.55,88.28571429,5643
2025-01-31,78.19391304,41.29,0.0,0.0,308.999,3872.3038860037173,372.955,4515.567873,88.45833333,44.06451613,-0.429360049,3.442,0,4.5,3.001,26.0,298.0,88.85714286,5859
2025-02-01,75.193,41.29,0.0,0.0,308.999,3872.3038860037173,372.955,4515.567873,88.70833333,44.0,-0.429360049,3.442,1,1.5,3.001,25.8,298.0,89.42857143,11268
2025-02-02,75.193,41.29,0.0,0.0,308.999,3812.495271533787,372.955,4515.567873,83.5,43.25,-0.429360049,3.442,1,0.0,3.001,26.0,298.0,90.0,11870
2025-02-03,75.193,41.29,0.0,0.0,308.58,3792.9176458359616,373.823,4515.567873,77.5,42.5,-0.429360049,3.438,1,0.0,2.973,26.4,299.55,89.42857143,12637
2025-02-04,75.193,41.03,0.0,0.0,309.699,3792.9176458359616,373.381,4515.567873,80.25,41.75,-0.429360049,3.416,1,0.0,3.045,25.5,299.55,88.85714286,15386
2025-02-05,75.193,40.89,0.0,0.0,310.687,3812.495271533787,370.889,4515.567873,75.95833333,41.0,-0.429360049,3.403,1,0.5,3.081,26.6,298.55,88.28571429,12417
2025-02-06,75.193,40.76,0.0,0.0,310.396,3812.495271533787,368.902,4515.567873,80.04166667,40.25,-0.429360049,3.388,1,0.3,3.063,26.6,298.25,87.71428571,11707
2025-02-07,75.193,40.61,0.0,0.0,309.458,3820.328639080082,367.126,4515.567873,65.5,39.5,-0.429360049,3.392,1,0.0,3.071,28.0,297.25,87.14285714,13355
2025-02-08,75.193,40.61,0.0,0.0,309.458,3872.3038860037173,367.126,4515.567873,60.04166667,38.75,-0.429360049,3.392,1,0.0,3.071,27.7,297.25,86.57142857,15084
2025-02-09,75.193,40.61,0.0,0.0,309.458,3872.3038860037173,367.126,4515.567873,58.83333333,38.0,-0.429360049,3.392,1,0.0,3.071,27.5,297.25,86.0,15382
2025-02-10,75.193,40.61,0.0,0.0,306.815,3827.647388880934,369.584,4515.567873,63.91666667,37.25,-0.429360049,3.419,1,0.0,3.076,27.2,296.8,85.71428571,13300
2025-02-11,75.193,40.61,0.0,0.0,305.779,3820.328639080082,369.51,4515.567873,72.20833333,36.5,-0.429360049,3.415,0,1.0,3.157,28.1,296.95,85.42857143,10043
2025-02-12,75.193,40.56,0.0,0.0,307.485,3812.495271533787,371.78,4515.567873,73.0,35.75,-0.429360049,3.41,1,0.4,3.304,28.5,296.95,85.14285714,10720
2025-02-13,75.193,40.73,0.0,0.0,308.138,3827.647388880934,371.994,4515.567873,74.33333333,35.0,-0.429360049,3.411,0,0.1,3.243,27.7,295.85,84.85714286,8513
2025-02-14,75.193,40.67,0.0,0.0,309.42,3812.495271533787,373.244,4515.567873,74.16666667,34.25,-0.429360049,3.402,0,0.4,3.229,27.2,295.55,84.57142857,8114
2025-02-15,75.193,40.67,0.0,0.0,309.42,3792.9176458359616,373.244,4515.567873,69.79166667,33.5,-0.429360049,3.402,0,0.0,3.229,27.6,295.55,84.28571429,8112
2025-02-16,75.193,40.67,0.0,0.0,309.42,3872.3038860037173,373.244,4515.567873,71.83333333,32.75,-0.429360049,3.402,0,0.0,3.229,27.7,295.55,84.0,7510
2025-02-17,75.193,40.66,0.0,0.0,310.009,3792.9176458359616,373.488,4515.567873,71.125,32.0,-0.429360049,3.405,0,1.1,3.233,28.2,295.65,83.85714286,6681
2025-02-18,75.193,40.75,0.0,0.0,309.743,3812.495271533787,373.679,4515.567873,73.25,31.25,-0.429360049,3.415,0,0.6,3.311,27.9,296.125,83.71428571,5844
2025-02-19,75.193,40.79,0.0,0.0,309.172,3872.3038860037173,375.193,4515.567873,77.16666667,30.5,-0.429360049,3.417,0,1.1,3.338,27.6,296.9,83.57142857,5244
2025-02-20,75.193,40.74,0.0,0.0,309.295,3792.9176458359616,373.451,4515.567873,70.70833333,29.75,-0.429360049,3.411,0,0.0,3.339,28.0,296.15,83.42857143,5163
2025-02-21,75.193,40.77,0.0,0.0,310.8,3792.9176458359616,373.227,4515.567873,71.33333333,29.0,-0.429360049,3.41,0,0.8,3.368,28.0,295.65,83.28571429,4702
2025-02-22,75.193,40.77,0.0,0.0,310.8,3827.647388880934,373.227,4515.567873,73.83333333,28.25,-0.429360049,3.41,0,0.4,3.368,27.6,295.65,83.14285714,4448
2025-02-23,75.193,40.77,0.0,0.0,310.8,3872.3038860037173,373.227,4515.567873,74.08333333,27.5,-0.429360049,3.41,0,1.4,3.368,27.0,295.65,83.0,4379
2025-02-24,75.193,40.74,0.0,0.0,309.034,3812.495271533787,374.422,4515.567873,73.125,26.75,-0.429360049,3.391,0,3.6,3.412,27.8,295.625,83.0,3703
2025-02-25,75.193,40.7,0.0,0.0,309.323,3827.647388880934,374.629,4515.567873,69.20833333,26.0,-0.429360049,3.39,0,6.1,3.403,28.9,295.6,83.0,3658
2025-02-26,75.193,40.52,0.0,0.0,310.659,3792.9176458359616,372.093,4515.567873,74.79166667,25.25,-0.429360049,3.38,0,6.4,3.366,27.8,295.6,83.0,4515
2025-02-27,75.193,40.52,0.0,0.0,309.773,3792.9176458359616,371.38,4515.567873,84.20833333,24.5,-0.429360049,3.375,0,9.3,3.303,26.3,295.3,83.0,3333
2025-02-28,75.193,40.52,0.0,0.0,306.971,3872.3038860037173,374.968,4515.567873,86.625,23.75,-0.429360049,3.382,0,14.0,3.291,26.2,295.25,83.0,3129
2025-03-01,71.74142857,40.52,0.0,0.0,306.971,3820.328639080082,374.968,4515.567873,89.41666667,23.0,-0.429360049,3.382,0,39.1,3.291,25.8,295.25,83.0,5191
2025-03-02,71.74142857,40.52,0.0,0.0,306.971,3820.328639080082,374.968,4515.567873,89.16666667,23.4516129,-0.429360049,3.382,0,14.4,3.291,25.5,295.25,83.0,5537
2025-03-03,71.74142857,40.61,0.0,0.0,306.27,3827.647388880934,377.694,4515.567873,88.875,23.90322581,-0.429360049,3.381,0,5.7,3.288,25.5,295.25,83.85714286,5698
2025-03-04,71.74142857,40.7,0.0,0.0,309.547,3872.3038860037173,380.742,4515.567873,87.33333333,24.35483871,-0.429360049,3.397,0,0.0,3.265,26.3,295.2,84.71428571,6330
2025-03-05,71.74142857,40.77,0.0,0.0,313.567,3812.495271533787,380.772,4515.567873,84.41666667,24.80645161,-0.429360049,3.394,0,1.1,3.32,26.9,295.275,85.57142857,6852
2025-03-06,71.74142857,40.83,0.0,0.0,318.462,3827.647388880934,381.766,4515.567873,83.5,25.25806452,-0.429360049,3.391,0,0.0,3.282,27.2,295.55,86.42857143,7830
2025-03-07,71.74142857,40.68,0.0,0.0,318.638,3820.328639080082,380.496,4515.567873,81.25,25.70967742,-0.429360049,3.383,0,1.2,3.371,26.8,295.45,87.28571429,7957
2025-03-08,71.74142857,40.68,0.0,0.0,318.638,3812.495271533787,380.496,4515.567873,76.04166667,26.16129032,-0.429360049,3.383,0,0.0,3.371,27.4,295.45,88.14285714,8816
2025-03-09,71.74142857,40.68,0.0,0.0,318.638,3792.9176458359616,380.496,4515.567873,67.5,26.61290323,-0.429360049,3.383,0,0.1,3.371,27.8,295.45,89.0,10224
2025-03-10,71.74142857,40.86,0.0,0.0,319.977,3827.647388880934,382.59,4515.567873,67.08333333,27.06451613,-0.429360049,3.386,0,0.0,3.45,28.3,295.45,88.28571429,9776
2025-03-11,71.74142857,40.8,0.0,0.0,319.977,3820.328639080082,382.877,4515.567873,87.75,27.51612903,-0.429360049,3.388,0,12.4,3.388,25.9,295.425,87.57142857,8383
2025-03-12,71.74142857,40.76,0.0,0.0,322.518,3827.647388880934,382.464,4515.567873,81.75,27.96774194,-0.429360049,3.396,0,0.5,3.424,27.1,295.35,86.85714286,8701
2025-03-13,71.74142857,40.93,0.0,0.0,321.464,3827.647388880934,383.349,4515.567873,81.625,28.41935484,-0.429360049,3.408,1,2.3,3.465,27.1,295.35,86.14285714,10338
2025-03-14,71.74142857,40.96,0.0,0.0,320.46,3812.495271533787,385.036,4515.567873,82.70833333,28.87096774,-0.429360049,3.417,0,3.3,3.55,27.1,296.4,85.42857143,7136
2025-03-15,71.74142857,40.96,0.0,0.0,320.46,3812.495271533787,385.036,4515.567873,82.58333333,29.32258065,-0.429360049,3.417,0,15.3,3.55,26.7,296.4,84.71428571,7279
2025-03-16,71.74142857,40.96,0.0,0.0,320.46,3827.647388880934,385.036,4515.567873,84.04166667,29.77419355,-0.429360049,3.417,0,1.3,3.55,26.4,296.4,84.0,7192
2025-03-17,71.74142857,40.94,0.0,0.0,322.345,3827.647388880934,384.927,4515.567873,83.83333333,30.22580645,-0.429360049,3.421,0,0.6,3.621,26.8,296.375,83.42857143,6548
2025-03-18,71.74142857,40.97,0.0,0.0,323.589,3820.328639080082,385.424,4515.567873,80.08333333,30.67741935,-0.429360049,3.432,0,1.3,3.527,27.4,296.075,82.85714286,7160
2025-03-19,71.74142857,40.89,0.0,0.0,323.913,3827.647388880934,384.407,4515.567873,85.41666667,31.12903226,-0.429360049,3.433,0,7.5,3.49,26.7,296.4,82.28571429,6977
2025-03-20,71.74142857,40.87,0.0,0.0,322.997,3820.328639080082,382.78,4515.567873,83.33333333,31.58064516,-0.429360049,3.445,0,0.2,3.506,27.1,296.45,81.71428571,6692
2025-03-21,71.74142857,40.89,0.0,0.0,321.624,3872.3038860037173,383.458,4515.567873,80.20833333,32.03225806,-0.429360049,3.466,0,2.7,3.537,27.6,296.35,81.14285714,6467
2025-03-22,71.74142857,40.89,0.0,0.0,321.624,3812.495271533787,383.458,4515.567873,80.125,32.48387097,-0.429360049,3.466,0,0.8,3.537,27.4,296.35,80.57142857,6423
2025-03-23,71.74142857,40.89,0.0,0.0,321.624,3812.495271533787,383.458,4515.567873,79.125,32.93548387,-0.429360049,3.466,0,1.9,3.537,27.5,296.35,80.0,6461
2025-03-24,71.74142857,40.83,0.0,0.0,320.419,3792.9176458359616,383.79,4515.567873,79.20833333,33.38709677,-0.429360049,3.461,0,3.7,3.502,27.5,296.725,80.0,6317
2025-03-25,71.74142857,40.76,0.0,0.0,320.382,3812.495271533787,381.899,4515.567873,80.33333333,33.83870968,-0.429360049,3.458,0,0.8,3.524,27.7,296.5,80.0,6093
2025-03-26,71.74142857,40.76,0.0,0.0,319.845,3812.495271533787,383.614,4515.567873,79.95833333,34.29032258,-0.429360049,3.458,0,4.0,3.505,27.5,296.31,80.0,6411
2025-03-27,71.74142857,40.77,0.0,0.0,318.539,3827.647388880934,383.342,4515.567873,73.25,34.74193548,-0.429360049,3.462,0,0.1,3.486,28.3,296.25,80.0,6992
2025-03-28,71.74142857,40.8,0.0,0.0,319.926,3812.495271533787,382.646,4515.567873,71.45833333,35.19354839,-0.429360049,3.465,0,1.3,3.568,28.7,296.2,80.0,6825
2025-03-29,71.74142857,40.8,0.0,0.0,319.926,3827.647388880934,382.646,4515.567873,69.04166667,35.64516129,-0.429360049,3.465,0,0.3,3.568,28.9,296.2,80.0,7496
2025-03-30,71.74142857,40.8,0.0,0.0,319.926,3827.647388880934,382.646,4515.567873,66.91666667,36.09677419,-0.429360049,3.465,0,1.1,3.568,28.9,296.2,80.0,8225
2025-03-31,71.74142857,40.71,0.0,0.0,320.642,3827.647388880934,382.603,4515.567873,71.0,36.5483871,-0.429360049,3.458,1,1.6,3.503,28.3,296.2,81.0,10971
2025-04-01,66.92727273,40.72,0.0,0.0,320.345,3812.495271533787,385.058,4515.567873,70.16666667,37.0,-0.429360049,3.463,0,0.9,3.513,28.5,296.075,82.0,5529
2025-04-02,66.92727273,40.75,0.0,0.0,319.473,3827.647388880934,388.888,4515.567873,77.95833333,37.1,-0.429360049,3.479,0,11.4,3.529,27.9,296.05,83.0,5172
2025-04-03,66.92727273,40.73,0.0,0.0,321.308,3820.328639080082,382.491,4515.567873,82.33333333,37.2,-0.429360049,3.467,0,4.3,3.51,27.1,296.85,84.0,5270
2025-04-04,66.92727273,40.74,0.0,0.0,327.964,3827.647388880934,379.041,4515.567873,85.83333333,37.3,-0.429360049,3.466,0,7.6,3.456,26.2,296.7,85.0,5989
2025-04-05,66.92727273,40.74,0.0,0.0,327.964,3812.495271533787,379.041,4515.567873,84.79166667,37.4,-0.429360049,3.466,0,19.8,3.456,26.5,296.7,86.0,6360
2025-04-06,66.92727273,40.74,0.0,0.0,327.964,3827.647388880934,379.041,4515.567873,86.625,37.5,-0.429360049,3.466,0,8.0,3.456,26.7,296.7,87.0,6514
2025-04-07,66.92727273,40.81,0.0,0.0,324.925,3872.3038860037173,382.661,4515.567873,86.83333333,37.6,-0.429360049,3.472,0,3.0,3.489,26.6,298.0,88.14285714,6355
2025-04-08,66.92727273,40.92,0.0,0.0,324.667,3827.647388880934,385.746,4515.567873,85.16666667,37.7,-0.429360049,3.47,0,1.7,3.491,27.1,299.75,89.28571429,6503
2025-04-09,66.92727273,40.6,0.0,0.0,328.132,3872.3038860037173,385.843,4515.567873,87.20833333,37.8,-0.429360049,3.445,0,6.9,3.557,26.5,301.0,90.42857143,6509
2025-04-10,66.92727273,40.85,0.0,0.0,329.351,3792.9176458359616,389.96,4515.567873,90.0,37.9,-0.429360049,3.456,0,15.6,3.578,25.4,297.5,91.57142857,6498
2025-04-11,66.92727273,40.73,0.0,0.0,332.551,3812.495271533787,393.194,4515.567873,89.25,38.0,-0.429360049,3.461,0,17.9,3.621,25.7,298.1,92.71428571,6279
2025-04-12,66.92727273,40.73,0.0,0.0,332.551,3792.9176458359616,393.194,4515.567873,83.25,38.1,-0.429360049,3.461,0,5.5,3.621,27.3,298.1,93.85714286,7946
2025-04-13,66.92727273,40.73,0.0,0.0,332.551,3792.9176458359616,393.194,4515.567873,85.29166667,38.2,-0.429360049,3.461,0,4.6,3.621,27.4,298.1,95.0,7483
2025-04-14,66.92727273,40.72,0.0,0.0,338.414,3820.328639080082,394.402,4515.567873,86.70833333,38.3,-0.429360049,3.475,0,2.0,3.565,27.3,298.1,92.71428571,7797
2025-04-15,66.92727273,40.84,0.0,0.0,338.087,3872.3038860037173,395.259,4515.567873,84.95833333,38.4,-0.429360049,3.484,0,2.0,3.595,27.2,298.1,90.42857143,6160
2025-04-16,66.92727273,40.93,0.0,0.0,336.061,3820.328639080082,396.687,4515.567873,80.45833333,38.5,-0.429360049,3.499,0,0.2,3.637,28.0,298.5,88.14285714,5855
2025-04-17,66.92727273,40.93,0.0,0.0,340.116,3872.3038860037173,397.599,4515.567873,78.375,38.6,-0.429360049,3.496,0,0.7,3.639,28.7,299.025,85.85714286,5836
2025-04-18,66.92727273,41.02,0.0,0.0,339.583,3792.9176458359616,400.289,4515.567873,74.875,38.7,-0.429360049,3.512,0,0.4,3.693,28.7,299.025,83.57142857,6967
2025-04-19,66.92727273,41.02,0.0,0.0,339.583,3792.9176458359616,400.289,4515.567873,73.08333333,38.8,-0.429360049,3.512,0,3.7,3.693,29.0,299.025,81.28571429,5480
2025-04-20,66.92727273,41.02,0.0,0.0,339.583,3872.3038860037173,400.289,4515.567873,78.16666667,38.9,-0.429360049,3.512,0,4.7,3.693,28.3,299.025,79.0,5198
2025-04-21,66.92727273,41.01,0.0,0.0,340.42,3872.3038860037173,399.73,4515.567873,82.54166667,39.0,-0.429360049,3.52,0,2.3,3.678,27.7,299.225,78.71428571,4860
2025-04-22,66.92727273,41.13,0.0,0.0,344.439,3812.495271533787,397.208,4515.567873,82.75,39.1,-0.429360049,3.511,0,3.0,3.611,27.5,299.85,78.42857143,5165
2025-04-23,66.92727273,41.15,0.0,0.0,342.444,3812.495271533787,400.224,4515.567873,82.16666667,39.2,-0.429360049,3.515,0,2.5,3.605,27.7,299.7,78.14285714,4994
2025-04-24,66.92727273,41.11,0.0,0.0,339.111,3827.647388880934,398.933,4515.567873,81.95833333,39.3,-0.429360049,3.509,0,3.3,3.626,28.0,299.95,77.85714286,4554
2025-04-25,66.92727273,41.07,0.0,0.0,341.628,3827.647388880934,402.678,4515.567873,84.41666667,39.4,-0.429360049,3.518,0,7.9,3.625,27.2,299.6,77.57142857,4551
2025-04-26,66.92727273,41.07,0.0,0.0,341.628,3827.647388880934,402.678,4515.567873,80.25,39.5,-0.429360049,3.518,0,1.4,3.625,27.5,299.6,77.28571429,4873
2025-04-27,66.92727273,41.07,0.0,0.0,341.628,3820.328639080082,402.678,4515.567873,80.16666667,39.6,-0.429360049,3.518,0,7.0,3.625,27.7,299.6,77.0,4917
2025-04-28,66.92727273,41.2,0.0,0.0,340.496,3872.3038860037173,401.555,4515.567873,80.58333333,39.7,-0.429360049,3.517,0,3.9,3.652,27.7,299.6,76.85714286,4821
2025-04-29,66.92727273,41.19,0.0,0.0,342.203,3792.9176458359616,399.215,4515.567873,80.33333333,39.8,-0.429360049,3.54,0,10.6,3.652,27.6,299.5,76.71428571,5076
2025-04-30,66.92727273,41.19,0.0,0.0,340.996,3820.328639080082,397.763,4515.567873,87.41666667,39.9,-0.429360049,3.54,0,14.2,3.652,26.2,299.475,76.57142857,5097
2025-05-01,64.09272727,41.19,0.0,0.0,339.261,3827.647388880934,397.511,4515.567873,84.91666667,40.0,-0.429360049,3.543,0,1.5,3.619,27.4,299.475,76.42857143,5843
2025-05-02,64.09272727,41.19,0.0,0.0,338.182,3820.328639080082,398.141,4515.567873,82.41666667,39.96774194,-0.429360049,3.553,0,3.7,3.684,27.9,299.5,76.28571429,4405
2025-05-03,64.09272727,41.19,0.0,0.0,338.182,3812.495271533787,398.141,4515.567873,84.66666667,39.93548387,-0.429360049,3.553,0,10.6,3.684,27.4,299.5,76.14285714,4524
2025-05-04,64.09272727,41.19,0.0,0.0,338.182,3792.9176458359616,398.141,4515.567873,79.91666667,39.90322581,-0.429360049,3.553,0,2.0,3.684,28.4,299.5,76.0,4838
2025-05-05,64.09272727,41.5,0.0,0.0,338.316,3820.328639080082,400.402,4515.567873,81.16666667,39.87096774,-0.429360049,3.553,0,1.9,3.675,28.4,299.5,76.14285714,5009
2025-05-06,64.09272727,41.43,0.0,0.0,338.87,3812.495271533787,397.881,4515.567873,80.45833333,39.83870968,-0.429360049,3.533,0,1.6,3.713,28.1,299.5,76.28571429,5202
2025-05-07,64.09272727,41.34,0.0,0.0,340.547,3820.328639080082,396.233,4515.567873,87.0,39.80645161,-0.429360049,3.497,0,20.3,3.63,26.5,299.35,76.42857143,5742
2025-05-08,64.09272727,41.3,0.0,0.0,338.371,3812.495271533787,397.635,4515.567873,82.375,39.77419355,-0.429360049,3.499,0,4.1,3.622,27.3,299.1,76.57142857,5833
2025-05-09,64.09272727,41.49,0.0,0.0,335.83,3812.495271533787,393.765,4515.567873,80.875,39.74193548,-0.429360049,3.521,0,0.3,3.69,28.1,298.85,76.71428571,5352
2025-05-10,64.09272727,41.49,0.0,0.0,335.83,3872.3038860037173,393.765,4515.567873,80.5,39.70967742,-0.429360049,3.521,0,1.7,3.69,28.6,298.85,76.85714286,5418
2025-05-11,64.09272727,41.49,0.0,0.0,335.83,3872.3038860037173,393.765,4515.567873,77.16666667,39.67741935,-0.429360049,3.521,0,1.2,3.69,28.7,298.85,77.0,5639
2025-05-12,64.09272727,41.47,0.0,0.0,336.147,3820.328639080082,397.695,4515.567873,80.20833333,39.64516129,-0.429360049,3.505,0,4.6,3.743,28.2,298.85,75.0,6310
2025-05-13,64.09272727,41.43,0.0,0.0,331.35,3792.9176458359616,396.1,4515.567873,82.66666667,39.61290323,-0.429360049,3.497,0,7.9,3.716,27.9,298.85,73.0,5733
2025-05-14,64.09272727,41.42,0.0,0.0,334.279,3812.495271533787,397.035,4515.567873,84.25,39.58064516,-0.429360049,3.489,0,10.8,3.731,27.9,298.65,71.0,4377
2025-05-15,64.09272727,41.49,0.0,0.0,333.742,3792.9176458359616,397.107,4515.567873,81.375,39.5483871,-0.429360049,3.499,0,2.6,3.693,28.2,298.5,69.0,4408
2025-05-16,64.09272727,41.58,0.0,0.0,333.992,3820.328639080082,400.845,4515.567873,79.20833333,39.51612903,-0.429360049,3.513,0,7.0,3.715,28.5,299.15,67.0,4227
2025-05-17,64.09272727,41.58,0.0,0.0,333.992,3820.328639080082,400.845,4515.567873,81.70833333,39.48387097,-0.429360049,3.513,0,8.3,3.715,27.5,299.15,65.0,4138
2025-05-18,64.09272727,41.58,0.0,0.0,333.992,3872.3038860037173,400.845,4515.567873,89.125,39.4516129,-0.429360049,3.513,0,13.7,3.715,26.4,299.15,63.0,3820
2025-05-19,64.09272727,41.6,0.0,0.0,333.956,3820.328639080082,402.274,4515.567873,86.875,39.41935484,-0.429360049,3.511,0,18.4,3.725,26.6,300.0,62.85714286,3620
2025-05-20,64.09272727,41.59,0.0,0.0,337.305,3792.9176458359616,401.996,4515.567873,80.375,39.38709677,-0.429360049,3.499,0,10.0,3.756,27.9,300.35,62.71428571,3643
2025-05-21,64.09272727,41.55,0.0,0.0,338.885,3812.495271533787,401.665,4515.567873,82.375,39.35483871,-0.429360049,3.481,0,8.5,3.757,27.7,299.55,62.57142857,3523
2025-05-22,64.09272727,41.7,0.0,0.0,339.42,3792.9176458359616,405.313,4515.567873,85.875,39.32258065,-0.429360049,3.514,0,18.9,3.766,27.9,299.325,62.42857143,3181
2025-05-23,64.09272727,41.7,0.0,0.0,337.654,3827.647388880934,406.498,4515.567873,85.08333333,39.29032258,-0.429360049,3.522,0,7.7,3.758,27.9,299.4,62.28571429,3056
2025-05-24,64.09272727,41.7,0.0,0.0,337.654,3820.328639080082,406.498,4515.567873,86.375,39.25806452,-0.429360049,3.522,0,33.1,3.758,27.0,299.4,62.14285714,3087
2025-05-25,64.09272727,41.7,0.0,0.0,337.654,3827.647388880934,406.498,4515.567873,84.20833333,39.22580645,-0.429360049,3.522,0,5.8,3.758,27.8,299.4,62.0,3053
2025-05-26,64.09272727,41.64,0.0,0.0,340.268,3820.328639080082,404.67,4515.567873,85.25,39.19354839,-0.429360049,3.511,0,13.3,3.733,27.6,299.7,62.57142857,3090
2025-05-27,64.09272727,41.62,0.0,0.0,341.298,3812.495271533787,403.299,4515.567873,84.75,39.16129032,-0.429360049,3.506,0,7.4,3.749,27.6,299.6,63.14285714,3131
2025-05-28,64.09272727,41.65,0.0,0.0,339.417,3792.9176458359616,403.756,4515.567873,80.70833333,39.12903226,-0.429360049,3.504,0,3.4,3.892,28.6,299.45,63.71428571,2888
2025-05-29,64.09272727,41.59,0.0,0.0,338.169,3792.9176458359616,403.075,4515.567873,80.5,39.09677419,-0.429360049,3.501,0,11.9,3.864,28.3,299.3,64.28571429,2986
2025-05-30,64.09272727,41.6,0.0,0.0,340.364,3872.3038860037173,405.643,4515.567873,85.20833333,39.06451613,-0.429360049,3.509,0,17.7,3.779,26.9,299.45,64.85714286,3344
2025-05-31,64.09272727,41.6,0.0,0.0,340.364,3872.3038860037173,405.643,4515.567873,83.70833333,39.03225806,-0.429360049,3.509,0,14.3,3.779,27.5,299.45,65.42857143,3499
2025-06-01,69.84666667,41.6,0.0,0.0,340.364,3820.328639080082,405.643,4515.567873,82.625,39.0,-0.429360049,3.509,0,3.9,3.779,28.3,299.45,66.0,4528
2025-06-02,69.84666667,41.65,0.0,0.0,339.816,3827.647388880934,404.647,4515.567873,83.95833333,38.9,-0.429360049,3.493,0,7.3,3.791,27.7,299.5,66.71428571,4491
2025-06-03,69.84666667,41.66,0.0,0.0,342.688,3827.647388880934,405.672,4515.567873,81.625,38.8,-0.429360049,3.485,0,2.9,3.777,28.2,299.35,67.42857143,4865
2025-06-04,69.84666667,41.69,0.0,0.0,340.391,3872.3038860037173,405.962,4515.567873,88.0,38.7,-0.429360049,3.485,0,6.9,3.873,27.1,299.3,68.14285714,4468
2025-06-05,69.84666667,41.6,0.0,0.0,341.726,3812.495271533787,404.465,4515.567873,84.66666667,38.6,-0.429360049,3.486,0,4.8,3.793,27.7,299.15,68.85714286,4973
2025-06-06,69.84666667,41.64,0.0,0.0,342.377,3820.328639080082,405.213,4515.567873,81.79166667,38.5,-0.429360049,3.491,0,3.3,3.786,27.9,299.05,69.57142857,5349
2025-06-07,69.84666667,41.64,0.0,0.0,342.377,3812.495271533787,405.213,4515.567873,78.75,38.4,-0.429360049,3.491,0,2.0,3.786,27.9,299.05,70.28571429,7421
2025-06-08,69.84666667,41.64,0.0,0.0,342.377,3820.328639080082,405.213,4515.567873,78.08333333,38.3,-0.429360049,3.491,0,1.5,3.786,28.1,299.05,71.0,6066
2025-06-09,69.84666667,41.61,0.0,0.0,340.768,3792.9176458359616,403.658,4515.567873,76.25,38.2,-0.429360049,3.494,0,2.8,3.811,28.3,299.05,70.0,5868
2025-06-10,69.84666667,41.56,0.0,0.0,341.575,3827.647388880934,404.924,4515.567873,88.95833333,38.1,-0.429360049,3.498,0,21.1,3.76,26.3,299.05,69.0,7111
2025-06-11,69.84666667,41.69,0.0,0.0,341.665,3820.328639080082,407.112,4515.567873,87.33333333,38.0,-0.429360049,3.494,0,40.7,3.738,26.2,298.925,68.0,5847
2025-06-12,69.84666667,41.75,0.0,0.0,343.39,3812.495271533787,406.761,4515.567873,82.875,37.9,-0.429360049,3.482,0,13.3,3.762,26.9,299.05,67.0,5756
2025-06-13,69.84666667,41.9,0.0,0.0,346.45,3792.9176458359616,408.464,4515.567873,85.625,37.8,-0.429360049,3.505,0,24.5,3.826,26.7,299.85,66.0,5232
2025-06-14,69.84666667,41.9,0.0,0.0,346.45,3820.328639080082,408.464,4515.567873,88.70833333,37.7,-0.429360049,3.505,0,29.8,3.826,26.0,299.85,65.0,5063
2025-06-15,69.84666667,41.9,0.0,0.0,346.45,3872.3038860037173,408.464,4515.567873,86.41666667,37.6,-0.429360049,3.505,0,16.5,3.826,26.1,299.85,64.0,5123
2025-06-16,69.84666667,41.86,0.0,0.0,346.402,3827.647388880934,403.847,4515.567873,85.125,37.5,-0.429360049,3.484,0,27.1,3.831,26.5,300.85,64.42857143,4738
2025-06-17,69.84666667,41.8,0.0,0.0,347.843,3820.328639080082,403.317,4515.567873,85.95833333,37.4,-0.429360049,3.477,0,10.0,3.828,26.8,300.75,64.85714286,4463
2025-06-18,69.84666667,41.82,0.0,0.0,345.276,3827.647388880934,404.901,4515.567873,83.66666667,37.3,-0.429360049,3.462,0,1.3,3.836,27.5,300.5,65.28571429,4173
2025-06-19,69.84666667,41.85,0.0,0.0,345.004,3827.647388880934,404.173,4515.567873,84.54166667,37.2,-0.429360049,3.471,0,3.2,3.828,27.4,300.65,65.71428571,3944
2025-06-20,69.84666667,41.95,0.0,0.0,345.597,3820.328639080082,407.324,4515.567873,85.16666667,37.1,-0.429360049,3.479,0,5.9,3.837,27.0,300.5,66.14285714,3759
2025-06-21,69.84666667,41.95,0.0,0.0,345.597,3792.9176458359616,407.324,4515.567873,85.08333333,37.0,-0.429360049,3.479,0,6.0,3.837,27.1,300.5,66.57142857,3634
2025-06-22,69.84666667,41.95,0.0,0.0,345.597,3827.647388880934,407.324,4515.567873,82.08333333,36.9,-0.429360049,3.479,0,5.1,3.837,27.5,300.5,67.0,3658
2025-06-23,69.84666667,41.89,0.0,0.0,346.251,3827.647388880934,409.078,4515.567873,86.41666667,36.8,-0.429360049,3.496,0,4.8,3.834,27.1,301.175,68.0,3343
2025-06-24,69.84666667,41.82,0.0,0.0,348.671,3872.3038860037173,410.14,4515.567873,82.29166667,36.7,-0.429360049,3.489,0,2.8,3.836,27.8,300.45,69.0,3452
2025-06-25,69.84666667,41.85,0.0,0.0,348.808,3820.328639080082,411.817,4515.567873,83.70833333,36.6,-0.429360049,3.503,0,6.8,3.809,27.3,300.15,70.0,3486
2025-06-26,69.84666667,41.81,0.0,0.0,349.96,3812.495271533787,411.26,4515.567873,89.25,36.5,-0.429360049,3.509,0,20.7,3.82,26.0,299.95,71.0,3367
2025-06-27,69.84666667,41.88,0.0,0.0,350.957,3792.9176458359616,412.05,4515.567873,87.16666667,36.4,-0.429360049,3.501,0,7.2,3.836,26.8,299.85,72.0,3282
2025-06-28,69.84666667,41.88,0.0,0.0,350.957,3872.3038860037173,412.05,4515.567873,88.875,36.3,-0.429360049,3.501,0,14.2,3.836,26.1,299.85,73.0,3472
2025-06-29,69.84666667,41.88,0.0,0.0,350.957,3827.647388880934,412.05,4515.567873,84.875,36.2,-0.429360049,3.501,0,6.0,3.836,27.1,299.85,74.0,3591
2025-06-30,69.84666667,41.86,0.0,0.0,351.424,3827.647388880934,412.327,4515.567873,81.875,36.1,-0.429360049,3.503,0,0.8,3.821,27.9,300.0,74.42857143,3718
2025-07-01,69.84666667,41.86,0.0,0.0,353.625,3827.647388880934,409.023,4515.567873,78.625,36.0,-0.429360049,3.503,0,2.0,3.8,27.9,299.95,74.85714286,5571
2025-07-02,69.84666667,41.84,0.0,0.0,354.136,3792.9176458359616,409.563,4515.567873,81.95833333,36.16129032,-0.429360049,3.511,0,1.9,3.793,27.7,299.925,75.28571429,5559
2025-07-03,69.84666667,41.87,0.0,0.0,353.867,3812.495271533787,409.639,4515.567873,86.16666667,36.32258065,-0.429360049,3.509,0,10.8,3.81,27.0,299.925,75.71428571,5433
2025-07-04,69.84666667,41.99,0.0,0.0,352.607,3792.9176458359616,409.685,4515.567873,84.29166667,36.48387097,-0.429360049,3.513,0,1.2,3.828,27.5,300.025,76.14285714,5464
2025-07-05,69.84666667,41.99,0.0,0.0,352.607,5905.93793554007,409.685,4515.567873,82.79166667,36.64516129,-0.429360049,3.513,0,2.1,3.828,28.0,300.025,76.57142857,7499
2025-07-06,69.84666667,41.99,0.0,0.0,352.607,5905.93793554007,409.685,4515.567873,80.5,36.80645161,-0.429360049,3.513,0,5.5,3.828,27.6,300.025,77.0,8369
2025-07-07,69.84666667,41.9,0.0,0.0,353.4,5781.43793554007,408.591,4515.567873,75.25,36.96774194,-0.429360049,3.505,0,1.4,3.829,28.5,301.25,76.42857143,9070
2025-07-08,69.84666667,41.84,0.0,0.0,352.719,5817.412174625948,408.199,4515.567873,76.45833333,37.12903226,-0.429360049,3.506,0,0.4,3.843,28.6,300.6,75.85714286,9225
2025-07-09,69.84666667,41.87,0.0,0.0,352.453,5781.43793554007,407.838,4515.567873,77.08333333,37.29032258,-0.429360049,3.503,0,3.5,3.874,28.5,300.4,75.28571429,9000
2025-07-10,69.84666667,41.94,0.0,0.0,352.099,5817.412174625948,405.893,4515.567873,82.45833333,37.4516129,-0.429360049,3.503,1,4.1,3.857,27.8,300.4,74.71428571,11156
2025-07-11,69.84666667,41.98,0.0,0.0,351.483,5905.93793554007,404.049,4515.567873,75.79166667,37.61290323,-0.429360049,3.498,0,2.1,3.853,28.3,300.65,74.14285714,8914
2025-07-12,69.84666667,41.98,0.0,0.0,351.483,5781.43793554007,404.049,4515.567873,78.41666667,37.77419355,-0.429360049,3.498,0,6.1,3.853,28.1,300.65,73.57142857,8704
2025-07-13,69.84666667,41.98,0.0,0.0,351.483,6142.3892760356175,404.049,4515.567873,79.45833333,37.93548387,-0.429360049,3.498,0,12.4,3.853,28.0,300.65,73.0,8714
2025-07-14,69.84666667,41.95,0.0,0.0,351.46,3820.328639080082,402.743,4515.567873,84.79166667,38.09677419,-0.429360049,3.5,0,24.3,3.854,27.0,300.9,73.71428571,5991
2025-07-15,69.84666667,41.99,0.0,0.0,350.985,3812.495271533787,404.621,4515.567873,82.04166667,38.25806452,-0.429360049,3.51,0,2.5,3.847,27.4,300.925,74.42857143,5979
2025-07-16,69.84666667,41.96,0.0,0.0,349.103,3827.647388880934,404.426,4515.567873,86.25,38.41935484,-0.429360049,3.504,0,44.3,3.862,26.7,301.45,75.14285714,5536
2025-07-17,69.84666667,42.02,0.0,0.0,350.737,3792.9176458359616,404.468,4515.567873,80.125,38.58064516,-0.429360049,3.502,0,3.6,3.832,27.5,301.45,75.85714286,5724
2025-07-18,69.84666667,42.05,0.0,0.0,349.562,3792.9176458359616,407.121,4515.567873,84.08333333,38.74193548,-0.429360049,3.501,0,9.4,3.859,27.1,301.65,76.57142857,5044
2025-07-19,69.84666667,42.05,0.0,0.0,349.562,3820.328639080082,407.121,4515.567873,84.79166667,38.90322581,-0.429360049,3.501,0,11.7,3.859,26.6,301.65,77.28571429,5065
2025-07-20,69.84666667,42.05,0.0,0.0,349.562,3792.9176458359616,407.121,4515.567873,85.79166667,39.06451613,-0.429360049,3.501,0,14.3,3.859,26.1,301.65,78.0,4983
2025-07-21,69.84666667,42.06,0.0,0.0,350.699,3792.9176458359616,408.358,4515.567873,87.83333333,39.22580645,-0.429360049,3.496,0,22.4,3.844,25.8,301.75,78.85714286,4774
2025-07-22,69.84666667,42.14,0.0,0.0,352.912,3827.647388880934,409.754,4515.567873,87.125,39.38709677,-0.429360049,3.493,0,19.3,3.848,26.2,301.75,79.71428571,4765
2025-07-23,69.84666667,42.18,0.0,0.0,354.692,3812.495271533787,407.698,4515.567873,86.08333333,39.5483871,-0.429360049,3.494,0,10.8,3.808,26.2,301.7,80.57142857,4990
2025-07-24,69.84666667,42.11,0.0,0.0,355.161,3812.495271533787,405.641,4515.567873,85.33333333,39.70967742,-0.429360049,3.49,0,12.7,3.801,26.3,301.775,81.42857143,4899
2025-07-25,69.84666667,42.07,0.0,0.0,354.541,3792.9176458359616,403.315,4515.567873,86.29166667,39.87096774,-0.429360049,3.483,0,4.1,3.712,26.3,301.85,82.28571429,4963
2025-07-26,69.84666667,42.07,0.0,0.0,354.541,3872.3038860037173,403.315,4515.567873,86.16666667,40.03225806,-0.429360049,3.483,0,25.9,3.712,26.0,301.85,83.14285714,5241
2025-07-27,69.84666667,42.07,0.0,0.0,354.541,3792.9176458359616,403.315,4515.567873,85.83333333,40.19354839,-0.429360049,3.483,0,0.3,3.712,26.4,301.85,84.0,5195
2025-07-28,69.84666667,42.09,0.0,0.0,354.432,3827.647388880934,403.349,4515.567873,86.16666667,40.35483871,-0.429360049,3.468,0,0.6,3.725,26.9,301.95,84.42857143,5038
2025-07-29,69.84666667,42.0,0.0,0.0,349.93,3812.495271533787,400.02,4515.567873,84.29166667,40.51612903,-0.429360049,3.446,0,0.1,3.73,27.0,302.1,84.85714286,5014
2025-07-30,69.84666667,41.98,0.0,0.0,348.804,5809.00024029797,399.182,4515.567873,85.91666667,40.67741935,-0.429360049,3.453,0,0.0,3.727,26.8,302.175,85.28571429,7522
2025-07-31,69.84666667,41.77,0.0,0.0,344.646,5631.45862369338,400.011,4515.567873,85.54166667,40.83870968,-0.429360049,3.453,0,2.3,3.765,27.0,302.25,85.71428571,6843
2025-08-01,69.84666667,41.92,0.0,0.0,345.034,5953.178820308612,399.746,4515.567873,87.20833333,41.0,-0.429360049,3.432,0,6.8,3.77,26.9,301.225,86.14285714,5910
2025-08-02,69.84666667,41.92,0.0,0.0,345.034,5631.45862369338,399.746,4515.567873,86.41666667,40.96774194,-0.429360049,3.432,0,6.6,3.77,26.5,301.225,86.57142857,6118
2025-08-03,69.84666667,41.92,0.0,0.0,345.034,5803.107391737183,399.746,4515.567873,88.79166667,40.93548387,-0.429360049,3.432,0,16.8,3.77,25.9,301.225,87.0,6520
2025-08-04,69.84666667,41.86,0.0,0.0,348.984,5631.45862369338,400.013,4515.567873,84.375,40.90322581,-0.429360049,3.424,0,3.3,3.759,26.6,300.9,87.28571429,6923
2025-08-05,69.84666667,41.87,0.0,0.0,348.171,5803.107391737183,401.712,4515.567873,84.91666667,40.87096774,-0.429360049,3.428,0,9.4,3.759,26.3,300.75,87.57142857,7542
2025-08-06,69.84666667,41.87,0.0,0.0,348.133,5803.107391737183,404.216,4515.567873,84.66666667,40.83870968,-0.429360049,3.439,0,1.2,3.794,26.6,300.75,87.85714286,7666
2025-08-07,69.84666667,41.86,0.0,0.0,350.66,5631.45862369338,404.457,4515.567873,85.25,40.80645161,-0.429360049,3.437,0,3.3,3.759,26.7,300.7,88.14285714,7868
2025-08-08,69.84666667,41.84,0.0,0.0,350.782,5631.45862369338,404.049,4515.567873,83.20833333,40.77419355,-0.429360049,3.432,0,2.6,3.784,26.9,300.7,88.42857143,10049
2025-08-09,69.84666667,41.84,0.0,0.0,350.782,3862.6006968641113,404.049,4515.567873,83.875,40.74193548,-0.429360049,3.432,0,0.7,3.784,26.7,300.7,88.71428571,6059
2025-08-10,69.84666667,41.84,0.0,0.0,350.782,5526.095404015265,404.049,4515.567873,81.29166667,40.70967742,-0.429360049,3.432,0,3.1,3.784,26.9,300.7,89.0,8426
2025-08-11,69.84666667,41.93,0.0,0.0,350.015,5447.414804113198,406.369,4515.567873,87.54166667,40.67741935,-0.429360049,3.436,0,8.8,3.789,25.6,300.8,87.42857143,7778
2025-08-12,69.84666667,41.93,0.0,0.0,349.395,5447.414804113198,408.419,4515.567873,83.66666667,40.64516129,-0.429360049,3.44,0,5.1,3.787,26.4,301.025,85.85714286,7707
2025-08-13,69.84666667,41.93,0.0,0.0,351.402,5522.324512665977,407.46,4515.567873,84.375,40.61290323,-0.429360049,3.433,0,4.9,3.775,26.5,300.85,84.28571429,7579
2025-08-14,69.84666667,41.91,0.0,0.0,352.175,5460.820691503619,407.971,4515.567873,84.625,40.58064516,-0.429360049,3.44,0,5.9,3.756,26.4,301.075,82.71428571,7153
2025-08-15,69.84666667,41.91,0.0,0.0,350.693,5447.414804113198,406.606,4515.567873,82.04166667,40.5483871,-0.429360049,3.449,0,3.5,3.752,26.5,301.03,81.14285714,7172
2025-08-16,69.84666667,41.91,0.0,0.0,350.693,5460.820691503619,406.606,4515.567873,80.08333333,40.51612903,-0.429360049,3.449,0,5.2,3.752,26.9,301.03,79.57142857,6845
2025-08-17,69.84666667,41.91,0.0,0.0,350.693,5526.095404015265,406.606,4515.567873,84.58333333,40.48387097,-0.429360049,3.449,0,8.7,3.752,26.8,301.03,78.0,6425
2025-08-18,69.84666667,41.96,0.0,0.0,352.145,5472.61556329849,406.585,4515.567873,85.5,40.4516129,-0.429360049,3.461,0,3.0,3.731,26.8,301.1,78.0,6124
2025-08-19,69.84666667,42.05,0.0,0.0,351.097,5472.61556329849,406.08,4515.567873,84.0,40.41935484,-0.429360049,3.468,0,0.1,3.749,27.2,301.375,78.0,5834
2025-08-20,69.84666667,42.04,0.0,0.0,351.027,5460.820691503619,404.924,4515.567873,86.08333333,40.38709677,-0.429360049,3.459,0,0.5,3.747,26.9,301.75,78.0,5411
2025-08-21,69.84666667,42.13,0.0,0.0,351.584,5460.820691503619,408.366,4515.567873,83.83333333,40.35483871,-0.429360049,3.457,0,0.1,3.748,27.1,301.9,78.0,5310
2025-08-22,69.84666667,42.25,0.0,0.0,350.37,5522.324512665977,406.543,4515.567873,84.125,40.32258065,-0.429360049,3.449,0,2.9,3.744,27.0,301.9,78.0,5144
2025-08-23,69.84666667,42.25,0.0,0.0,350.37,5460.820691503619,406.543,4515.567873,85.16666667,40.29032258,-0.429360049,3.449,0,5.7,3.744,26.5,301.9,78.0,4962
2025-08-24,69.84666667,42.25,0.0,0.0,350.37,5472.61556329849,406.543,4515.567873,81.875,40.25806452,-0.429360049,3.449,0,0.6,3.744,27.4,301.9,78.0,5050
2025-08-25,69.84666667,42.26,0.0,0.0,353.721,5472.61556329849,407.448,4515.567873,79.25,40.22580645,-0.429360049,3.449,0,0.3,3.755,27.7,302.15,77.85714286,5148
2025-08-26,69.84666667,42.26,0.0,0.0,351.053,5460.820691503619,408.131,4515.567873,74.54166667,40.19354839,-0.429360049,3.449,0,2.4,3.763,27.9,302.25,77.71428571,5163
2025-08-27,69.84666667,42.4,0.0,0.0,351.88,5522.324512665977,408.566,4515.567873,77.5,40.16129032,-0.429360049,3.452,0,3.1,3.765,27.3,302.375,77.57142857,5389
2025-08-28,69.84666667,42.36,0.0,0.0,351.92,5522.324512665977,407.904,4515.567873,82.41666667,40.12903226,-0.429360049,3.426,0,9.7,3.78,26.8,302.35,77.42857143,5050
2025-08-29,69.84666667,42.3,0.0,0.0,353.221,5447.414804113198,409.006,4515.567873,84.375,40.09677419,-0.429360049,3.431,0,21.3,3.748,26.7,302.05,77.28571429,5149
2025-08-30,69.84666667,42.3,0.0,0.0,353.221,5522.324512665977,409.006,4515.567873,85.75,40.06451613,-0.429360049,3.431,0,18.6,3.748,26.3,302.05,77.14285714,5377
2025-08-31,69.84666667,42.3,0.0,0.0,353.221,5460.820691503619,409.006,4515.567873,84.875,40.03225806,-0.429360049,3.431,0,8.4,3.748,26.9,302.05,77.0,5384
2025-09-01,69.84666667,42.32,0.0,0.0,352.976,4063.0839140534263,404.73,4515.567873,83.79166667,40.0,-0.429360049,3.434,0,8.3,3.751,27.0,301.95,76.57142857,4651
2025-09-02,69.84666667,42.29,0.0,0.0,353.614,4045.8339140534263,406.107,4515.567873,82.54166667,40.0,-0.429360049,3.43,0,1.9,3.729,27.3,302.15,76.14285714,4858
2025-09-03,69.84666667,42.28,0.0,0.0,351.732,4011.250580720093,405.625,4515.567873,80.0,40.0,-0.429360049,3.424,0,6.4,3.714,27.0,302.05,75.71428571,5273
2025-09-04,69.84666667,42.33,0.0,0.0,352.236,5472.61556329849,407.92,4515.567873,83.375,40.0,-0.429360049,3.424,0,1.9,3.716,26.7,301.95,75.28571429,6933
2025-09-05,69.84666667,42.33,0.0,0.0,351.727,5460.820691503619,407.421,4515.567873,82.54166667,40.0,-0.429360049,3.424,0,3.9,3.716,27.0,301.95,74.85714286,8686
2025-09-06,69.84666667,42.33,0.0,0.0,351.727,5522.324512665977,407.421,4515.567873,83.125,40.0,-0.429360049,3.424,0,4.3,3.716,27.1,301.95,74.42857143,7394
2025-09-07,69.84666667,42.33,0.0,0.0,351.727,5472.61556329849,407.421,4515.567873,83.125,40.0,-0.429360049,3.424,0,4.3,3.716,27.1,301.95,74.0,9832
2025-09-08,69.84666667,42.35,0.0,0.0,353.855,5522.324512665977,408.478,4515.567873,83.125,40.0,-0.429360049,3.43,0,4.3,3.64,27.1,301.95,73.0,8429
2025-09-09,69.84666667,42.35,0.0,0.0,353.855,3820.328639080082,408.478,4515.567873,83.125,40.0,-0.429360049,3.43,0,4.3,3.64,27.1,301.95,72.0,6161
2025-09-10,69.84666667,42.35,0.0,0.0,353.855,3812.495271533787,408.478,4515.567873,83.125,40.0,-0.429360049,3.43,0,4.3,3.64,27.1,301.95,71.0,6203
2025-09-11,69.84666667,42.35,0.0,0.0,353.855,3820.328639080082,408.478,4515.567873,83.125,40.0,-0.429360049,3.43,0,4.3,3.64,27.1,301.95,70.0,6070
2025-09-12,69.84666667,42.35,0.0,0.0,353.855,3820.328639080082,408.478,4515.567873,83.125,40.0,-0.429360049,3.43,0,4.3,3.64,27.1,301.95,69.0,5796
2025-09-13,69.84666667,42.35,0.0,0.0,353.855,3820.328639080082,408.478,4515.567873,83.125,40.0,-0.429360049,3.43,0,4.3,3.64,27.1,301.95,68.0,5676
2025-09-14,69.84666667,42.35,0.0,0.0,353.855,3820.328639080082,408.478,4515.567873,83.125,40.0,-0.429360049,3.43,0,4.3,3.64,27.1,301.95,67.0,5506
2025-09-15,69.84666667,42.35,0.0,0.0,353.855,3820.328639080082,408.478,4515.567873,83.125,40.0,-0.429360049,3.43,0,4.3,3.64,27.1,301.95,67.28571429,5224
2025-09-16,69.84666667,42.35,0.0,0.0,353.855,3827.647388880934,408.478,4515.567873,83.125,40.0,-0.429360049,3.43,0,4.3,3.64,27.1,301.95,67.57142857,5068
2025-09-17,69.84666667,42.35,0.0,0.0,353.855,3827.647388880934,408.478,4515.567873,83.125,40.0,-0.429360049,3.43,0,4.3,3.64,27.1,301.95,67.85714286,4900
2025-09-18,69.84666667,42.35,0.0,0.0,353.855,3872.3038860037173,408.478,4515.567873,83.125,40.0,-0.429360049,3.43,0,4.3,3.64,27.1,301.95,68.14285714,4674
